Product,Unit_Price,Quantity,Total_Amount,Date
فاتيكا كريم شعر 125 مل,55,1,55,20260503
هير ميست,65,1,65,20260503
عدسات فريش ليدي,110,1,110,20260503
روز بيري كريم اساس,220,1,220,20260503
ديرما رول,75,1,75,20260503
ملقاط ذهبي,30,1,30,20260503
روز جولد ليب بالم,45,1,45,20260503
ريكسونا اسبراي 150 مل,155,1,155,20260503
كيالي برفان 100 مل,350,1,350,20260503
استك الوان ليكرا كبير 3 على كارت,20,1,20,20260503
نانا دابل فيس حجاب,25,1,25,20260502
مغناطيس حجاب (قطعة),30,4,120,20260502
كوليه فصوص دورين استانليس,120,1,120,20260502
قطعة مولفيكس مقاس (3),7.5,10,75,20260502
دوف مزيل عرق رول اون 50 مل,95,1,95,20260502
خاتم (حرف صغير + اشكال) استانليس,50,1,50,20260502
ميدالية نجمة البحر,65,1,65,20260502
ديرماتيك تونر 150 مل,160,1,160,20260502
ساندرا ليب جلوس شفاف,45,1,45,20260502
عدسات فريش ليدي,63,50,3150,20260502
خاتم ستانلس,55,1,55,20260502
توكة وردة تريندي,25,1,25,20260502
فريدا معطر جو,60,1,60,20260502
انفنيتي رول اون 80 مل,120,1,120,20260502
روج ستيك روز جولد 180,65,1,65,20260502
مويست ميلكي غسول بخاخ 200 مل,175,1,175,20260501
سيرم بلوب صغير,140,1,140,20260501
سيفورا كحل,65,1,65,20260501
لونا ليب ثيرابي 10جرام,45,1,45,20260501
فلورمار قلم حواجب بني,30,1,30,20260501
برفان 60 مل,60,1,60,20260501
بونابيلا كريم تصفيف شعر200 جرام,150,1,150,20260501
كلاري ليف ان كريم شعر 300 جرام,270,1,270,20260501
كلبس تيكتاك اشكال ملون,10,1,10,20260501
ار كيو برفان 30 مل,95,2,190,20260501
بكر شعر 10 قطعة,45,1,45,20260501
ار كيو برفان رول اون 10 مل,45,1,45,20260501
كير مناديل مبللة 120 قطعة,40,1,40,20260430
سترس وجه و اظافر (كارت),20,1,20,20260430
كوليه فصوص دورين استانليس,120,1,120,20260430
ار كيو برفان 30 مل,95,1,95,20260430
ايسنس مسكرة شفافة,50,1,50,20260430
الفارس زيت ورد 125 مل,45,1,45,20260430
سي ليت رول اون 50 مل,110,1,110,20260430
فرشاة  مسكرة,5,1,5,20260430
فرشاة  مسكرة,5,1,5,20260430
علبة دبوس طرحة بيضاوية كبيرة,10,1,10,20260430
قطعة فيك بيرسنج,10,2,20,20260430
ليفين مرطب للبشرة 5 مل,5,1,5,20260430
باودر باف 6 قطع,35,1,35,20260430
طوق لولي الوان,25,1,25,20260430
قطعة كلبس فيونكة كشمير * ابيض,15,1,15,20260430
كلبس فيونكة الوان صغير 2 على كارت,20,3,60,20260430
ميني بيوتي بلندر 4 قطع,20,1,20,20260430
انيزيو شامبو ضد القشرة 250 مل,260,1,260,20260430
العراب ماء ورد 250 مل,25,1,25,20260430
حرير سويت,25,1,25,20260430
مسك طهارة حامل المسك,45,1,45,20260430
بريتي وومن مناديل ازالة مكياج,5,5,25,20260430
الصاروخ لاصق اظافر,10,1,10,20260430
بيوتي بلندر,15,1,15,20260430
كحل بنجور ماتيك,20,1,20,20260430
افوفا شفرات حريمي (كيس اخضر) 4 + 1,75,1,75,20260429
دودج ليف ان كريم  450 جم,90,1,90,20260429
بدي ليشيوس رول اون,60,1,60,20260429
بدي ليشيوس رول اون,60,1,60,20260429
مسك طهارة حامل المسك,33,3,99,20260429
جلوري حنة أكياس,45,6,270,20260429
ازها رول اون 60 مل,160,1,160,20260429
ازها رول اون 60 مل,90,2,180,20260429
استك 551-31,25,1,25,20260429
وايت مناديل سحب,30,1,30,20260429
انيزيو شامبو ضد القشرة 250 مل,182,2,364,20260429
انيزيو غسول جل للوجه 200 مل,192.5,2,385,20260429
سجدة توكة ستان,25,1,25,20260429
فاتيكا حنة,40,4,160,20260429
ميني بيوتي بلندر 4 قطع,20,1,20,20260429
FOR EVER اظافر يد (شريط),26.667,12,320,20260429
فرشاة  مسكرة,5,1,5,20260429
ار كيو برفان 30 مل,65,5,325,20260429
ار كيو برفان رول اون 10 مل,27.5,6,165,20260429
منقار تيوليب شيفون,40,1,40,20260428
نانا دابل فيس حجاب,25,1,25,20260428
طقم غويشة كارتير بومبيه 6 * 1 استانليس(قطعة),21.666,1,21.67,20260428
طقم غويشة كارتير بومبيه 6 * 1 استانليس(قطعة),35,1,35,20260428
مغناطيس حجاب (قطعة),30,1,30,20260428
استك ليكرا كبير قلوب 3 على كارت,25,1,25,20260428
اسورة مسمار سترس استانليس,130,1,130,20260428
ار كيو برفان 30 مل,90,2,180,20260428
دوف صابونة 90 جرام,40,1,40,20260428
دوف شامبو 180 مل,85,1,85,20260428
شراب حريمي طويل,25,1,25,20260428
شراب فوال سادة,20,1,20,20260428
خاتم اطفال (علبة قلب),10,1,10,20260428
روز بيري تنت جيلي,90,1,90,20260428
ايفا سيرم بالهيالورونيك اسيد 30 مل,210,1,210,20260428
اليس ليفة مغربية,45,1,45,20260428
ام ان مسكرة حواجب,75,1,75,20260428
كيسيم اسبراي 75 مل,40,1,40,20260428
كشمير رول اون 10 مل,40,1,40,20260428
كيسيم اسبراي اماراتي  150 مل,80,1,80,20260428
بيك اسبراي 200 مل,150,1,150,20260428
ايفا بدي سكراب 250 جرام,110,1,110,20260428
استك مجموعات صغير 24 قطعة,25,1,25,20260428
خاتم ستانلس,55,1,55,20260428
بوبانا غسول عرض 2*1 (150 مل + 50 مل),85,1,85,20260428
طقم فوارغ 5*1,55,1,55,20260428
بونابيلا حمام كريم كيس,25,2,50,20260428
كير اند مور بدي لوشن  150مل,75,1,75,20260428
ستارفيل صابونة تفتيح 90 جرام,50,1,50,20260428
فلومار اكلادور 16 مل,25,2,50,20260428
العراب ماء ورد 250 مل,25,1,25,20260427
اليس ليفة مغربية,45,1,45,20260427
ميني بيوتي بلندر 4 قطع,20,1,20,20260427
علبة دبوس طرحة بيضاوية كبيرة,10,1,10,20260427
مخمرية روائح متنوعة,40,1,40,20260427
كلير شامبو ضد القشرة 180 مل,85,1,85,20260427
ايسنس مسكرة شفافة,50,1,50,20260427
ار كيو برفان 30 مل,90,1,90,20260427
سكراب النيلة الزرقاء المغربي,40,1,40,20260426
مناديل جيب مبللة,10,1,10,20260426
فاتيكا شامبو 360 مل,75,1,75,20260425
تيترا جلو صن سكرين لوشن 50 مل,225,1,225,20260425
ليب بالم تاناكو كوري,25,1,25,20260425
سلسلة mka,35,1,35,20260425
ايفا كريم مرطب 50 جم,30,1,30,20260425
ايفا بدي سبلاش 240 مل,200,1,200,20260425
ايفا كريم مرطب 20 جرام,15,1,15,20260425
قطعة مبرد اظافر خشب صغير,5,1,5,20260425
شراب حريمي طويل,25,1,25,20260425
فرشاة  مسكرة,5,1,5,20260425
سيلفانا اكلادور,15,1,15,20260425
كيكو اكلادور 18 مل,30,1,30,20260425
دير رول اون,150,1,150,20260425
هير دو شامبو 500 مل,45,1,45,20260425
مينك شامبو 400 مل,60,1,60,20260425
محفظة حريمي مستوردة,110,1,110,20260425
كير اند مور ليب بالم,25,1,25,20260425
هدى مسكرة شفافة فواكه,45,1,45,20260425
استك مجموعات الوان 10 على كارت,20,1,20,20260424
منقار تيوليب شيفون,40,1,40,20260424
كوليه وردة (فان كليف) استانليس,90,1,90,20260424
انسيال وردة (فان كليف) استانليس,85,1,85,20260424
استك ليكرا كبير(بني + بيج) 5 على كارت,25,1,25,20260424
القرمز صبغة شعر,50,1,50,20260424
فرشاة بلاشر اشكال,30,1,30,20260424
فرشاة  مسكرة,5,1,5,20260424
حلق 3 قطع استانليس على كارت,125,1,125,20260424
ساندرا ليب جلوس شفاف,45,1,45,20260424
خاتم فري سايز,70,1,70,20260424
براية كحل,20,1,20,20260424
بلاشر دايموند 6 لون 1010,85,1,85,20260424
مناديل جيب مبللة,10,1,10,20260423
كير اند مور كريم مرطب  75 مل,40,1,40,20260423
فوطة ميكرو فايبر,60,1,60,20260423
ايفا بدي سبلاش 240 مل,200,1,200,20260423
الوفيرا جل صبار 250 مل,25,1,25,20260423
فلورمار روج خشب,30,1,30,20260423
ايفا بدي ميست جليتري 150 مل,200,1,200,20260423
سوب اند جلوري جلافز 1 قطعة,80,1,80,20260423
تاتو سحري,35,1,35,20260423
كيكو اكلادور 18 مل,30,1,30,20260423
XL  اسبراي 150 مل,120,1,120,20260423
طوق مموج اسود,25,2,50,20260423
منقار ستان منقوش,40,2,80,20260423
روز بيري مسكرة 5D,90,1,90,20260423
محفظة حريمي مستوردة,110,1,110,20260422
ميدالية نجمة البحر,65,1,65,20260422
مايت سينما مسكرة ووتر بروف ULTRA BLACK,85,1,85,20260422
قطعة حلق تكة استانليس,45,1,45,20260422
روز بيري كحل الوان ووتر بروف,65,2,130,20260422
مناديل اسيتون,25,1,25,20260422
المسواك معجون اسنان 120+ 20 جم,45,1,45,20260421
ليه كاريتييه بلسم 400 مل,120,1,120,20260421
خاتم اطفال,10,1,10,20260421
لونا شاور جل 2 لتر,185,1,185,20260421
لاميس برفان اماراتي بيور بلاك 100 مل,400,1,400,20260421
سجدة توكة ستان,25,2,50,20260421
فلورمار روج خشب,30,1,30,20260421
يارا مسك طهارة,45,1,45,20260421
كوكو صبغة شعر,105,1,105,20260421
بليلز ليب بالم فراولة,5,3,15,20260421
سيتواه لاصقة بثور انف (قطعة),25,1,25,20260421
شاور كاب ووتر بروف (كيس),25,1,25,20260421
كير اند مور اسيتون,55,1,55,20260421
شيجلام ليب جلوس شفاف,40,1,40,20260421
منقار ستان منقوش,40,1,40,20260421
سورتيت alo الوان,25,1,25,20260421
منقار تيوليب شيفون,40,1,40,20260421
ميدالية نجمة البحر,65,1,65,20260420
نانا دبوس حجاب سيراميك سادة (كارت),35,1,35,20260420
FOR EVER اظافر يد (شريط),35,2,70,20260420
فرشاة  مسكرة,5,1,5,20260420
كحل جرس الماني,25,1,25,20260420
مبرد قدم خشب,30,1,30,20260420
هاندي مناديل جيب 120 منديل,10,1,10,20260420
الصاروخ لاصق اظافر,10,1,10,20260420
برفان قلم 35 مل,40,1,40,20260419
فريدا شاور جل 1200 مل,150,1,150,20260419
ساندرا ليب جلوس شفاف,45,1,45,20260419
انسام بخور جلاكسي 5 ساعات (عود واحد),15,1,15,20260419
يوكو ملح حليب 300 جرام,70,1,70,20260419
اسبلاش ذهبي 250 مل,75,1,75,20260419
فوالا بدي اسبلاش 250 مل,220,1,220,20260419
عطور الشامي رول اون,45,1,45,20260419
ايفونا  جل مخمرية جليتر للجسم 100 جرام,55,1,55,20260419
ار كيو برفان 30 مل,90,1,90,20260419
كريزي ليب بالم,25,1,25,20260419
ميدالية مفتاح فراولة و كريز,25,1,25,20260419
كلوز اب معجون اسنان 50 جرام,35,1,35,20260419
سورتيت اطفال فراشة,30,1,30,20260419
سورتيت اطفال فيونكة,35,1,35,20260419
اكسسوارات حجاب (كارت),40,1,40,20260419
منقار تيوليب شيفون,40,1,40,20260419
منقار تيوليب شيفون,40,2,80,20260419
شيجلام ليب جلوس شفاف,40,1,40,20260419
بوك حريمي محفظة و سوستة مستورد,150,1,150,20260419
اسورة اية الكرسي استانليس,110,1,110,20260419
مغناطيس حجاب (قطعة),30,2,60,20260418
انسيال وردة (فان كليف) استانليس,85,1,85,20260418
سوبر كارمن مشط ابيض ضيق,10,1,10,20260418
كلبس ستان طويل الوان,40,1,40,20260418
اكسسوارات حجاب (كارت),40,1,40,20260418
ميدالية نجمة البحر,65,1,65,20260418
ميدالية نجمة البحر,65,1,65,20260418
خاتم (حرف صغير + اشكال) استانليس,50,1,50,20260418
مجموعة دبوس مشبك,5,1,5,20260418
نواه غسول وجه فوم 200 مل,250,1,250,20260418
ملقاط (كيس),30,1,30,20260418
تاتو سحري,35,1,35,20260418
بليلز ليب بالم فراولة,5,1,5,20260418
قطعة فيك بيرسنج,10,1,10,20260418
قطعة فيك بيرسنج,10,1,10,20260418
خاتم اطفال (علبة قلب),20,1,20,20260418
اظافر اطفال (علبة) 12 قطعة,15,1,15,20260418
ام ان ليب لاينر,25,1,25,20260418
فرشاة  مسكرة,5,1,5,20260418
مراية مكياج,30,1,30,20260418
عطور الشامي رول اون,45,1,45,20260418
لافوالا برفان اماراتي 100 مل,210,1,210,20260418
حلق 3 قطع استانليس على كارت,125,1,125,20260418
فاتيكا حنة,40,1,40,20260418
سجدة توكة ستان,25,1,25,20260418
كليو كليرغسول للبشرة المختلطة و الدهنية 150 مل,175,1,175,20260418
حرير سويت,25,1,25,20260418
توكة وردة تريندي,25,1,25,20260418
توكة وردة تريندي,25,1,25,20260418
ايمامي زيت 50 مل,65,1,65,20260418
ليب بالم تاناكو كوري,25,1,25,20260418
شيجلام ملمع شفايف 8861,45,1,45,20260418
ايفا اسيتون 100 مل,40,1,40,20260418
الصاروخ لاصق اظافر,10,1,10,20260417
ديما مسك طهارة ابيض+رمان,45,1,45,20260417
حرير سويت,25,1,25,20260417
تينكل شفرات وجه 3 قطع,20,1,20,20260417
ساندرا ليب جلوس شفاف,45,1,45,20260417
خمره برفان رول اون,45,1,45,20260417
محفظة حريمي كبسوله كبيره,150,1,150,20260417
اظافر يد,55,1,55,20260417
فلورمار روج خشب,30,1,30,20260417
عطور الشامي رول اون,45,1,45,20260417
ليزا شيجلام اظافر يد (شريط),35,1,35,20260417
ذا بدي شوب سبلاش 100 مل اوريجينال,130,1,130,20260417
محفظة حريمي مستوردة,110,1,110,20260417
مغناطيس حجاب (قطعة),30,1,30,20260417
مغناطيس حجاب (قطعة),30,2,60,20260417
طقم غويشة كارتير فتافيت السكر 6 * 1 استانليس (علبة),210,1,210,20260417
اسورة كارتير استانليس,75,1,75,20260417
استك ليكرا كبير قلوب 3 على كارت,25,1,25,20260416
قفاش صغير 10 قطع (كيس),20,1,20,20260416
كلبس ستان طويل الوان,40,1,40,20260416
كلبس نجوم الوان 6 على كارت,30,1,30,20260416
ار كيو برفان رول اون 10 مل,45,1,45,20260416
سورتيت اطفال وردة,25,1,25,20260416
FOR EVER اظافر يد (شريط),35,1,35,20260416
مايت سينما كونسيلر,95,1,95,20260416
ام ان كحل اسود ووتر برووف (غلاف ذهبي),35,1,35,20260416
ريكسونا رول اون 50 مل,90,1,90,20260416
جليسوليد سوفت كريم 100 مل,55,1,55,20260416
عطور الشامي رول اون,45,1,45,20260416
دبوس حجاب سيراميك 3 على كارت,20,1,20,20260416
سجدة توكة ستان,25,1,25,20260416
شيلز اسبراي تركي  175 مل,100,1,100,20260416
بريتي وومن مناديل ازالة مكياج,5,2,10,20260416
ايفا كريم مرطب 50 جم,30,1,30,20260416
دهب ليفة كف,35,1,35,20260416
بايجن صبغة حواجب,95,1,95,20260416
الصاروخ لاصق اظافر,10,1,10,20260416
فاتيكا زيت شعر 90 مل,25,1,25,20260416
بيو سوفت حمام كريم,95,1,95,20260416
روج جلوس شفايف لاست لوك 2005,45,1,45,20260415
جولي فرشاة شعر بيضاوية,45,1,45,20260415
برفان 60 مل,60,1,60,20260415
حلق 3 قطع استانليس على كارت,75,6,450,20260415
اسورة اشكال استانليس,50,13,650,20260415
اسورة مسمار استانليس,35,3,105,20260415
بونيتا فرشاة شعر مربعة,55,1,55,20260415
زجاجة هير ديلي هير ميست,75,1,75,20260415
شراب حريمي قصير,10.833,24,259.99,20260415
شراب حريمي طويل,13.333,12,160,20260415
بليلز ليب بالم فراولة,5,1,5,20260415
بليلز ليب بالم فراولة,5,2,10,20260415
انسيال وردة (فان كليف) استانليس,43,2,86,20260415
مغناطيس حجاب (قطعة),16.5,24,396,20260415
بوك حريمي 1 سوستة ارنب مستورد,60,3,180,20260415
بوك حريمي 2 سوستة مستورد,60,2,120,20260415
كراتة رجالي,50,1,50,20260415
محفظة رجالي,50,1,50,20260415
اسورة كارتير فصوص استانليس,50,2,100,20260415
كوليه وردة (فان كليف) استانليس,48,2,96,20260415
انسيال فصوص استانليس,50,3,150,20260415
انسيال تيوليب فضي صيني (قطعة),75,2,150,20260415
اسورة كارتير استانليس,40,2,80,20260415
كوليه اشكال استانليس,65,5,325,20260415
اسورة اية الكرسي استانليس,65,4,260,20260415
اسورة مسمار سترس استانليس,80,2,160,20260415
اسورة عريضة استانليس,110,1,110,20260415
اسورة عريضة استانليس,60,4,240,20260415
طقم غويشة كارتير بومبيه 5 * 1 استانليس,108.333,1,108.33,20260415
طقم غويشة كارتير فتافيت السكر 6 * 1 استانليس (علبة),160,1,160,20260415
محفظة حريمي مستوردة,60,5,300,20260415
بوك حريمي 1 سوستة كبير مستورد,65,1,65,20260415
بوك حريمي 2 سوستة بني مصري,38,1,38,20260415
بوك حريمي 2 سوستة جلد مصري,40,2,80,20260415
بوك حريمي محفظة و سوستة,76,1,76,20260415
كراتة حريمي مستوردة,50,4,200,20260415
كوليه فصوص دورين استانليس,70,3,210,20260415
كوليه فصوص استانليس,55,2,110,20260415
بوك حريمي محفظة و سوستة مستورد,100,3,300,20260415
استك ليكرا كبير(بني + بيج) 5 على كارت,10,12,120,20260414
استك ليكرا كبير(بني + بيج) 3 على كارت,10,12,120,20260414
منقار معدن طويل,3.5,12,42,20260414
كلبس نجوم الوان 6 على كارت,10,12,120,20260414
منقار تيوليب شيفون,20.833,12,250,20260414
مولفيكس مقاس (6) نصف عبوة,185,1,185,20260414
كلبس ستان طويل الوان,20,12,240,20260414
اكسسوارات حجاب (كارت),18,12,216,20260414
DAVIS EYE كحل سيلفر,20,3,60,20260414
كير مناديل مبللة 120 قطعة,25,3,75,20260414
نانا دابل فيس حجاب,12,12,144,20260414
سورتيت alo الوان,6,11,66,20260414
فيريس بيوتي دابل فيس اظافر,4.5,12,54,20260414
سوبر كارمن مشط ابيض ضيق,3.166,12,37.99,20260414
استك مجموعات الوان 10 على كارت,7.5,24,180,20260414
قفاش مستطيل صغير 3 على كارت,15.5,12,186,20260414
قفاش صغير 10 قطع (كيس),7.5,12,90,20260414
استك الوان ليكرا كبير 3 على كارت,6.5,12,78,20260414
استيك مجموعات كبير الوان 6 ق,2,12,24,20260414
استك ليكرا كبير قلوب 3 على كارت,11.5,12,138,20260414
منقار ستان (كريز + قلب + فيونكة),19,12,228,20260414
بكر شعر 10 قطعة,14,3,42,20260414
قفاش فيونكة 6 على كارت,25,12,300,20260414
منقار ستان منقوش,20,12,240,20260414
سترس وجه و اظافر (كارت),7.5,6,45,20260414
بليلز ليب بالم فراولة,5,2,10,20260414
علبة دبوس طرحة بيضاوية كبيرة,10,1,10,20260414
مرطب لونا للبشرة 20 جرام,20,1,20,20260414
ام ان ليب لاينر,25,1,25,20260414
مراية مكياج,30,1,30,20260414
كوجي سان صابونة 135 جرام,100,1,100,20260414
ايسنس مسكرة شفافة,50,1,50,20260414
ار كيو برفان 30 مل,90,1,90,20260414
كلبس + نظارة,40,1,40,20260414
خاتم (حرف صغير + اشكال) استانليس,50,1,50,20260414
فلورمار روج خشب,30,1,30,20260414
سجدة توكة ستان,25,2,50,20260414
روج جلوس شفايف لاست لوك 2005,45,1,45,20260414
ليب بالم تاناكو كوري,25,1,25,20260414
شيجلام ملمع شفايف 8861,45,1,45,20260414
بوبانا شيت ماسك كيس,28,10,280,20260414
ربيع الحرمين مكعبات مسك,10,3,30,20260414
كوكو اسبراي 120 مل,110,1,110,20260414
قفاش,10,1,10,20260414
الوفيرا جل صبار 250 مل,25,1,25,20260414
مولبد حفاضات نسائية 16 ق,55,1,55,20260413
الو ايفا شامبو بالارجان 230 مل,75,1,75,20260413
مناديل جيب مبللة,10,1,10,20260413
الو ايفا حمام كريم 250 جم,75,1,75,20260413
افوفا شفرات حريمي (كيس اخضر) 4 + 1,75,1,75,20260413
فلومار اكلادور 16 مل,25,1,25,20260413
العود الملكي مخمرية 40 جرام,35,2,70,20260413
زيت السعد 60 مل,75,1,75,20260413
اسبلاش سيليكتف,180,1,180,20260413
جولي فرشاة شعر بيضاوية,45,1,45,20260413
نونو شامبو اطفال 300 مل,75,1,75,20260413
ار كيو برفان 30 مل,90,2,180,20260413
فرشاة  مسكرة,5,1,5,20260413
مخمرية روائح متنوعة,40,1,40,20260413
ار كيو مسك طهارة,45,1,45,20260413
ار كيو برفان رول اون 10 مل,45,1,45,20260413
مولبد حفاضات نسائية طويل جدا لليشرة الحساسة 14 ق,55,1,55,20260413
تاتو سحري,35,1,35,20260412
FOR EVER اظافر يد (شريط),35,1,35,20260412
كريزي ليب بالم,25,1,25,20260412
بليلز ليب بالم فراولة,5,1,5,20260412
فرشاة  مسكرة,5,1,5,20260412
كاريت ليب استيك,45,1,45,20260412
فريش ليدي محلول عدسات كوري 120 مل + حافظة عدسات,40,1,40,20260412
روز جولد ليب جلوس ماجيك,50,1,50,20260412
استك العاب  + كلبس 8 على كارت,25,1,25,20260412
ميدالية مفتاح شخصيات كرتونية,25,1,25,20260412
مجموعة دبوس مشبك,5,1,5,20260412
توكة منقار كريز على الكارت,25,1,25,20260412
فلورمار قلم حواجب بني,30,1,30,20260412
توكة وردة تريندي منقطة,25,1,25,20260412
انسيال استانليس,110,1,110,20260412
توكة شعر كريز,20,1,20,20260412
افوفا شفرات حريمي (كيس اخضر) 4 + 1,75,1,75,20260412
ساندرا روج استيك 434,45,1,45,20260412
ايفا غسول اشراقة طبيعية انبوبة 100 مل,60,1,60,20260412
عدسات فريش ليدي,110,1,110,20260412
سلسلة mka,35,1,35,20260412
لاصق حبوب,40,1,40,20260412
استيك PETIT SWEET,10,2,20,20260412
توكة وردة تريندي,25,1,25,20260411
سلسلة mka,35,1,35,20260411
شيجلام ليب جلوس انبوبة,40,1,40,20260411
بلاشر ستيك كيس بيوتي 51050,70,1,70,20260411
شاور جل لوزان 2.25 لتر,80,1,80,20260411
سورتيت اطفال سادة الوان,25,1,25,20260411
قطعة دبوس تركي للحجاب,5,1,5,20260411
كوكو كولد واكس,70,1,70,20260411
ام ان مسكرة حواجب,75,1,75,20260411
مبرد أظافر,15,1,15,20260411
كوكو واكس مناديل شمع,45,1,45,20260411
ذا بدي شوب سبلاش 100 مل اوريجينال,130,1,130,20260411
ذا بدي شوب سبلاش 100 مل اوريجينال,130,1,130,20260411
كلبس تيكتاك اشكال ملون,10,4,40,20260411
سلسلة حرف استانليس,75,1,75,20260411
سيبال قلم حواجب جل اوريجنال الماني,250,1,250,20260411
ار كيو برفان 30 مل,90,1,90,20260411
ديزورد مسك طهارة,45,1,45,20260411
فرشاة  مسكرة,5,1,5,20260411
صن سكرين انفنتي جل 60 مل,97.5,2,195,20260411
صن سكرين انفنتي جل 60 مل,150,1,150,20260411
ار كيو مخمرية سيرم 75 مل,100,1,100,20260411
روز بيري مسكرة,90,1,90,20260410
سيتواه لاصقة بثور انف (قطعة),25,1,25,20260410
FOR EVER اظافر يد (شريط),35,1,35,20260410
علبة دبوس طرحة بيضاوية كبيرة,10,1,10,20260410
ام ان كحل اسود ووتر برووف (غلاف ذهبي),35,1,35,20260410
فرشاة  مسكرة,5,1,5,20260410
فرشاة  مسكرة,5,2,10,20260410
هدى مسكرة شفافة بالهيالورنيك اسيد,50,1,50,20260410
ريكسونا رول اون 50 مل,90,1,90,20260410
كير اند مور كريم مرطب لليدين 50 مل,45,1,45,20260410
قطعة مبرد اظافر خشب صغير,5,2,10,20260410
سيبال قلم كحل ماتيك  اوريجنال الماني,220,1,220,20260410
مبرد أظافر,15,1,15,20260410
فوالا بدي اسبلاش 250 مل,220,1,220,20260410
كوين شفرات 5 قطع,30,1,30,20260410
دبلة حريمي استانليس,70,1,70,20260410
فوج اسبراي 120 مل,110,1,110,20260410
الصاروخ لاصق اظافر,10,1,10,20260410
مناديل جيب مبللة,10,1,10,20260410
حلق 3*1,30,1,30,20260410
لاصق حبوب,40,1,40,20260410
الوفيرا جل صبار 250 مل,25,1,25,20260410
فريدا شاور جل 1200 مل,150,1,150,20260410
وايت مناديل مبللة للاطفال 72 منديل,45,1,45,20260409
حرير سويت,25,1,25,20260409
فرشاة حمام زيت,30,1,30,20260409
عدسات فريش ليدي,110,1,110,20260409
مناديل جيب مبللة,10,3,30,20260409
مناديل جيب مبللة,10,1,10,20260409
قطعة دبوس تركي للحجاب,5,2,10,20260409
طقم سلسله + حلق استانليس,60,1,60,20260409
كحل جرس الماني,25,2,50,20260409
كحل جرس الماني,25,1,25,20260409
علبة دبوس طرحة مربعة صغيرة,5,1,5,20260409
كوكو كولد واكس,70,1,70,20260409
مبرد أظافر,15,1,15,20260409
ريفولي شاور جل 2 لتر,185,1,185,20260409
سجدة توكة ستان,25,1,25,20260409
اسورة الاهلي,10,1,10,20260409
كير اند مور اسيتون,55,1,55,20260409
مناديل ازالة مكياج 222 قطعة,110,1,110,20260409
ار كيو برفان 30 مل,90,1,90,20260409
مراية مكياج,30,1,30,20260409
فاين مناديل جيب 120 منديل,10,1,10,20260409
ار كيو مخمرية سيرم 75 مل,100,1,100,20260409
بيو سوفت ليب بالم برطمان,15,1,15,20260409
سوكاني فرشاة فرد شعر كهربائية,250,1,250,20260408
كوين فينجر اظافر يد 24 علي كارت,15,1,15,20260408
ليزا شيجلام اظافر يد (شريط),35,1,35,20260408
FOR EVER اظافر يد (شريط),35,1,35,20260408
تاتو سحري,35,1,35,20260408
تاتو سحري,35,2,70,20260408
ديزورد مسك طهارة,45,1,45,20260408
صانسيلك زيت شعر 75 مل,55,1,55,20260408
فاتيكا حنة,40,1,40,20260408
الصاروخ لاصق اظافر,10,1,10,20260408
ستارفيل غسول جل 200 مل,125,1,125,20260408
كحل بنجور ماتيك,20,1,20,20260408
ليه كاريتييه بلسم 400 مل,120,1,120,20260408
اسبراي تفتيح كوري,200,1,200,20260408
ابرة بثور,15,1,15,20260408
حجر قدم,20,1,20,20260408
كلبس وردة فسفور,35,1,35,20260407
توكة وردة تريندي,25,1,25,20260407
ايفا كريم مرطب 50 جم,30,1,30,20260407
شان ليب بالم,90,1,90,20260407
شيجلام ملمع شفايف 8861,45,1,45,20260407
الصاروخ لاصق اظافر,10,1,10,20260407
بوبانا مرطب زبدة شفايف,60,1,60,20260407
مناديل جيب مبللة,10,1,10,20260407
اليس شفرات وجه 3 ق علبة بيينك,51,6,306,20260407
مروحة يد,35,1,35,20260407
انيزيو شامبو ضد القشرة 250 مل,250,1,250,20260407
ايفا شيت ماسك 3*1,90,1,90,20260407
ايفا كيراتين بلسم ضد القشرة  230 جرام,145,1,145,20260407
فرشاة استشوار تركي,110,1,110,20260407
لانيج ليب ماسك 3 جرام,95,1,95,20260407
كيسيم اسبراي 75 مل,40,1,40,20260407
ايفا كريم مرطب 20 جرام,15,2,30,20260407
بوبانا بديل الزيت 240 مل,145,1,145,20260407
سورتيت اطفال فيونكة,35,1,35,20260407
ملقاط ذهبي,30,1,30,20260407
ميدالية كريز كبيرة,65,1,65,20260407
سنيور كريم لتصفيف الشعر 200 جرام,50,1,50,20260407
روز جولد ليب بالم,45,1,45,20260407
فرشاة  مسكرة,5,1,5,20260407
كيكو اكلادور 18 مل,30,1,30,20260407
FOR EVER اظافر يد (شريط),35,1,35,20260407
نانا دبوس حجاب سيراميك سادة (كارت),35,1,35,20260407
فرشاة بلاشر اشكال,30,1,30,20260407
تاتو سحري,35,1,35,20260407
بريتي جيرل مبرد قدم كهربائي,95,2,190,20260407
بريتي جيرل مبرد قدم كهربائي,150,1,150,20260407
سوكاني فرشاة فرد شعر كهربائية,185,2,370,20260407
كير اند مور فازلين مرطب 100 مل,50,1,50,20260407
فرشاة ظهر خشب,75,2,150,20260406
العود الملكي مخمرية 40 جرام,35,1,35,20260406
دهب ليفة كف,35,1,35,20260406
شان غسول منظف 250 مل,150,1,150,20260406
فوج اسبراي 120 مل,115,1,115,20260406
طقم فوارغ 5*1,55,1,55,20260405
مناديل جيب مبللة,10,1,10,20260405
قصافة دبل على كارت 2*1,40,1,40,20260405
مقص ار جي 646,30,1,30,20260405
ستارفيل صابونة حبوب 90 جرام,50,1,50,20260405
ايمبر بدي سبلاش,185,1,185,20260405
ليه كاريتييه شامبو 400 مل,120,1,120,20260405
استيك PETIT SWEET,10,1,10,20260405
قفاش,10,2,20,20260405
مايت سينيما بلاشر  1123,50,1,50,20260405
مايت سينما هايلايتر سائل,85,1,85,20260405
سكراب النيلة الزرقاء المغربي,40,1,40,20260405
علبة دبوس طرحة مربعة صغيرة,5,1,5,20260405
قطعة مبرد اظافر خشب صغير,5,1,5,20260405
بليلز ليب بالم فراولة,5,3,15,20260405
فاين مناديل جيب 120 منديل,10,1,10,20260405
نانا دبوس حجاب سيراميك سادة (كارت),35,1,35,20260405
مجموعة دبوس مشبك,5,1,5,20260405
ميدالية نجمة البحر,65,1,65,20260405
طوق لولي سكري,20,1,20,20260405
طوق اسود ساده,15,1,15,20260405
كلينك مناديل ازالة مكياج 133 قطعة,80,1,80,20260405
سلسلة حرف استانليس,75,1,75,20260404
ميدالية مفتاح ستيتش,25,1,25,20260404
ذا بدي شوب سبلاش 100 مل اوريجينال,130,1,130,20260404
سندرا ليب جلوس 418,50,1,50,20260404
FOR EVER اظافر يد (شريط),35,1,35,20260404
FOR EVER اظافر يد (شريط),35,1,35,20260404
كريزي ليب بالم,25,2,50,20260404
ميدالية مفتاح بطوط,25,2,50,20260404
صن سكرين انفنتي جل 60 مل,150,1,150,20260404
فرشاة بلاشر اشكال,30,1,30,20260404
فرشاة دمج ايشادو اشكال,20,1,20,20260404
جوليشا حنة هندي لليد و الجسم 23 جرام,40,1,40,20260404
ار كيو برفان 30 مل,90,1,90,20260404
كلير شامبو ضد القشرة 180 مل,85,1,85,20260404
هدى مسكرة شفافة بالهيالورنيك اسيد,50,1,50,20260404
فرشاة  مسكرة,5,1,5,20260404
فرشاة  مسكرة,5,2,10,20260404
فرشاة  مسكرة,5,1,5,20260404
هيربل كريم شعر 180 مل,60,1,60,20260404
كيسيم اسبراي 75 مل,40,1,40,20260404
مايت سينما بودرة  3*1,125,1,125,20260404
اليس شفرات وجه 3 ق علبة بيينك,65,1,65,20260404
كاريت ليب سيرم,60,1,60,20260404
فريدا معطر جو,60,1,60,20260404
ايفا غسول للوجه ومزيل للمكياج 150 مل,60,3,180,20260404
كير اند مور تونر  150 مل,80,1,80,20260404
ايفا كريم مرطب 170 جم,55,1,55,20260404
شيجلام ملمع شفايف 8861,45,3,135,20260404
شيجلام ليب جلوس انبوبة,40,1,40,20260404
مناديل جيب مبللة,10,1,10,20260404
بوبانا كريم اليدين مرطب 50 مل,60,1,60,20260404
ايفا اسيتون 100 مل,40,1,40,20260404
الصاروخ لاصق اظافر,10,1,10,20260404
الصاروخ لاصق اظافر,10,1,10,20260404
ار كيو برفان رول اون 10 مل,45,3,135,20260404
الصاروخ لاصق اظافر,10,1,10,20260403
ربيع الحرمين مكعبات مسك,10,1,10,20260403
بيوتي بلندر,15,1,15,20260403
كوكو سويت كرتون,30,1,30,20260403
هيربس انديا زيت شعر 180 مل,85,1,85,20260403
دبلة حريمي استانليس,70,1,70,20260403
فرشاة  مسكرة,5,1,5,20260403
ايفونا  جل مخمرية جليتر للجسم 100 جرام,55,1,55,20260403
اظافر يد (12) مجموعة (288) قطعة,70,1,70,20260403
قطعة مبرد اظافر خشب صغير,5,1,5,20260403
نيفيا سوفت كريم 100 مل,65,1,65,20260403
سويت الاميرات دلكة السودانية,55,1,55,20260403
روز بيري تنت جيلي,90,1,90,20260403
سيتواه لاصقة بثور انف (قطعة),25,1,25,20260402
نانا دبوس حجاب سيراميك سادة (كارت),35,1,35,20260402
هيد اند شولدرز شامبو ضد القشرة 400 مل,225,2,450,20260402
زجاجة هير ديلي هير ميست,75,1,75,20260402
ار كيو برفان 30 مل,90,1,90,20260402
ايفونا  جل مخمرية جليتر للجسم 100 جرام,55,1,55,20260402
فايف دي لاصقة تبييض الاسنان (قطعة),15,2,30,20260402
ذا بدي شوب سبلاش 100 مل اوريجينال,130,1,130,20260402
مايت سينما كومباكت بودر,90,1,90,20260402
قفاش مستطيل الوان كبير,30,1,30,20260402
قفاش مستطيل شفاف الوان,25,1,25,20260402
سلسلة 2 دور استانليس,110,2,220,20260402
همس بدي سبلاش,50,2,100,20260402
كوين شفرات 5 قطع,30,1,30,20260402
هير روتس كريم شعر 100 مل,290,2,580,20260402
ليه كاريتييه سيرم شعر 60 مل,140,1,140,20260402
ستاركي سكراب 300 مل,30,1,30,20260402
وايت مناديل سحب,30,2,60,20260402
مود شاور جل 750 جرام,85,1,85,20260402
روج جلوس شفايف لاست لوك 2005,45,1,45,20260402
شيجلام ملمع شفايف 8861,45,1,45,20260402
كلير شامبو 360 مل,135,1,135,20260402
ار كيو برفان رول اون 10 مل,45,1,45,20260401
روز بيري مسكرة كشخة,50,3,150,20260401
روز بيري مسكرة لاش,71.25,3,213.75,20260401
افوفا شفرات حريمي (كيس اخضر) 4 + 1,53.666,12,643.99,20260401
كحل بنجور ماتيك,8.333,12,100,20260401
بايجن صبغة حواجب,95,1,95,20260401
الصاروخ لاصق اظافر,4.583,24,109.99,20260401
بوبانا بدي سبلاش 250 مل,190,1,190,20260401
الو ايفا شامبو بالارجان 230 مل,62.5,2,125,20260401
شان ليب بالم,90,1,90,20260401
لاصق حبوب,40,2,80,20260401
اماندا مرطب شفاه,23.5,6,141,20260401
فرشاة ماسك,12,12,144,20260401
طوق لولي اسود,20,1,20,20260401
كير اند مور اسيتون,55,1,55,20260401
الدكتور برفان قلم,40,1,40,20260401
انسام بخور رفيع 2.5 ساعة (عود واحد),7.5,1,7.5,20260401
قطعة مبرد اظافر خشب صغير,5,1,5,20260401
كوين فينجر اظافر يد 24 علي كارت,15,2,30,20260401
ار كيو مسك طهارة,45,1,45,20260401
تاتو سحري,16.25,10,162.5,20260401
مخمرية روائح متنوعة,20,12,240,20260401
V9 قصافة اظافر,25,1,25,20260331
نانا دبوس حجاب سيراميك سادة (قطعة),5,1,5,20260331
مايت سينما كونسيلر,95,1,95,20260331
مجموعة دبوس مشبك,5,1,5,20260331
اسورة الاهلي,10,1,10,20260331
قطعة دبوس تركي للحجاب,5,3,15,20260331
تينكل شفرات وجه 3 قطع,20,1,20,20260331
روز بيري مسكرة بني,95,1,95,20260331
طوق,25,1,25,20260330
لاصق حبوب,40,1,40,20260330
روج جلوس شفايف لاست لوك 2005,45,1,45,20260330
كوين شفرات بالصبار 4 قطع,50,1,50,20260330
توكة منقار كريز على الكارت,25,2,50,20260330
بدي ليشيوس بدي اسبلاش 100 مل,125,1,125,20260330
ميني بدي سبلاش 50 مل,40,1,40,20260330
كوكو واكس,55,1,55,20260330
ملقاط ذهبي,30,1,30,20260330
استك العاب  + كلبس 8 على كارت,25,1,25,20260330
طوق مموج اسود,25,1,25,20260330
قفاش فراشة صغير 4 على كارت,35,1,35,20260330
كوكو صبغة شعر,105,2,210,20260330
سندرا ليب جلوس 418,50,1,50,20260329
خاتم اطفال (علبة قلب),20,2,40,20260329
ميدالية مفتاح فراولة و كريز,25,1,25,20260329
بليلز ليب بالم فراولة,5,3,15,20260329
قطعة مبرد اظافر خشب صغير,5,1,5,20260329
خاتم فضي اشكال استانليس,50,2,100,20260329
خاتم تريبل استانليس,70,1,70,20260329
كيسيم اسبراي اماراتي  150 مل,80,1,80,20260329
اكس اسبراي جيب 17 مل,55,1,55,20260329
فلورمار روج خشب,30,1,30,20260329
ليب بالم تاناكو كوري,25,1,25,20260329
ايسنس برنسيس مسكره,85,1,85,20260329
روج سحري اخضر,20,1,20,20260329
دودج شامبو 500 مل,75,1,75,20260329
وايت مناديل ازالة مكياج 80 قطغة,55,1,55,20260329
صابونة لبان دكر,7.5,3,22.5,20260329
كير اند مور ليب بالم,25,1,25,20260329
جوليشا حنة هندي للاظافر,30,1,30,20260329
تشيز كيك سبلاش 250 مل,65,1,65,20260329
مولفيكس مقاس (6) نصف عبوة,155,2,310,20260328
مولفيكس مقاس (6) نصف عبوة,185,1,185,20260328
روز بيري مسكرة كشخة,85,1,85,20260328
فلومار اكلادور 16 مل,25,1,25,20260328
ساندرا روج استيك 434,40,1,40,20260328
ايفا غسول اشراقة طبيعية انبوبة 100 مل,60,1,60,20260328
فلورمار روج خشب,30,1,30,20260328
سورتيت عريض منقوش,35,1,35,20260328
علبة دبوس طرحة بيضاوية صغيرة,5,1,5,20260328
ايفر بيوتي تنت سحري 30 مل,120,2,240,20260328
العود الملكي مخمرية 40 جرام,35,1,35,20260328
لوكس شاور جل 500 مل,85,1,85,20260328
علبة دبوس طرحة بيضاوية كبيرة,10,1,10,20260328
شيجلام قلم حواجب,20,3,60,20260328
قطعة فيك بيرسنج,10,1,10,20260328
سندرا ليب جلوس 418,50,1,50,20260327
بليلز ليب بالم فراولة,5,2,10,20260327
زوي اكلادور 18 مل,9,1,9,20260327
جوليشا حنة هندي لليد و الجسم 23 جرام,29,2,58,20260327
سيلفانا اكلادور,15,2,30,20260327
شان سيرم اظافر 4 مل,160,1,160,20260327
ار كيو برفان 30 مل,90,1,90,20260327
ار كيو برفان 30 مل,60,12,720,20260327
فرشاة  مسكرة,5,1,5,20260327
طوق فراشة معدن,40,1,40,20260327
ميدالية كريز كبيرة,65,1,65,20260327
ميدالية مفتاح لابوبو,25,1,25,20260327
جرانت مناديل مبللة للاطفال 72 منديل,25,1,25,20260327
لارين كحل اسود ووتر بروف,65,1,65,20260327
كلبس فيونكة جبير بيضاء,25,1,25,20260327
العود الملكي مخمرية 40 جرام,35,1,35,20260327
العود الملكي مخمرية 40 جرام,24,6,144,20260327
دبوس حجاب 4 على كارت,20,1,20,20260327
كوكو واكس,38.5,3,115.5,20260327
هاندي مناديل جيب 120 منديل,10,1,10,20260327
علبة دبوس طرحة بيضاوية صغيرة,5,1,5,20260327
لافوالا برفان اماراتي 100 مل,210,1,210,20260327
ميني بدي سبلاش 50 مل,40,1,40,20260327
دبلة حريمي استانليس,70,1,70,20260327
خاتم عقلة,20,1,20,20260327
بوبانا سكراب 300 جرام,42.5,1,42.5,20260327
كير اند مور كريم مرطب  75 مل,28.75,2,57.5,20260327
مناديل جيب مبللة,10,1,10,20260327
شراب سيليكون لوكس كبير,38,3,114,20260327
ديسار كريم تفتيح فيتامين سي 50 جرام,90,2,180,20260327
ليب بالم تاناكو كوري,25,1,25,20260327
شنطة مكياج,10,1,10,20260327
حرير سويت,13.5,3,40.5,20260327
كوكو سويت كرتون,30,1,30,20260327
فريدا شاور جل 1200 مل,128,2,256,20260327
ايفا بدي سبلاش 240 مل,160,1,160,20260327
روز بيري قلم حواجب دبل ثابت,70,2,140,20260327
تاتو برونز,5,2,10,20260327
الو ايفا شامبو بالارجان 230 مل,62.5,1,62.5,20260327
وايت مناديل سحب,30,1,30,20260327
سلاكة اذن  خشب شكل قلب,15,1,15,20260327
ار كيو برفان رول اون 10 مل,24,6,144,20260327
روز بيري مسكرة هاي اب لون بني,67.5,2,135,20260327
روز بيري مسكرة كشخة,50,2,100,20260327
ليسسترين غسول فم بالفلورايد 250 مل,104,1,104,20260327
لوريال الفيف سيرم مجمل للشعر 100 مل,315,1,315,20260327
لوريال الفيف شامبو جليكوليك 400 مل,166.5,1,166.5,20260327
اوفرا اكلادور 15 مل,13.5,4,54,20260327
كلر لاست اكلادور 20 مل,10.5,2,21,20260327
مخمرية جليتر 50 جرام,19.5,1,19.5,20260327
بيو سوفت ليب بالم برطمان,15,2,30,20260327
ار كيو مخمرية سيرم 75 مل,65,2,130,20260327
فرشاة بيبي هير,70,1,70,20260326
كير اند مور فازلين مرطب 100 مل,34.5,2,69,20260326
سيليكتف اسبراي اماراتي 200 مل,70,1,70,20260326
نت شيل مزيل مكياج 250 مل,135,1,135,20260326
ملح حليب الامارات 500 جرام,28.5,1,28.5,20260326
نانو تريت غسول للبشرة الدهنية 200 مل,78,1,78,20260326
كير اند مور ليب بالم,15,3,45,20260326
كيالي برفان 100 مل,165,1,165,20260326
اداة مساج دوارة,25,1,25,20260326
بيو سوفت ليب بالم برطمان,7.5,12,90,20260326
ام ان كونتور رباعي,65,1,65,20260326
فالز فازلين مرطب 50 جرام,18,1,18,20260326
ليفز كريم جل مرطب 75 مل,123,1,123,20260326
سلاكة اذن خشب حجم متوسط,20,1,20,20260326
كوكو اسبراي 120 مل,72.5,1,72.5,20260326
الو ايفا بديل الزيت بخلاصة الصبار 250 مل,64.5,2,129,20260326
تريشوب شامبو 200 مل,49,2,98,20260326
تاتو برونز,5,1,5,20260326
تاتو برونز,5,1,5,20260326
كولاجرا رول اون كوتون كاندي,75,2,150,20260326
اسبراي تفتيح كوري,200,1,200,20260326
وايت مناديل مبللة للاطفال 72 منديل,45,1,45,20260326
ستارفيل رول اون,130,1,130,20260326
قفاش,10,1,10,20260326
كليوباترا شامبو 500 مل,60,1,60,20260326
لانكوم برفان 30 مل,50,1,50,20260326
لانكوم برفان 30 مل,75,1,75,20260326
ليب بالم تاناكو كوري,25,1,25,20260326
بيوتي بلندر,15,1,15,20260326
فلومار اكلادور 16 مل,25,3,75,20260326
كحل بنجور ماتيك,15,1,15,20260326
الو ايفا حمام كريم 250 جم,62.5,2,125,20260326
ربيع الحرمين مكعبات مسك,10,1,10,20260326
بوبانا كريم اليدين مرطب 50 مل,29,2,58,20260326
فوج اسبراي 120 مل,88,1,88,20260326
سورتيت اطفال سادة الوان,25,1,25,20260326
بونيتا فرشاة شعر بيضاء,55,1,55,20260326
جواشا حجر رخام,19.06,3,57.18,20260326
فلورمار روج خشب,30,1,30,20260326
صن سويت,20,1,20,20260326
تريو مزيل عرق رول اون,45,1,45,20260326
عطور الشامي رول اون,45,1,45,20260326
علبة دبوس طرحة مربعة صغيرة,5,1,5,20260326
هاندي مناديل جيب 120 منديل,10,1,10,20260326
روز بيري لوس باودر 0970,190,1,190,20260326
دوش شاور جل 1 لتر,90,1,90,20260326
اليس شفرات  5*1 (3 شفرة),60,1,60,20260326
كوكو واكس,55,1,55,20260326
فرشاة غسول 2*1,40,1,40,20260326
فرشاة غسول 2*1,20,1,20,20260326
فرشاة غسول 2*1,40,1,40,20260326
فرشاة ماسك,12,1,12,20260326
هير روتس لوشن شعر 75 مل,370,1,370,20260326
بيو سوفت سكراب,66.15,1,66.15,20260326
هيربس انديا زيت شعر 180 مل,85,1,85,20260326
يوكو ملح حليب 300 جرام,50,1,50,20260326
العود الملكي مخمرية 40 جرام,35,1,35,20260326
نودي بيوتي سكراب شفايف + تنت,25,1,25,20260326
سجدة توكة ستان,12.417,12,149,20260326
ارت فيكتوريا سكريت برفان 100 مل,87,1,87,20260326
سورتيت اطفال فراشة,30,1,30,20260326
شاور كاب ووتر بروف (كيس),25,1,25,20260326
مجموعة دبوس مشبك,5,1,5,20260326
مجموعة دبوس مشبك,5,1,5,20260326
طوق فراشة معدن,40,1,40,20260326
وان كريم ازالة الشعر 40 جرام,17.5,1,17.5,20260326
اورال لايت فرشاة اسنان ميديم,30,1,30,20260326
مويست 1 غسول فوم للبشرة الدهنية 150 مل,145,1,145,20260326
كلينك مناديل ازالة مكياج 133 قطعة,48.41,2,96.82,20260326
وان كريم ازالة الشعر 90 جرام,26,2,52,20260326
وان كريم ازالة الشعر 90 جرام,40,1,40,20260326
فرشاة  مسكرة,5,1,5,20260326
فرشاة  مسكرة,5,1,5,20260326
روز بيري ايلاينر اسود سائل,100,1,100,20260326
ايفونا  جل مخمرية جليتر للجسم 100 جرام,55,1,55,20260326
ريكسونا رول اون 50 مل,90,1,90,20260326
قطعة مبرد اظافر خشب صغير,5,1,5,20260326
سيلفانا اكلادور,15,1,15,20260326
سيجنال فرشاة اسنان غرض 2 * 1,45,1,45,20260326
كيكو اكلادور 18 مل,14,7,98,20260326
تاتو سحري,35,1,35,20260326
القرمز صبغة شعر,50,1,50,20260326
مايت سينما باليت بلاشر 2 * 1,150,1,150,20260326
افريكانا صابون مغربي  300 جرام,126,1,126,20260326
بليلز ليب بالم فراولة,5,1,5,20260326
فرشاة دمج ايشادو اشكال,20,1,20,20260326
بليلز ليب بالم فراولة,5,1,5,20260326
بليلز ليب بالم فراولة,5,1,5,20260326
علبة دبوس طرحة بيضاوية كبيرة,10,1,10,20260326
بون بدي لوشن 250 مل,50,1,50,20260325
AM اسبلاش 150 مل,85,1,85,20260325
سكراب كاندي مارشميلو,65,1,65,20260325
كابكسي هير ماسك 250 مل,295,1,295,20260325
مخمرية جليتر 50 جرام,35,1,35,20260325
ميدالية ستيتش,60,1,60,20260324
ليه كاريتييه بدي باتر 250 مل بزبدة الشيا,120,1,120,20260324
كيكو دبل روج,90,1,90,20260324
بريتي وومن مناديل ازالة مكياج,5,1,5,20260324
فريدا شاور جل 1200 مل,145,1,145,20260324
الوفيرا جل صبار 250 مل,25,1,25,20260324
فريدا معطر جو,60,2,120,20260324
ايفا بدي لوشن,125,1,125,20260324
الو ايفا حمام كريم 250 جم,75,1,75,20260324
ايفا اسيتون 100 مل,40,1,40,20260324
بيوتي بلندر,15,1,15,20260324
برفان قلم 35 مل,40,1,40,20260324
بلاشر اسفنجة سندرا 154,75,1,75,20260324
علبة دبوس طرحة مربعة صغيرة,5,1,5,20260324
علبة دبوس طرحة مربعة صغيرة,5,1,5,20260324
فرشاة تدليك سيليكون بيد,45,1,45,20260324
علبة دبوس طرحة بيضاوية صغيرة,5,1,5,20260324
روز بيري كحل الوان ووتر بروف,65,2,130,20260324
اماندا مرطب شفاه,30,1,30,20260324
ايفا كريم تفتيح تحت العين 15 مل,55,1,55,20260324
روز بيري لوس باودر 0970,190,1,190,20260324
ميدالية مفتاح مضيئة,45,1,45,20260324
قفاش فراشة الوان,25,1,25,20260324
بوس برفان حريمي 100 مل,250,1,250,20260324
مايبلين كحل اسود ماتيك,65,1,65,20260324
بليلز ليب بالم فراولة,5,1,5,20260324
مايت سينما كونسيلر,95,1,95,20260324
تاتو سحري,35,1,35,20260324
دوف بديل الزيت 300 مل,155,1,155,20260324
قطعة مبرد اظافر خشب صغير,5,1,5,20260324
فرشاة  مسكرة,5,1,5,20260324
فرشاة  مسكرة,5,1,5,20260324
ساندرا ليب بالم,50,1,50,20260324
كاريت ليب استيك,45,1,45,20260324
فرشاة  مسكرة,5,1,5,20260323
فايف دي لاصقة تبييض الاسنان (قطعة),15,2,30,20260323
قطعة مبرد اظافر خشب صغير,5,1,5,20260323
ار كيو برفان 30 مل,90,1,90,20260323
ار كيو برفان 30 مل,90,1,90,20260323
مس ديمي ليب لاينر,25,1,25,20260323
بليلز ليب بالم فراولة,5,4,20,20260323
جرانت مناديل مبللة للاطفال 72 منديل,25,1,25,20260323
بون بدي لوشن 250 مل,50,2,100,20260323
توكة منقار فراشة صغير,15,1,15,20260323
نتائج الطبيعة بديل زيت 35 جرام,15,2,30,20260323
ماي واي سبراي 125 مل,100,1,100,20260323
خمرة سبلاش 250 مل,160,1,160,20260323
مايت سينما هايلايتر سائل,85,1,85,20260323
اماندا مرطب شفاه,30,1,30,20260323
اماندا مرطب شفاه,30,1,30,20260323
ام ان قلم حواجب  مشط,20,1,20,20260323
بيو سوفت سكراب,75,1,75,20260323
AM اسبلاش 150 مل,85,1,85,20260323
سيتواه لاصقة بثور انف 3 قطع,75,1,75,20260323
لونا صابون جلسرين 100 جرام,45,1,45,20260323
ساندرا روج استيك 434,40,1,40,20260323
ساندرا روج استيك 434,40,1,40,20260323
ملمع سندرا 410,45,1,45,20260323
ملمع سندرا 410,45,1,45,20260323
بيوتي بلندر,15,1,15,20260323
بوبانا شيت ماسك كيس,40,1,40,20260323
ايفا ريسبي شامبو  350 مل,120,1,120,20260323
فلومار اكلادور 16 مل,25,2,50,20260323
بيو سوفت حمام كريم,95,1,95,20260323
واتسونز سبلاش 250 مل,75,1,75,20260323
بدي ليشيوس رول اون,60,1,60,20260323
ايفا بلسم ريسبي 350 مل,120,1,120,20260323
بونابيلا حمام كريم كيس,25,1,25,20260323
ديسار كريم تفتيح فيتامين سي 50 جرام,150,1,150,20260323
لونا مجموعة 4*1,145,1,145,20260323
شراب سيليكون لوكس كبير,65,1,65,20260323
شراب سيليكون لوكس كبير,65,1,65,20260323
مناديل جيب مبللة,10,1,10,20260323
ايفا بدي سبلاش 240 مل,190,1,190,20260323
افوفا بدي سبلاش ميني,45,1,45,20260323
ستارفيل رول اون,130,1,130,20260323
ايمامي زيت 50 مل,65,1,65,20260323
العراب ماء ورد 250 مل,25,1,25,20260323
خاتم فري سايز,70,1,70,20260323
حلق فص,25,1,25,20260322
صابونة لبان دكر,30,1,30,20260322
شيجلام اكلادور,15,1,15,20260322
ملمع سندرا 410,45,1,45,20260322
ملمع سندرا 550,50,1,50,20260322
AM اسبلاش 150 مل,85,1,85,20260322
علبة دبوس طرحة بيضاوية صغيرة,5,1,5,20260322
دبلة حريمي استانليس,70,1,70,20260322
بيو سوفت سكراب,75,1,75,20260322
برفان سمارت 15 مل,65,1,65,20260322
مروحة يد,35,1,35,20260322
ذا بدي شوب سبلاش 100 مل اوريجينال,150,1,150,20260322
ملقاط ذهبي,30,1,30,20260322
بليلز ليب بالم فراولة,5,1,5,20260322
اظافر يد اكليريك شفافة مجموعة 10 ق,10,1,10,20260322
FOR EVER اظافر يد (شريط),35,1,35,20260322
ليزا شيجلام اظافر يد (شريط),35,1,35,20260322
ليزا شيجلام اظافر يد (شريط),35,1,35,20260322
قطعة مبرد اظافر خشب صغير,5,1,5,20260322
فرشاة  مسكرة,5,1,5,20260322
يارا مسك طهارة,45,1,45,20260322
بونيه ستان دابل تركي,55,1,55,20260322
بيبي روز كونتور 16 لون,140,1,140,20260321
سنسوداين معجون اسنان حساسة 100 مل,73,1,73,20260321
سنسوداين معجون اسنان جل 100 مل,85,1,85,20260321
ام ان كونتور رباعي,41.5,2,83,20260321
روز بيري مسكرة بني,95,1,95,20260321
كلير شامبو 360 مل,102,1,102,20260321
شراب حريمي طويل,25,1,25,20260321
شراب حريمي قصير,20,3,60,20260321
ار كيو برفان 30 مل,90,1,90,20260321
خاتم اطفال (علبة قلب),20,1,20,20260321
نانا دبوس حجاب سيراميك سادة (قطعة),5,1,5,20260321
بليلز ليب بالم فراولة,5,1,5,20260321
مايبلين كحل اسود ماتيك,65,1,65,20260321
مولبد حفاضات نسائية طويل جدا 14 ق,55,1,55,20260321
شيجلام اظافر يد (عمود),30,1,30,20260321
روز بيري مسكرة زرقاء,95,1,95,20260321
روز بيري مسكرة زرقاء,95,1,95,20260321
قفاش مستطيل الوان كبير,30,1,30,20260321
استك ابيض شمس,15,1,15,20260321
كلبس تيكتاك اشكال ملون,10,1,10,20260321
ستاركي شيت ماسك,35,1,35,20260321
سلسلة دلاية وردة استانليس,95,1,95,20260321
عطور الشامي رول اون,45,1,45,20260321
بريتي وومن روج ستيك,40,1,40,20260321
بيوتي بلندر,15,1,15,20260321
كريم اساس لاشير زجاج,135,1,135,20260321
صابونة لبان دكر,30,1,30,20260321
بريتي وومن مناديل ازالة مكياج,5,1,5,20260321
مولبد حفاضات نسائية 16 ق,55,1,55,20260321
ستارفيل غسول جل 100 مل,80,1,80,20260321
خاتم اكسسوار,40,1,40,20260321
اليس جلافز,55,1,55,20260320
الوفيرا جل صبار 250 مل,25,1,25,20260320
صابونة لبان دكر,30,1,30,20260320
ماي واي مزيل عرق كريم سبرنج 40 مل,30,1,30,20260320
تينكل شفرات وجه 3 قطع,20,1,20,20260320
بيبي روز ايشادو 16 لون,125,1,125,20260320
بلاشر دايموند 6 لون 1010,85,1,85,20260320
شراب سيليكون لوكس كبير,65,1,65,20260320
بايجن صبغة حواجب,95,1,95,20260320
الصاروخ لاصق اظافر,4,2,8,20260320
الصاروخ لاصق اظافر,10,2,20,20260320
مبرد قدم خشب,30,1,30,20260320
مبرد قدم 4 * 1,30,1,30,20260320
توكة وردة تريندي منقطة,25,1,25,20260320
ساندرا ليب جلوس شفاف,45,1,45,20260320
اليس ليفة مغربية,45,1,45,20260320
قطعة اليس شفرات بينك 12 قطعة,15,1,15,20260320
مايت سينما روج دبدوب,35,1,35,20260320
اظافر يد اطفال سيليكون,25,2,50,20260320
ميدالية مفتاح لابوبو,25,1,25,20260320
فرشاة حواجب اشكال,15,1,15,20260320
مايبلين كحل اسود ماتيك,65,1,65,20260320
بليلز ليب بالم فراولة,5,1,5,20260320
بليلز ليب بالم فراولة,5,1,5,20260320
مايت سينما كونسيلر,95,1,95,20260320
كيكو اكلادور 18 مل,30,1,30,20260320
كيكو اكلادور 18 مل,30,1,30,20260320
ام ان ليب لاينر,25,1,25,20260320
بيوتي بلندر حجم صغير (كيس) 4*1,35,1,35,20260320
فرشاة  مسكرة,5,2,10,20260320
روز بيري مسكرة 5D,66.25,2,132.5,20260320
فرشاة صيغة,4,12,48,20260320
تينا فرشاة استشوار,52,3,156,20260320
ار كيو مخمرية سيرم 75 مل,100,1,100,20260320
ار كيو مخمرية سيرم 75 مل,65,2,130,20260320
روز بيري مسكرة بني,73.75,2,147.5,20260320
طقم فرشاة صيغة,35,1,35,20260320
فرشاة بيبي هير,70,1,70,20260320
طبق صبغة,15,1,15,20260320
هدى مسكرة شفافة فواكه,25,3,75,20260319
جوليشا حنة هندي للاظافر,18,12,216,20260319
طبق صبغة,7,3,21,20260319
غارنييه مزيل مكياج فيتامين سي 400 مل,250,1,250,20260319
فرشاة بيبي هير,52,2,104,20260319
طقم فرشاة صيغة,35,1,35,20260319
بونيه ستان دابل تركي,55,1,55,20260319
فرشاة  مسكرة,5,1,5,20260319
فرشاة  مسكرة,5,1,5,20260319
فرشاة  مسكرة,5,1,5,20260319
فرشاة  مسكرة,5,1,5,20260319
فرشاة  مسكرة,5,1,5,20260319
شراب حريمي قصير,20,2,40,20260319
الدكتور برفان قلم,40,1,40,20260319
الدكتور برفان قلم,40,1,40,20260319
الدكتور برفان قلم,40,1,40,20260319
ار كيو برفان 30 مل,90,1,90,20260319
ار كيو برفان 30 مل,90,1,90,20260319
ار كيو برفان 30 مل,60,2,120,20260319
ار كيو برفان 30 مل,90,1,90,20260319
جونسون زيت للاطفال 75 مل,54,2,108,20260319
هدى مسكرة شفافة بالهيالورنيك اسيد,27.5,2,55,20260319
تيزوري برفان تركي 100 مل,220,1,220,20260319
دوف صابونة 90 جرام,40,2,80,20260319
فاشون استيك (توكة) ستان كبير,25,2,50,20260319
كير اند مور كريم مرطب لليدين 50 مل,30,3,90,20260319
قطعة مبرد اظافر خشب صغير,5,1,5,20260319
قطعة مبرد اظافر خشب صغير,5,1,5,20260319
قطعة مبرد اظافر خشب صغير,5,1,5,20260319
كوجي سان صابونة 135 جرام,70,1,70,20260319
دوف اسبراي 250 مل,215,1,215,20260319
اليجانس مخمرية,35,1,35,20260319
كيكو اكلادور 18 مل,30,1,30,20260319
بريانكا صابونة لبان الدكر 150 جرام,50,1,50,20260319
تاتو سحري,35,2,70,20260319
مس ديمي ليب لاينر,25,1,25,20260319
بلوب اكسجين 100 مل,15,1,15,20260319
بلوب اكسجين 100 مل,10,3,30,20260319
القرمز صبغة شعر,45,1,45,20260319
القرمز صبغة شعر,32.5,3,97.5,20260319
فلومار كحل ابيض,25,1,25,20260319
فلومار كحل ابيض,25,1,25,20260319
سيلفانا اكلادور,15,1,15,20260319
جوليشا حنة هندي لليد و الجسم 23 جرام,40,1,40,20260319
ملقاط (كيس),9.5,5,47.5,20260319
قفاش فراشة 3 على كارت,45,1,45,20260319
تناية رموش معدن بيد مقص,17.5,3,52.5,20260319
بريتي وومان مصحح حواجب 2 لون علبة مستطيلة,65,1,65,20260319
FOR EVER اظافر يد (شريط),35,1,35,20260319
FOR EVER اظافر يد (شريط),35,2,70,20260319
FOR EVER اظافر يد (شريط),35,1,35,20260319
شيجلام ليب جلوس شفاف,40,1,40,20260319
شيجلام ليب جلوس شفاف,40,1,40,20260319
نانا دبوس حجاب سيراميك سادة (قطعة),5,1,5,20260319
علبة دبوس طرحة بيضاوية كبيرة,10,1,10,20260319
علبة دبوس طرحة بيضاوية كبيرة,10,1,10,20260319
سندرا ليب جلوس 418,50,1,50,20260319
سندرا ليب جلوس 418,50,1,50,20260319
خاتم اطفال (علبة قلب),20,2,40,20260319
بليلز ليب بالم فراولة,5,2,10,20260319
بليلز ليب بالم فراولة,5,1,5,20260319
بليلز ليب بالم فراولة,5,1,5,20260319
بليلز ليب بالم فراولة,5,1,5,20260319
تاتو سحري,35,1,35,20260319
شيجلام قلم حواجب,20,1,20,20260319
سيتواه لاصقة بثور انف (قطعة),25,1,25,20260319
سيتواه لاصقة بثور انف (قطعة),25,1,25,20260319
ميدالية مفتاح بطوط,25,1,25,20260319
استيك مجموعات كبير اسود 15 ق,30,1,30,20260319
استيك مجموعات كبير اسود 15 ق,30,1,30,20260319
ذا بدي شوب سبلاش 100 مل اوريجينال,75,4,300,20260319
شاور كاب ووتر بروف (كيس),25,1,25,20260319
مجموعة دبوس مشبك,5,1,5,20260319
مجموعة دبوس مشبك,5,1,5,20260319
اظافر يد اطفال سيليكون,8,12,96,20260319
ستاركي شيت ماسك,35,1,35,20260319
سلسلة حرف استانليس,75,1,75,20260319
وان كريم ازالة الشعر 40 جرام,25,2,50,20260319
دوركو شفرات حريمي 5+1,40,1,40,20260319
علبة توك 3*1 صغيرة,30,1,30,20260319
بوبانا ماسك انبوبه 150 جرام,95,1,95,20260319
الجو فرشة اسنان اطفال,15,1,15,20260319
ليه كاريتييه حمام كريم كيس 35 مل,15,1,15,20260319
طوق فراشة معدن,40,1,40,20260319
تريشوب حمام كريم كيس 30 مل,15,1,15,20260319
فرشاة ماسك,20,1,20,20260319
ميني بيوتي بلندر 4 قطع,10,7,70,20260319
ايفا شيت ماسك 3*1,90,1,90,20260319
كوكو واكس,55,1,55,20260319
اماندا مرطب شفاه,30,1,30,20260319
بالمرز كريم 150 جرام,118,1,118,20260319
سجدة توكة ستان,25,1,25,20260319
انيزيو غسول جل للوجه 200 مل,250,1,250,20260319
اليس شفرات وجه 3 ق علبة بيينك,65,1,65,20260319
نت شيل بدي جل اويل بالارجان 250 مل,300,1,300,20260319
نودي بيوتي سكراب شفايف + تنت,25,1,25,20260319
يوكو ملح حليب 300 جرام,50,2,100,20260319
ام ان كومباكت بودر,80,1,80,20260319
نودي بيوتي مخمرية 50 جرام,45,1,45,20260319
العود الملكي مخمرية 40 جرام,35,1,35,20260319
توكة وردة تريندي منقطة,25,1,25,20260319
طقم سلسله + حلق استانليس,60,1,60,20260319
قفاش وردة تريندي صغير,10,2,20,20260319
اظافر يد,55,1,55,20260319
محفظة حريمي كبسوله كبيره,150,1,150,20260319
فلورمار روج خشب,35,1,35,20260319
فلورمار روج خشب,35,1,35,20260319
ايفا بدي سكراب 250 جرام,110,1,110,20260319
قطعة دبوس تركي للحجاب,5,1,5,20260319
قطعة حلق تكة استانليس,45,1,45,20260319
توكة شعر كريز,20,1,20,20260319
استك مجموعات صغير 24 قطعة,25,1,25,20260319
لفايف للشعر الكيرلي,45,1,45,20260319
استك ستان ابيض سادة,15,1,15,20260319
مبرد قدم خشب,17.5,3,52.5,20260319
استك ستان فصوص,15,1,15,20260319
استك ستان فصوص,15,1,15,20260319
شيلز اسبراي 175 مل,85,1,85,20260319
كوكو زيت ملطف,60,1,60,20260319
خالص برفان اماراتي 100 مل,250,1,250,20260319
علبة دبوس طرحة بيضاوية صغيرة,5,1,5,20260319
بنسة شعر جلوريا,15,1,15,20260319
حلق اشكال RT استانليس,125,1,125,20260319
توكة شعر منقطة,15,1,15,20260319
علبة دبوس طرحة مربعة صغيرة,5,1,5,20260319
كوين شفرات 5 قطع,30,1,30,20260319
رسومات حنة و تاتو,15,1,15,20260319
رسومات حنة و تاتو,15,1,15,20260319
الصاروخ لاصق اظافر,10,1,10,20260319
الصاروخ لاصق اظافر,10,1,10,20260319
الصاروخ لاصق اظافر,10,1,10,20260319
لونا زبدة شفايف عرض 2*1,50,1,50,20260319
ايفا اسيتون 100 مل,22,2,44,20260319
بوبانا ملح حليب كيس,26,2,52,20260319
بوبانا سكراب 300 جرام,70,1,70,20260319
بوبانا ماسك طمي قناع برطمان  400 جرام,75,1,75,20260319
بوبانا لوشن انبوبة 240 مل,155,1,155,20260319
طقم فوارغ 5*1,55,1,55,20260319
طقم فوارغ 5*1,27.5,6,165,20260319
دهب ليفة كف,35,1,35,20260319
ديما مسك طهارة ابيض+رمان,45,1,45,20260319
ديما مسك طهارة ابيض+رمان,45,1,45,20260319
بونابيلا حمام كريم كيس,25,1,25,20260319
الو ايفا حمام كريم 250 جم,75,1,75,20260319
الو ايفا حمام كريم 250 جم,75,1,75,20260319
باليت صبغة شعر,125,1,125,20260319
كحل بنجور ماتيك,15,1,15,20260319
برايمر بيبي سكين,25,1,25,20260319
كلبسات شعر بلاستيك,24.5,2,49,20260319
بوبانا شيت ماسك كيس,40,4,160,20260319
بوبانا شيت ماسك كيس,40,1,40,20260319
بوبانا شيت ماسك كيس,40,1,40,20260319
بوبانا شيت ماسك كيس,40,1,40,20260319
بوبانا شيت ماسك كيس,22,1,22,20260319
ستارفيل غسول جل 200 مل,125,1,125,20260319
ستارفيل غسول جل 200 مل,83.5,2,167,20260319
افوفا شفرات حريمي (كيس اخضر) 4 + 1,75,1,75,20260319
افوفا شفرات حريمي (كيس اخضر) 4 + 1,75,1,75,20260319
شاور جل لوزان 2.25 لتر,80,1,80,20260319
فلومار اكلادور 16 مل,25,1,25,20260319
روج سحري اخضر,20,1,20,20260319
بريتي وومن روج ستيك,40,1,40,20260319
فلومار اكلادور 16 مل,25,2,50,20260319
فلومار اكلادور 16 مل,13.5,6,81,20260319
شيجلام ملمع شفايف 8861,45,1,45,20260319
اليس شفرات وجه 3 ق علبة موف,60,1,60,20260319
مسكره ام ان زجاج 342,85,1,85,20260319
فاتيكا حمام كريم 1 كيلو,102,1,102,20260319
تينكل شفرات وجه 3 قطع,20,1,20,20260319
فاتيكا كريم شعر 125 مل,55,1,55,20260319
فاتيكا كريم شعر 125 مل,55,1,55,20260319
فرشاة حمام زيت,12.88,2,25.76,20260319
ابرة بثور,10.5,5,52.5,20260319
ابرة بثور,15,1,15,20260319
جي كي صبغة شعر,225,1,225,20260319
حبر تاتو,30,1,30,20260319
حبر تاتو,30,2,60,20260319
حبر تاتو,30,2,60,20260319
جيليت بلو تو شفرات,15,1,15,20260319
ايفا غسول للوجه ومزيل للمكياج 150 مل,45.5,2,91,20260319
الو ايفا بلسم ارجان 230 مل,75,1,75,20260319
ستاركي سكراب 300 مل,30,1,30,20260319
فريدا شاور جل 1200 مل,145,1,145,20260319
حرير سويت,25,1,25,20260319
حرير سويت,25,1,25,20260319
حرير سويت,25,1,25,20260319
حرير سويت,12.5,3,37.5,20260319
حرير سويت,12.5,3,37.5,20260319
مود هاند ووش,60,1,60,20260319
طقم فرش ايشادو,60,1,60,20260319
اليس جلافز,37.8,6,226.8,20260319
روز بيري كحل,65,1,65,20260319
توكة وردة تريندي,25,1,25,20260319
ستارفيل شيت ماسك,55,1,55,20260319
ستارفيل شيت ماسك,55,1,55,20260319
لونا مرطب يد وجسم 75 جم,60,1,60,20260319
بندولين كريم اطفال للشعر الكيرلي 150 مل,145,1,145,20260319
بنسة شعر Ball Tip,10,1,10,20260319
مايت سينما بلاشر بودر,55,1,55,20260319
جومانا حنة اظافر,20,1,20,20260319
حلق فص,25,1,25,20260319
حلق 3*1,30,1,30,20260319
تاتو برونز,5,1,5,20260319
العراب ماء ورد 250 مل,17.5,2,35,20260319
بانثينول كريم مرطب و ملطف للجلد 30 جرام,45,1,45,20260319
ايفا جولد ارجان واقي من الحرارة 200 مل,210,1,210,20260319
الو ايفا شامبو بالارجان 230 مل,75,1,75,20260319
عدسات فريش ليدي,110,1,110,20260319
العراب ماء ورد 250 مل,25,1,25,20260318
بانثينول كريم مرطب و ملطف للجلد 30 جرام,45,1,45,20260318
حلق فص,25,1,25,20260318
ايفا كريم مرطب 50 جم,21.5,3,64.5,20260318
بنسة شعر Ball Tip,10,1,10,20260318
سلسلة mka,35,1,35,20260318
خاتم اكسسوار,40,1,40,20260318
خاتم وعد,30,1,30,20260318
ستارفيل شيت ماسك,55,1,55,20260318
توكة وردة تريندي,25,1,25,20260318
مبرد 6*1,25,1,25,20260318
ايميليا طقم سكراب للشفايف 4 * 1,115,1,115,20260318
كير اند مور تونر  150 مل,80,1,80,20260318
سيفورا كحل,65,1,65,20260318
قفاش,10,2,20,20260318
طوق,25,1,25,20260318
حرير سويت,25,2,50,20260318
مولبد حفاضات نسائية الترا رفيعة طويل جدا 14 ق,53,1,53,20260318
الوفيرا جل صبار 250 مل,16.5,2,33,20260318
مولبد حفاضات نسائية 16 ق,38.75,2,77.5,20260318
وايت مناديل مبللة للاطفال 72 منديل,27,1,27,20260318
ايفا بدي لوشن,92,1,92,20260318
حبر تاتو,30,1,30,20260318
استك لؤلؤ,25,1,25,20260318
ليدي موديل روج خشب 70,35,1,35,20260318
روج ستيك روز جولد 180,65,1,65,20260318
ايسنس برنسيس مسكره,85,1,85,20260318
ايسنس برنسيس مسكره,85,1,85,20260318
شيجلام ملمع شفايف 8861,45,1,45,20260318
ملمع سندرا 410,45,1,45,20260318
روج سندرا سايل 518,45,1,45,20260318
فلومار اكلادور 16 مل,25,1,25,20260318
فلومار اكلادور 16 مل,25,1,25,20260318
افوفا شفرات حريمي (كيس اخضر) 4 + 1,75,1,75,20260318
بوبانا شيت ماسك كيس,40,3,120,20260318
بوبانا شيت ماسك كيس,40,1,40,20260318
بوبانا شيت ماسك كيس,40,1,40,20260318
بوبانا شيت ماسك كيس,40,1,40,20260318
ماكينة حلاقة VGR - 057,950,1,950,20260318
شيجلام اكلادور,15,1,15,20260318
غارنييه صبغة شعر,145,1,145,20260318
الو ايفا حمام كريم 250 جم,63.21,1,63.21,20260318
بايجن صبغة حواجب,95,1,95,20260318
بوبانا لوشن انبوبة 240 مل,98,1,98,20260318
كير اند مور كريم مرطب  75 مل,40,1,40,20260318
الصاروخ لاصق اظافر,10,1,10,20260318
الصاروخ لاصق اظافر,10,1,10,20260318
اليس بايو سوفت قطن  120 ق,70,1,70,20260318
واتسونز سبلاش 250 مل,75,1,75,20260318
علبة دبوس طرحة بيضاوية صغيرة,5,1,5,20260318
توكة منقار كريز على الكارت,25,1,25,20260318
كير اند مور مرطب شقاه 20 مل,50,1,50,20260318
منقار فيونكة 2 على كارت,25,1,25,20260318
منقار فيونكة 2 على كارت,25,1,25,20260318
سكراب النيلة الزرقاء المغربي,45,1,45,20260318
اسبلاش ذهبي 250 مل,75,4,300,20260318
كيسيم اسبراي اماراتي  150 مل,80,1,80,20260318
AM اسبلاش 150 مل,85,1,85,20260318
توكة شعر كريز,20,3,60,20260318
سورتيت اطفال سادة الوان,25,1,25,20260318
جواشا حجر رخام,40,1,40,20260318
خاتم توينز استانليس,70,1,70,20260318
فلورمار روج خشب,35,1,35,20260318
فلورمار روج خشب,35,1,35,20260318
كحل جرس الماني,25,1,25,20260318
ملقاط تويزرز,25,1,25,20260318
سلسلة دلاية وردة استانليس,95,1,95,20260318
بالمرز كريم 150 جرام,155,1,155,20260318
ستاركي كريم مرطب 150 مل,24.5,2,49,20260318
ترينا شفرات تركي اوريجنال 2*1,200,1,200,20260318
اماندا مرطب شفاه,30,2,60,20260318
نابلسي شاهين صابونة 85 جرام,5,3,15,20260318
فاتيكا حمام كريم كيس 35 جم,15,1,15,20260318
ايفا كيراتين بديل الزيت 190 مل,100,1,100,20260318
تريشوب حمام كريم كيس 30 مل,15,1,15,20260318
استك لولي 3*1,20,1,20,20260318
كلبس فيونكة ابيض 2 على كارت,25,1,25,20260318
كلبس 10 على كارت,30,1,30,20260318
وان كريم ازالة الشعر 90 جرام,40,1,40,20260318
سلسلة حرف استانليس,75,1,75,20260318
ستاركي شيت ماسك,35,2,70,20260318
انشانتر لوشن للجسم اوريجينال 250 مل,210,1,210,20260318
جرانت مناديل مبللة للاطفال 72 منديل,15.5,1,15.5,20260318
جلافز استحمام قطعة واحدة,25,1,25,20260318
زينة مناديل سحب 500 قطغة,25,1,25,20260318
روز بيري تنت جيلي,90,1,90,20260318
مولبد حفاضات نسائية طويل جدا 14 ق,38.75,1,38.75,20260318
تاتو سحري,35,1,35,20260318
تاتو سحري,35,1,35,20260318
بليلز ليب بالم فراولة,5,1,5,20260318
بليلز ليب بالم فراولة,5,1,5,20260318
بليلز ليب بالم فراولة,5,2,10,20260318
خاتم اطفال (علبة قلب),20,1,20,20260318
سندرا ليب جلوس 418,50,1,50,20260318
اظافر اطفال (علبة) 12 قطعة,15,1,15,20260318
نانا دبوس حجاب سيراميك سادة (قطعة),5,2,10,20260318
كريزي ليب بالم,25,1,25,20260318
FOR EVER اظافر يد (شريط),35,1,35,20260318
مايت سينما كونسيلر,95,1,95,20260318
سندرا ليب جلوس 418,50,1,50,20260318
اظافر يد اكليريك شفافة مجموعة 10 ق,10,1,10,20260318
سيلفانا اكلادور,15,2,30,20260318
ام ان كحل اسود ووتر برووف (غلاف ذهبي),35,1,35,20260318
مايت سينما روج ارنوب,45,1,45,20260318
فازلين جلي الترطيب الاصلي 50 مل,55,1,55,20260318
Paper Craneاظافر يد الوان 24 قطعة,60,1,60,20260318
افريكانا صابون مغربي  300 جرام,165,1,165,20260318
زوي اكلادور 18 مل,30,1,30,20260318
سويت الاميرات دلكة السودانية,55,1,55,20260318
كيارا كريم مرطب للبشرة الدهنية و المختلطة 120 جرام,220,1,220,20260318
قطعة مبرد اظافر خشب صغير,5,1,5,20260318
كير اند مور كريم مرطب لليدين 50 مل,45,4,180,20260318
فاشون استيك (توكة) ستان كبير,25,1,25,20260318
روز جولد ليب بالم,45,1,45,20260318
الدكتور برفان قلم,40,1,40,20260318
الدكتور برفان قلم,40,1,40,20260318
الدكتور برفان قلم,40,1,40,20260318
فاتيكا غسول للوجه 150 مل,52,3,156,20260318
لاروج جل  كعب الغزال 250 مل,12,2,24,20260318
بندولين كريم اطفال للشعر العادي و الجاف 150 مل,93.45,1,93.45,20260318
زينة مناديل تواليت 2 ق,18.5,1,18.5,20260318
مولبد حفاضات نسائية طويل جدا لليشرة الحساسة 14 ق,38.75,2,77.5,20260318
مخمرية جليتر 50 جرام,19.25,2,38.5,20260317
طقم فرشاة صيغة,19,2,38,20260317
روز بيري كونسيلر,90,1,90,20260317
روز جولد ليب بالم,45,2,90,20260317
فاشون استيك (توكة) ستان كبير,25,1,25,20260317
yalla اظافر يد كارت,30,1,30,20260317
ايسنس مسكرة شفافة,50,1,50,20260317
دوف صابونة 90 جرام,40,1,40,20260317
دوف صابونة 90 جرام,40,1,40,20260317
دوف صابونة 90 جرام,40,1,40,20260317
دوف اسبراي 250 مل,215,1,215,20260317
كوكو صبغة شعر,105,1,105,20260317
كوكو صبغة شعر,75,2,150,20260317
سيلفانا اكلادور,15,1,15,20260317
سيلفانا اكلادور,15,1,15,20260317
سيلفانا اكلادور,15,1,15,20260317
XL  اسبراي 150 مل,85,2,170,20260317
اظافر يد اكليريك شفافة مجموعة 10 ق,10,1,10,20260317
سندرا ليب جلوس 418,50,1,50,20260317
سندرا ليب جلوس 418,50,1,50,20260317
ليزا شيجلام اظافر يد (شريط),35,3,105,20260317
FOR EVER اظافر يد (شريط),35,1,35,20260317
شيجلام ليب جلوس شفاف,40,1,40,20260317
V9 قصافة اظافر,25,1,25,20260317
علبة دبوس طرحة بيضاوية كبيرة,10,1,10,20260317
علبة دبوس طرحة بيضاوية كبيرة,10,1,10,20260317
علبة دبوس طرحة بيضاوية كبيرة,10,2,20,20260317
اظافر اطفال (علبة) 12 قطعة,15,1,15,20260317
اظافر اطفال (علبة) 12 قطعة,15,1,15,20260317
كوين فينجر اظافر يد 24 علي كارت,15,2,30,20260317
خاتم اطفال (علبة قلب),20,1,20,20260317
فرشاة دمج ايشادو اشكال,20,1,20,20260317
صوفي الترا حفاضات نسائية طويل جدا 14 ق,65,1,65,20260317
سيتواه لاصقة بثور انف (قطعة),25,1,25,20260317
سلسلة امي استانليس,75,1,75,20260317
جرانت مناديل مبللة للاطفال 72 منديل,15.5,1,15.5,20260317
مجموعة دبوس مشبك,5,1,5,20260317
سوبر كيدز مناديل 72 منديل,75,1,75,20260317
استيك مجموعات كبير اسود 15 ق,30,2,60,20260317
استيك مجموعات كبير اسود 15 ق,30,1,30,20260317
استيك مجموعات كبير اسود 15 ق,30,1,30,20260317
ملقاط ذهبي,30,1,30,20260317
كلبس كيتي نجمة بلاستيك 2 على كارت,20,1,20,20260317
استك ابيض ليكرا كبير,15,1,15,20260317
كلبس فيونكة تل ابيض 2 على كارت,30,1,30,20260317
قفاش مستطيل الوان كبير,30,1,30,20260317
طوق بسنون اسود بلولي,25,1,25,20260317
كلبس 10 على كارت,30,1,30,20260317
استك ستان الوان + فرو,25,1,25,20260317
كلبس فيونكة ابيض 2 على كارت,25,1,25,20260317
كلبس فراشة ابيض 2 على كارت,30,1,30,20260317
توكة منقار فراشة صغير,15,1,15,20260317
توكة منقار فراشة صغير,15,2,30,20260317
استك TK 2,25,1,25,20260317
فاتيكا حمام كريم كيس 35 جم,15,1,15,20260317
العود الملكي مخمرية 40 جرام,35,1,35,20260317
طقم فوارغ 2 قطعة,25,1,25,20260317
سلسلة 2 دور استانليس,110,1,110,20260317
سلسلة قلب ستانلس,75,1,75,20260317
قطعة حلق تكة استانليس,45,1,45,20260317
قطعة حلق تكة استانليس,45,1,45,20260317
فلورمار روج خشب,35,2,70,20260317
خاتم عقلة,20,1,20,20260317
استك ستان فصوص,15,1,15,20260317
مبرد قدم خشب,30,1,30,20260317
مبرد قدم خشب,30,1,30,20260317
صن سويت,11,3,33,20260317
مايت سينما روج,45,1,45,20260317
بنسة شعر جلوريا,15,1,15,20260317
فينوس شفرات 4 قطع,110,1,110,20260317
اليس بايو سوفت قطن  120 ق,70,1,70,20260317
الصاروخ لاصق اظافر,10,1,10,20260317
الصاروخ لاصق اظافر,10,1,10,20260317
كير اند مور كريم مرطب  75 مل,30,3,90,20260317
بوبانا ماسك انبوبة 120 مل,75,1,75,20260317
بايجن صبغة حواجب,82.42,1,82.42,20260317
بايجن صبغة حواجب,95,1,95,20260317
بوبانا ماسك حليب,49.45,1,49.45,20260317
اكلادور فيت مي,25,1,25,20260317
بوبانا شيت ماسك كيس,40,2,80,20260317
ستارفيل غسول جل 200 مل,125,1,125,20260317
ستارفيل جل مرطب هيدراتنج 100 مل انبوبه,175,1,175,20260317
افوفا شفرات حريمي (كيس اخضر) 4 + 1,54,3,162,20260317
فلامنجو شفرات,30,1,30,20260317
فلامنجو شفرات,30,1,30,20260317
فلومار اكلادور 16 مل,25,1,25,20260317
روج جلوس شفايف لاست لوك 2005,45,1,45,20260317
ملمع سندرا 410,45,1,45,20260317
مايت سينما ايشادو 48 لون,165,1,165,20260317
ستاركي سكراب 300 مل,30,1,30,20260317
فريدا شاور جل 3 لتر,262,1,262,20260317
وايت مناديل مبللة للاطفال 72 منديل,26.75,2,53.5,20260317
وايت مناديل مبللة للاطفال 72 منديل,45,1,45,20260317
مولبد حفاضات نسائية 16 ق,55,1,55,20260317
كوكو واكس شيت,75,1,75,20260317
صوفي حفاضات نسائية طويل 16 قطعة,50,1,50,20260317
جلوري حنة أكياس,40,1,40,20260317
اليس جلافز,55,1,55,20260317
توكة وردة تريندي,25,1,25,20260317
مناديل اسيتون,25,1,25,20260317
خاتم اطفال,10,1,10,20260317
ايفا كريم مرطب 50 جم,30,1,30,20260317
الو ايفا شامبو بالارجان 230 مل,64,2,128,20260317
براية كحل,20,2,40,20260317
وايت مناديل سحب,23,4,92,20260316
ايفا كريم مرطب 170 جم,55,1,55,20260316
توكة وردة تريندي,25,1,25,20260316
ستارفيل شيت ماسك,36.5,3,109.5,20260316
اليس جلافز,55,1,55,20260316
ذا بدي شوب سبلاش 250 مل,130,1,130,20260316
مبرد اظافر 3 قطع,40,1,40,20260316
بلاشر اسفنجة سندرا 154,75,1,75,20260316
فلومار اكلادور 16 مل,25,1,25,20260316
فلومار اكلادور 16 مل,25,1,25,20260316
بوبانا شيت ماسك كيس,40,1,40,20260316
بوبانا شيت ماسك كيس,23,12,276,20260316
كحل بنجور ماتيك,15,3,45,20260316
دهب ليفة كف,35,1,35,20260316
سيرم زيرو فريز,300,1,300,20260316
بوبانا ماسك طمي قناع برطمان  400 جرام,45,2,90,20260316
بوبانا سكراب 300 جرام,44.725,2,89.45,20260316
برفان 60 مل,60,1,60,20260316
اكس اسبراي جيب 17 مل,55,1,55,20260316
خاتم عقلة,20,2,40,20260316
لفايف للشعر الكيرلي,45,1,45,20260316
ايفا بدي سكراب 250 جرام,83,1,83,20260316
قطعة دبوس تركي للحجاب,5,2,10,20260316
كحل جرس الماني,25,1,25,20260316
سلسلة شعاع استانليس,75,1,75,20260316
بلانكي كريم مرطب للاطفال 150 مل,150,1,150,20260316
العود الملكي مخمرية 40 جرام,24,4,96,20260316
نودي بيوتي سكراب شفايف + تنت,25,1,25,20260316
زيت السعد 60 مل,75,1,75,20260316
روز بيري كحل الوان ووتر بروف,65,1,65,20260316
فلامنجو شفرات 3 قطع اوريجنال,225,1,225,20260316
نابلسي شاهين صابونة 85 جرام,5,1,5,20260316
قفاش فراشة تريندي,25,2,50,20260316
ذا بدي شوب سبلاش 100 مل اوريجينال,80,1,80,20260316
ميدالية مفتاح فراولة و كريز,25,1,25,20260316
خاتم اطفال (علبة قلب),20,1,20,20260316
اظافر اطفال (علبة) 12 قطعة,15,1,15,20260316
علبة دبوس طرحة بيضاوية كبيرة,10,1,10,20260316
نانا دبوس حجاب سيراميك سادة (كارت),35,1,35,20260316
شيجلام ليب جلوس شفاف,40,1,40,20260316
مايت سينما ليب جلوس دبدوب,45,1,45,20260316
FOR EVER اظافر يد (شريط),35,1,35,20260316
اظافر يد اكليريك شفافة مجموعة 10 ق,10,1,10,20260316
تناية رموش معدن بيد مقص,35,1,35,20260316
مخمرية روائح متنوعة,40,3,120,20260316
جوليشا حنة هندي لليد و الجسم 23 جرام,40,1,40,20260316
كيكو اكلادور 18 مل,30,1,30,20260316
القرمز صبغة شعر,45,1,45,20260316
لونا كريم ترطيب لعلاج تشققات و جفاف الجلد 20 جرام,30,2,60,20260316
قطعة مبرد اظافر خشب صغير,0.909,22,20,20260316
دوف صابونة 90 جرام,40,1,40,20260316
فاشون استيك (توكة) ستان كبير,25,1,25,20260316
ار كيو برفان 30 مل,90,5,450,20260316
ار كيو برفان 30 مل,60,5,300,20260316
فرشاة  مسكرة,5,1,5,20260316
سوب اند جلوري جلافز 2 قطعة,150,1,150,20260316
ميدالية ستيتش,60,1,60,20260316
ميدالية ستيتش,40,2,80,20260316
بونيه ستان دابل تركي,37,2,74,20260316
روز بيري كونسيلر,90,1,90,20260315
روز بيري كونسيلر,90,1,90,20260315
فايف دي لاصقة تبييض الاسنان (قطعة),15,1,15,20260315
مايت سينما مسكرة ووتر بروف ULTRA BLACK,85,1,85,20260315
سيجنال فرشاة اسنان غرض 2 * 1,45,1,45,20260315
غارنييه مزيل مكياج بالزيت 100 مل,110,1,110,20260315
بريتي وومن مصحح حواجب 2 لون,55,1,55,20260315
سيجنال معجون اسنان 50 مل,30,1,30,20260315
كوكو صبغة شعر,105,2,210,20260315
ملقاط (كيس),30,1,30,20260315
سندرا ليب جلوس 418,50,1,50,20260315
سندرا ليب جلوس 418,50,1,50,20260315
كريزي ليب بالم,25,1,25,20260315
كريزي ليب بالم,25,1,25,20260315
نانا دبوس حجاب سيراميك سادة (قطعة),5,2,10,20260315
علبة دبوس طرحة بيضاوية كبيرة,10,1,10,20260315
اظافر اطفال (علبة) 12 قطعة,15,1,15,20260315
خاتم اطفال (علبة قلب),20,1,20,20260315
ميدالية مفتاح بطوط,25,1,25,20260315
بليلز ليب بالم فراولة,5,1,5,20260315
خاتم فضي اشكال استانليس,50,1,50,20260315
ديرما اكتيف مرطب جل 50 مل,200,1,200,20260315
ليفين مرطب للبشرة 5 مل,5,5,25,20260315
اليس شفرات 4*1 AS-08,90,1,90,20260315
اليس شفرات وجه 3 ق علبة بيينك,65,1,65,20260315
ديسار ماسك تفتيح محيط العين 60 ق,170,1,170,20260315
بلانكي مرطب اطفال صغير انبوبة 40 مل,90,1,90,20260315
سلسلة شعاع استانليس,75,1,75,20260315
سلسلة قلب ستانلس,65,1,65,20260315
سلسلة قلب ستانلس,65,1,65,20260315
حلق دلاية سلسلة استانليس,105,1,105,20260315
قطعة دبوس تركي للحجاب,5,4,20,20260315
خاتم توينز استانليس,70,1,70,20260315
توكة شعر كريز,20,1,20,20260315
استك مجموعات صغير 24 قطعة,25,1,25,20260315
كير اند مور مرطب شقاه 20 مل,50,1,50,20260315
فلورمار قلم حواجب بني,30,1,30,20260315
علبة دبوس طرحة بيضاوية صغيرة,5,1,5,20260315
مناديل جيب مبللة,10,1,10,20260315
فلومار اكلادور 16 مل,25,1,25,20260315
اليس بايو سوفت قطن 70 ق,50,1,50,20260315
لورد فوم حلاقة,65,1,65,20260315
حلق فص,25,1,25,20260315
جومانا حنة اظافر,20,1,20,20260314
ستارفيل شيت ماسك,55,1,55,20260314
ستارفيل شيت ماسك,55,1,55,20260314
كوكو سويت كرتون,30,2,60,20260314
مور مناديل مبللة للاطفال 72 منديل,25,1,25,20260314
الوفيرا جل صبار 250 مل,25,1,25,20260314
شيجلام اكلادور,15,1,15,20260314
روج سندرا سايل 549,45,2,90,20260314
شيجلام ملمع شفايف 8861,45,1,45,20260314
اليس شفرات وجه 3 ق علبة موف,60,1,60,20260314
بيوتي بلندر,15,1,15,20260314
بوبانا ماسك طمي قناع برطمان  400 جرام,75,1,75,20260314
كير اند مور كريم مرطب  75 مل,40,1,40,20260314
فرشاة تدليك سيليكون بيد,45,1,45,20260314
خاتم عقلة,20,1,20,20260314
ايفا بدي سكراب 250 جرام,110,1,110,20260314
فلورمار روج خشب,13.333,24,319.99,20260314
العود الملكي مخمرية 40 جرام,35,1,35,20260314
روز بيري كحل الوان ووتر بروف,40,6,240,20260314
ساندرا ليب جلوس شفاف,45,1,45,20260314
ساندرا ليب جلوس شفاف,45,1,45,20260314
شاور كاب ووتر بروف (كيس),25,1,25,20260314
ميدالية مفتاح فراولة و كريز,25,1,25,20260314
زينة مناديل سحب 500 قطغة,22,1,22,20260314
سندرا ليب جلوس 418,50,1,50,20260314
اظافر اطفال (علبة) 12 قطعة,15,1,15,20260314
شيجلام ليب جلوس شفاف,18.334,24,440.02,20260314
كريزي ليب بالم,12.5,12,150,20260314
دريم كرايونز ليب بالم,10.417,24,250.01,20260314
مايت سينما ليب جلوس دبدوب,29.167,12,350,20260314
FOR EVER اظافر يد (شريط),20,6,120,20260314
FOR EVER اظافر يد (شريط),35,1,35,20260314
FOR EVER اظافر يد (شريط),20,12,240,20260314
ليزا شيجلام اظافر يد (شريط),16.666,5,83.33,20260314
ليزا شيجلام اظافر يد (شريط),20,5,100,20260314
سندرا ليب جلوس 418,50,1,50,20260314
كوكو صبغة شعر,105,1,105,20260314
دوف صابونة 90 جرام,40,1,40,20260314
فرشاة  مسكرة,5,1,5,20260314
فرشاة  مسكرة,5,1,5,20260314
روز بيري كونسيلر,65,6,390,20260314
روز بيري مسكرة,65,3,195,20260314
روز جولد ليب بالم,45,1,45,20260313
روز جولد ليب بالم,45,1,45,20260313
ايسنس مسكرة شفافة,50,1,50,20260313
ايسنس مسكرة شفافة,50,1,50,20260313
ار كيو برفان 30 مل,60,3,180,20260313
كير اند مور كريم مرطب لليدين 50 مل,45,1,45,20260313
كوكو صبغة شعر,75,6,450,20260313
ميلانو لاصق اظافر دبل فيس 24 قطعة,15,1,15,20260313
اظافر يد اكليريك شفافة مجموعة 10 ق,10,1,10,20260313
قطعة فيك بيرسنج,10,3,30,20260313
قطعة فيك بيرسنج,10,1,10,20260313
خاتم اطفال (علبة قلب),20,1,20,20260313
علبة دبوس طرحة بيضاوية كبيرة,10,1,10,20260313
بليلز ليب بالم فراولة,5,2,10,20260313
تاتو سحري,15,12,180,20260313
مايت سينما كومباكت بودر,63.25,3,189.75,20260313
ميدالية لابوبو,70,1,70,20260313
سكاندال برفان 100 مل,200,1,200,20260313
طوق فراشة معدن,40,1,40,20260313
خاتم حرف كبير استانليس,65,1,65,20260313
روز بيري ايلاينر لون اسود,100,1,100,20260313
خاتم عقلة,20,1,20,20260313
علبة دبوس طرحة مربعة صغيرة,5,1,5,20260313
مبرد قدم خشب,15,3,45,20260313
كير اند مور كريم مرطب  75 مل,40,1,40,20260313
كحل بنجور ماتيك,15,1,15,20260313
بوبانا شيت ماسك كيس,40,1,40,20260313
ايفا بدي سبلاش 240 مل,190,1,190,20260313
ستاركي سكراب 300 مل,30,2,60,20260313
ستاركي سكراب 300 مل,18,3,54,20260313
ستارفيل شيت ماسك,55,1,55,20260313
املاح باديكير فوارة 950 جم,14,2,28,20260313
فوطة ميكرو فايبر,33,3,99,20260313
اسبراي تفتيح كوري,78,2,156,20260313
روز بيري قلم حواجب دبل ثابت,125,1,125,20260313
اليس جلافز,36,2,72,20260313
جي كي صبغة شعر,225,1,225,20260312
جلوري حنة أكياس,40,1,40,20260312
قفاش,10,1,10,20260312
روج سحري اخضر,20,1,20,20260312
هير كنترول فرد,185,1,185,20260312
الصاروخ لاصق اظافر,10,1,10,20260312
تريو مزيل عرق رول اون,45,2,90,20260312
تمارا كريم شعر 110 مل,25,1,25,20260312
تاتو الوان,20,1,20,20260312
بليلز ليب بالم فراولة,5,1,5,20260312
سلسلة امي استانليس,75,1,75,20260312
زينة مناديل سحب 500 قطغة,25,1,25,20260312
بلوب اكسجين 100 مل,15,1,15,20260312
سيلفانا اكلادور,15,1,15,20260312
ار كيو برفان 30 مل,90,1,90,20260312
قطعة مولفيكس مقاس (3),7.5,2,15,20260312
شراب رجالي,20,1,20,20260311
مايت سينما بلاشر استيك,80,1,80,20260311
كير لاين لاصقة انف (قطعة),15,1,15,20260311
اليجانس مخمرية,35,1,35,20260311
روز جولد ليب جلوس ماجيك,50,1,50,20260311
ميلانو لاصق اظافر دبل فيس 24 قطعة,15,1,15,20260311
ميلانو لاصق اظافر دبل فيس 24 قطعة,15,1,15,20260311
سيتواه لاصقة بثور انف (قطعة),25,2,50,20260311
بليلز ليب بالم فراولة,5,1,5,20260311
مايبلين كحل اسود ماتيك,65,1,65,20260311
تاتو سحري,35,1,35,20260311
كوين فينجر اظافر يد 24 علي كارت,15,2,30,20260311
اظافر يد اطفال سيليكون,25,1,25,20260311
قطعة اليس شفرات بينك 12 قطعة,15,1,15,20260311
سيبال مسكرة 3D اوريجنال,300,1,300,20260311
شيت ماسك كوري,35,1,35,20260311
نودي بيوتي سكراب شفايف + تنت,25,1,25,20260311
انشانتر لوشن اوريجينال 500 مل,390,1,390,20260311
بلوره مزيلة للشعر,75,1,75,20260311
برطمان املاح طبيعيه للبادكير,25,1,25,20260311
كيسيم اسبراي 75 مل,40,1,40,20260311
استك مجموعات صغير 24 قطعة,25,1,25,20260311
سيلكا فرشاة فك تشابك,35,1,35,20260311
اظافر يد,55,1,55,20260311
لطافة برفان يارا كاندي,350,1,350,20260311
كازابلانكا املاح باديكير برطمان,50,1,50,20260311
بوبانا ماسك حليب,65,1,65,20260311
باليت صبغة شعر,125,1,125,20260311
شيجلام روج خشب,35,1,35,20260311
مسكره ام ان زجاج 342,85,1,85,20260311
شيجلام ملمع شفايف 8861,45,1,45,20260311
ملمع سندرا 550,50,1,50,20260311
تمارا كريم شعر 170 مل,35,1,35,20260311
جلوري حنة أكياس,40,2,80,20260311
اسبراي تفتيح كوري,200,1,200,20260311
املا جولد زيت شعر 180 مل,120,1,120,20260311
بنسة شعر Ball Tip,10,1,10,20260311
براية كحل,20,1,20,20260311
سلاكة اذن  خشب شكل قلب,15,1,15,20260310
فوطة ميكرو فايبر,60,1,60,20260310
بريتي وومان روج  دبل,50,1,50,20260310
ماسك شفايف,25,1,25,20260310
طوق,25,1,25,20260310
مولبد حفاضات نسائية 16 ق,55,1,55,20260310
اليس بايو سوفت قطن 70 ق,50,1,50,20260310
بوبانا شيت ماسك كيس,40,1,40,20260310
كحل بنجور ماتيك,15,1,15,20260310
ملمع سندرا 550,50,1,50,20260310
باليت صبغة شعر,125,1,125,20260310
شراب سيليكون لوكس كبير,65,1,65,20260310
فوج اسبراي 120 مل,110,1,110,20260310
واتسونز بدي سبلاش حليبي 250 مل,130,1,130,20260310
الصاروخ لاصق اظافر,10,1,10,20260310
برفان 60 مل,60,1,60,20260310
مايت سينما روج,45,1,45,20260310
فينوس شفرات 4 قطع,110,1,110,20260310
علبة دبوس طرحة بيضاوية صغيرة,5,1,5,20260310
العود الملكي مخمرية 40 جرام,35,1,35,20260310
روز بيري كحل الوان ووتر بروف,65,1,65,20260310
يوكو ملح حليب 300 جرام,70,1,70,20260310
اماندا مرطب شفاه,30,1,30,20260310
كلينك مناديل ازالة مكياج 133 قطعة,80,1,80,20260310
توكة استك 5 على كارت + 5 استك,30,1,30,20260310
اليس شفرات (حواجب + بكيني + جسم) 3 * 1,90,1,90,20260310
نانا دبوس حجاب سيراميك سادة (قطعة),5,2,10,20260310
علبة دبوس طرحة بيضاوية كبيرة,10,1,10,20260310
مايت سينما كونسيلر,95,1,95,20260310
بليلز ليب بالم فراولة,5,1,5,20260310
بليلز ليب بالم فراولة,5,1,5,20260310
زينة مناديل سحب 500 قطغة,25,1,25,20260310
مولبد حفاضات نسائية طويل جدا 14 ق,55,1,55,20260310
كوكو صبغة شعر,105,1,105,20260310
مايت سينما باليت بلاشر 2 * 1,150,1,150,20260310
ام ان مسكرة 3D,85,1,85,20260310
ار كيو مسك طهارة,45,1,45,20260310
تناية رموش معدن بيد مقص,35,1,35,20260310
كير اند مور كريم مرطب لليدين 50 مل,45,1,45,20260310
ايسنس مسكرة شفافة,50,1,50,20260310
فاشون استيك (توكة) ستان كبير,25,1,25,20260310
دوف صابونة 90 جرام,40,1,40,20260310
فرشاة  مسكرة,5,1,5,20260310
الدكتور برفان قلم,40,1,40,20260310
استيك شعر الوان (عمود صغير),10,1,10,20260310
مخمرية روائح متنوعة,40,1,40,20260309
دوسي ايلاينر,65,1,65,20260309
سيلفانا اكلادور,15,1,15,20260309
تاتو سحري,35,1,35,20260309
سلينجينا شامبو ضد القشرة 120 مل,105,1,105,20260309
كوكو صبغة شعر,105,1,105,20260309
قطعة فيك بيرسنج,10,1,10,20260309
قطعة فيك بيرسنج,5.5,40,220,20260309
تاتو الوان,20,1,20,20260309
ميدالية كريز كبيرة,65,1,65,20260309
ماسك قدم كوري,170,1,170,20260309
shiny فرشاة اسنان كبار,20,1,20,20260309
لونا ليب ثيرابي 10جرام,45,1,45,20260309
برفان 60 مل,60,1,60,20260309
كيسيم اسبراي اماراتي  150 مل,100,1,100,20260309
كيسيم اسبراي اماراتي  150 مل,100,1,100,20260309
قفاش وردة تريندي 3 على كارت,40,1,40,20260309
طقم سلسله + حلق استانليس,60,1,60,20260309
خاتم توينز استانليس,70,1,70,20260309
دبلة حريمي استانليس,70,1,70,20260309
طقم فوارغ 5*1,55,1,55,20260309
باليت صبغة شعر,125,1,125,20260309
غارنييه صبغة شعر,145,1,145,20260309
بونابيلا حمام كريم كيس,25,2,50,20260309
مسكره ام ان 343,85,1,85,20260309
كحل بنجور ماتيك,15,1,15,20260309
شنطة مكياج,10,1,10,20260309
استك + كلبس,25,1,25,20260309
ام ان كحل ماتك,70,1,70,20260309
حرير سويت,25,2,50,20260309
حرير سويت,25,1,25,20260309
حافظة عدسات فاكيوم,35,1,35,20260309
عدسات فريش ليدي,110,1,110,20260309
عدسات فريش ليدي,110,1,110,20260309
خاتم اطفال,10,1,10,20260309
كليويل محلول عدسات كوري 150 مل + حافظة عدسات,55,1,55,20260309
سلاكة اذن خشب حجم متوسط,20,1,20,20260308
شيروسا شامبو 350 مل,65,1,65,20260308
مولفيكس مقاس (4)58 قطعة,350,1,350,20260308
ستارفيل كريم لحب الشباب 60 جرام,85,1,85,20260308
الو ايفا حمام كريم 250 جم,75,1,75,20260308
قطعة حلق تكة استانليس,45,1,45,20260308
سمارت براش فرشاة فك تشابك,60,1,60,20260308
استك TK 2,25,1,25,20260308
الشهد استيك 4*1 الوان,20,1,20,20260308
فاين مناديل جيب 120 منديل,10,1,10,20260308
فرشاة  مسكرة,5,1,5,20260308
فرشاة  مسكرة,5,1,5,20260308
مايت سينما كونسيلر,95,1,95,20260307
اظافر يد اكليريك شفافة مجموعة 10 ق,10,1,10,20260307
اظافر يد اكليريك شفافة مجموعة 10 ق,2.3,10,23,20260307
سيلفانا اكلادور,15,2,30,20260307
استك لولي 3*1,20,1,20,20260307
مايت سينما مسكرة شوكولاتة ووتر بروف,85,1,85,20260307
اماندا مرطب شفاه,30,1,30,20260307
اماندا مرطب شفاه,30,1,30,20260307
بايجن صبغة حواجب,95,1,95,20260307
مناديل جيب مبللة,10,2,20,20260307
شاور جل لوزان 2.25 لتر,80,1,80,20260307
بيو سوفت حمام كريم,95,1,95,20260307
فلومار اكلادور 16 مل,25,1,25,20260307
فلومار اكلادور 16 مل,25,1,25,20260307
فلامنجو شفرات,10.833,12,130,20260306
ايسنس برنسيس مسكره,45,5,225,20260306
ملمع سندرا 410,45,1,45,20260306
ديما مسك طهارة ابيض+رمان,45,1,45,20260306
الصاروخ لاصق اظافر,10,1,10,20260306
ماسك شفايف,25,2,50,20260306
مينك كريم شعر 250 مل,50,1,50,20260306
خاتم فري سايز,70,1,70,20260306
افوفا بدي سبلاش ميني,45,1,45,20260306
وايت مناديل مبللة للاطفال 72 منديل,45,1,45,20260306
شنطة مكياج,2.25,12,27,20260306
تينكل شفرات وجه 3 قطع,7.5,12,90,20260306
بيوتي بلندر حجم كبير (كيس) 4*1,40,1,40,20260306
قطعة دبوس تركي للحجاب,1.666,144,239.9,20260306
قطعة حلق تكة استانليس,20,12,240,20260306
شيلز اسبراي 175 مل,85,1,85,20260306
علبة دبوس طرحة بيضاوية صغيرة,5,1,5,20260306
تاتو الوان,8,12,96,20260306
باودر باف 6 قطع,35,1,35,20260306
مايت سينما كونسيلر,70,12,840,20260306
كوين فينجر اظافر يد 24 علي كارت,15,3,45,20260306
كوين فينجر اظافر يد 24 علي كارت,6.875,24,165,20260306
اظافر اطفال (علبة) 12 قطعة,7.5,12,90,20260306
اظافر اطفال (علبة) 12 قطعة,15,2,30,20260306
خاتم اطفال (علبة قلب),6.25,71,443.75,20260306
خاتم اطفال (علبة قلب),20,1,20,20260306
سندرا ليب جلوس 418,37.5,23,862.5,20260306
الشهد استيك 4*1 الوان,6.5,11,71.5,20260306
خاتم ثعبان استانليس,20.972,36,754.99,20260306
V9 قصافة اظافر,11.25,12,135,20260306
شيجلام قلم حواجب,20,1,20,20260306
بليلز ليب بالم فراولة,5,1,5,20260306
فرشاة  مسكرة,5,1,5,20260306
كير لاين لاصقة انف (قطعة),15,1,15,20260306
رومانتيك مات ليب فيلر,55,1,55,20260306
جونسون زيت للاطفال 75 مل,70,1,70,20260306
فايف دي لاصقة تبييض الاسنان (قطعة),15,1,15,20260305
فرشاة  مسكرة,5,1,5,20260305
فرشاة  مسكرة,5,1,5,20260305
سلسلة امي استانليس,23.333,2,46.67,20260305
ميدالية مفتاح فراولة و كريز,10.833,12,130,20260305
ميدالية مفتاح بطوط,10.833,12,130,20260305
نانا دبوس حجاب سيراميك سادة (كارت),35,1,35,20260305
نانا دبوس حجاب سيراميك سادة (قطعة),2.5,48,120,20260305
نانا دبوس حجاب سيراميك سادة (كارت),20,6,120,20260305
علبة دبوس طرحة بيضاوية كبيرة,10,2,20,20260305
علبة دبوس طرحة بيضاوية كبيرة,3.333,24,79.99,20260305
كوكو صبغة شعر,105,1,105,20260305
كوكو صبغة شعر,105,1,105,20260305
بيزلين مزيل عرق رول اون 50 مل عرض 1+ 1,470,1,470,20260305
نايلا سبراي اماراتي 200 مل,150,1,150,20260305
سلسلة شعاع استانليس,23.333,4,93.33,20260305
ساندرا ليب جلوس شفاف,45,1,45,20260305
طقم صبغة (طبق + فرش),45,1,45,20260305
ماسك شفايف,25,2,50,20260305
ذا بدي شوب سبلاش 250 مل,130,1,130,20260305
بوبانا ماسك طمي قناع برطمان  400 جرام,75,1,75,20260305
ديما مسك طهارة ابيض+رمان,45,1,45,20260305
بوبانا ماسك حليب,65,1,65,20260305
ايلاينر ام ان ديناميك 4134,85,1,85,20260305
مناديل جيب مبللة,10,1,10,20260304
مناديل جيب مبللة,10,1,10,20260304
لاكشري بدي سبلاش 200 مل,160,2,320,20260304
مرطب لونا للبشرة 50 جرام,45,1,45,20260304
شيروسا شامبو 350 مل,65,1,65,20260304
خاتم اطفال,10,1,10,20260304
سلاكة اذن خشب حجم متوسط,20,1,20,20260304
استيك PETIT SWEET,10,1,10,20260304
فريدا معطر جو,60,1,60,20260304
لونا ليب ثيرابي 10جرام,45,1,45,20260304
استك ستان فصوص,15,1,15,20260304
علبة دبوس طرحة مربعة صغيرة,5,1,5,20260304
علبة توك 3*1 صغيرة,30,1,30,20260304
طوق اسود ساده,15,1,15,20260304
كلبس 10 على كارت,30,1,30,20260304
بليلز ليب بالم فراولة,5,1,5,20260304
فرشاة  مسكرة,5,2,10,20260304
الدكتور برفان قلم,40,1,40,20260304
ار كيو برفان 30 مل,90,1,90,20260304
ار كيو برفان 30 مل,90,1,90,20260303
هدى مسكرة شفافة بالهيالورنيك اسيد,50,1,50,20260303
هدى مسكرة شفافة بالهيالورنيك اسيد,50,1,50,20260303
الدكتور برفان قلم,40,1,40,20260303
صوفي الزرقاء حفاضات نسائية طويل جدا جدا 12 قطعة,44.5,4,178,20260303
فاين مناديل جيب 120 منديل,6.5,3,19.5,20260303
زينة مناديل سحب 500 قطغة,22,2,44,20260303
سيتواه لاصقة بثور انف (قطعة),25,1,25,20260303
سيتواه لاصقة بثور انف (قطعة),16.666,12,199.99,20260303
مولبد حفاضات نسائية طويل جدا 14 ق,38,2,76,20260303
صوفي الترا حفاضات نسائية طويل جدا 14 ق,51.5,2,103,20260303
ميلانو لاصق اظافر دبل فيس 24 قطعة,15,1,15,20260303
ملقاط (كيس),30,1,30,20260303
قفاش كوري دائري تريند,30,2,60,20260303
اسورة الاهلي,10,1,10,20260303
مايت سينما كومباكت بودر,90,1,90,20260303
مايت سينما روج,45,1,45,20260303
قطعة حلق تكة استانليس,30,4,120,20260303
سيلكا فرشاة فك تشابك,35,1,35,20260303
استك الوان 3,15,1,15,20260303
ايفا صابونة جلسرين باللوفة 120 جرام,50,1,50,20260303
هاندي مناديل جيب 120 منديل,6.25,5,31.25,20260303
دبوس حجاب 4 على كارت,20,1,20,20260303
مور مناديل مبللة للاطفال 72 منديل,14,1,14,20260303
مولبد حفاضات نسائية 16 ق,38,2,76,20260303
انفنيتي رول اون 80 مل,120,1,120,20260303
صوفي حفاضات نسائية طويل 16 قطعة,38.5,1,38.5,20260303
ام ان كحل ماتك,70,1,70,20260303
ستاركي سكراب 300 مل,18.5,2,37,20260303
المسواك معجون اسنان 120+ 20 جم,45,1,45,20260303
هيمالايا كريم شعر 140 مل,60,1,60,20260303
بوبانا ماسك انبوبة 120 مل,75,1,75,20260303
بوبانا شيت ماسك كيس,22.05,2,44.1,20260303
يوكو كريم مبيض للايدي والاظافر,65,1,65,20260303
مقص معدن على كارت 004,35,1,35,20260303
بوبانا شيت ماسك كيس,40,2,80,20260303
الو ايفا حمام كريم 250 جم,61,2,122,20260302
مناديل جيب مبللة,10,1,10,20260302
فوطة ميكرو فايبر,60,1,60,20260302
وايت مناديل سحب,25,1,25,20260302
صابونة لبان دكر,14,3,42,20260302
فريدا معطر جو,48,2,96,20260302
مبرد أظافر,15,1,15,20260302
مبرد أظافر,10,3,30,20260302
كحل جرس الماني,25,1,25,20260302
كوين شفرات 5 قطع,15,3,45,20260302
ذا بدي شوب سبلاش 100 مل اوريجينال,150,1,150,20260302
مخمرية روائح متنوعة,40,1,40,20260302
ام ان مسكرة 3D,85,1,85,20260302
شيجلام اظافر يد (عمود),30,1,30,20260302
ار كيو برفان 30 مل,90,5,450,20260302
ار كيو برفان 30 مل,60,8,480,20260301
فرشاة  مسكرة,5,2,10,20260301
شيجلام اظافر يد (عمود),30,2,60,20260301
مخمرية روائح متنوعة,20,5,100,20260301
سكراب النيلة الزرقاء المغربي,45,1,45,20260301
اسبلاش ذهبي 250 مل,75,1,75,20260301
توكة وردة تريندي منقطة,25,1,25,20260301
ريفولي شاور جل 2 لتر,185,1,185,20260301
كوكو اسبراي 120 مل,110,1,110,20260301
خاتم اطفال,10,1,10,20260301
مناديل جيب مبللة,10,1,10,20260301
الصاروخ لاصق اظافر,10,2,20,20260301
بوبانا شيت ماسك كيس,40,1,40,20260228
مناديل جيب مبللة,10,2,20,20260228
شراب سيليكون لوكس كبير,65,1,65,20260228
شيجلام ملمع شفايف 8861,45,1,45,20260228
معجون اسنان فلورو اطفال,30,1,30,20260228
ستارفيل مزيل مكياج 200 مل,125,1,125,20260228
استك الوان 3,15,2,30,20260228
كيسيم اسبراي 75 مل,50,1,50,20260228
علبة دبوس طرحة بيضاوية صغيرة,5,1,5,20260228
ميلانو لاصق اظافر دبل فيس 24 قطعة,15,1,15,20260228
زوي اكلادور 18 مل,30,1,30,20260228
شيجلام اظافر يد (عمود),30,1,30,20260228
بليلز ليب بالم فراولة,5,1,5,20260228
فاشون استيك (توكة) ستان كبير,25,1,25,20260228
جليسوليد لوشن للجسم 200 مل,75,1,75,20260228
زجاجة هير ديلي هير ميست,75,1,75,20260228
غارنييه مزيل مكياج فيتامين سي 100 مل,105,1,105,20260228
دير جل مرطب للوجه والرقبة 60 جرام,180,1,180,20260228
دوركو شفرات حريمي 5+1,40,1,40,20260227
مايت سينما مسكرة شوكولاتة ووتر بروف,85,1,85,20260227
سوب اند جلوري جلافز 2 قطعة,150,1,150,20260227
لونا شاور جل 500 مل,65,1,65,20260227
جلوري حنة أكياس,40,2,80,20260227
ام ان كحل ماتك,70,1,70,20260227
شان جل مرطب 60 مل,74,1,74,20260226
مشط عادي,10,1,10,20260226
جولي فرشاة شعر بيضاوية,45,1,45,20260226
اسورة الاهلي,10,1,10,20260226
ميدالية مفتاح ستيتش,25,1,25,20260225
GK هير ماسك 35 جرام,15,2,30,20260225
فرشاة  مسكرة,5,1,5,20260225
الدكتور برفان قلم,40,1,40,20260225
بليلز ليب بالم فراولة,5,2,10,20260225
نيفيا كريم مرطب علبة زرقاء 60 مل,70,1,70,20260225
علبة دبوس طرحة بيضاوية صغيرة,5,1,5,20260225
لفايف للشعر الكيرلي,45,1,45,20260225
كحل جرس الماني,25,1,25,20260225
لونا ليب ثيرابي 10جرام,45,1,45,20260225
واتسونز بدي سبلاش حليبي 250 مل,150,1,150,20260225
كير اند مور كريم مرطب  75 مل,40,1,40,20260225
بونابيلا حمام كريم كيس,25,1,25,20260225
لاصق حبوب,40,1,40,20260225
مايت سينما بلاشر بودر,55,1,55,20260225
عدسات فريش ليدي,110,1,110,20260225
كوكو اسبراي 120 مل,110,1,110,20260225
جلوري حنة أكياس,40,1,40,20260225
كوكو سويت كرتون,30,1,30,20260225
فرشاة اسنان HASI,30,1,30,20260225
بانثينول كريم مرطب و ملطف للجلد 30 جرام,45,1,45,20260224
بدي ليشيوس بدي اسبلاش 100 مل,125,1,125,20260224
فرشاة استشوار تركي,110,1,110,20260223
بلوره مزيلة للشعر,75,1,75,20260223
علبة دبوس طرحة بيضاوية صغيرة,5,1,5,20260223
قطعة دبوس تركي للحجاب,5,2,10,20260223
مايت سينما هايلايتر سائل,85,1,85,20260223
فرشاة غسول 2*1,40,1,40,20260223
اماندا مرطب شفاه,30,1,30,20260223
انيزيو شامبو ضد القشرة 250 مل,250,1,250,20260223
صن سكرين انفنتي جل 60 مل,97.5,2,195,20260223
صن سكرين انفنتي جل 60 مل,150,1,150,20260223
روز جولد ليب بالم,45,1,45,20260223
ساندرا ليب بالم,50,1,50,20260223
كير لاين لاصقة انف (قطعة),15,1,15,20260223
ايسنس مسكرة شفافة,50,1,50,20260223
فرشاة استشوار,35,1,35,20260223
ميدالية نجمة البحر,65,1,65,20260223
املاح باديكير فوارة 950 جم,30,1,30,20260223
اليس فرشاة شعر خشب,135,1,135,20260223
ابرة بثور,15,1,15,20260223
بوبانا سكراب 300 جرام,70,1,70,20260223
فرشاة بلاشر بروفيشينال 1866,60,1,60,20260223
كونسيلر سندرا 553,60,1,60,20260222
ايسنس برنسيس مسكره,85,1,85,20260222
ماي واي مزيل عرق كريم سبرنج 40 مل,30,1,30,20260222
ار كيو برفان 30 مل,90,1,90,20260222
ار كيو برفان 30 مل,90,1,90,20260222
فرشاة  مسكرة,5,1,5,20260222
صانسيلك عرض شامبو+ بلسم 350 جرام,185,1,185,20260222
ام ان ايلاينر ديناميك مط,100,1,100,20260221
انيزيو شامبو ضد القشرة 250 مل,180,2,360,20260221
اماندا مرطب شفاه,30,1,30,20260221
اليجانس مخمرية,35,1,35,20260221
شيجلام قلم حواجب,20,3,60,20260221
كلير كريم شعر رجالي 210 مل,85,1,85,20260221
مايت سينما كومباكت بودر,90,1,90,20260221
كيكو دبل روج,90,1,90,20260221
ملمع سندرا 410,45,1,45,20260221
بدي ليشيوس لوشن انبوبة 236 مل,180,1,180,20260220
شراب سيليكون لوكس كبير,65,1,65,20260220
حجر قدم,20,1,20,20260220
مجموعة دبوس مشبك,5,1,5,20260220
دوركو شفرات حريمي 5+1,40,1,40,20260220
شان كريم مرطب لليدين 60 جرام,100,1,100,20260220
سيجنال معجون اسنان 50 مل,30,1,30,20260220
دبوس حجاب معدن مجسمات 3 على كارت,20,1,20,20260220
ريكسونا رول اون 50 مل,90,1,90,20260220
ام ان قلم حواجب  مشط,20,1,20,20260220
انيزيو لوشن مرطب للجسم 150 مل,270,1,270,20260220
لفايف للشعر الكيرلي,45,1,45,20260220
ايفا بدي سكراب 250 جرام,110,1,110,20260220
باراشوت جولد كريم 140 مل,55,1,55,20260220
سلسلة 2 دور استانليس,130,1,130,20260220
فوالا بدي اسبلاش 250 مل,220,1,220,20260220
علبة دبوس طرحة بيضاوية صغيرة,5,2,10,20260220
جولي فرشاة شعر بيضاوية,45,1,45,20260220
بونيتا فرشاة شعر دائرية,55,1,55,20260220
بونيتا فرشاة شعر دائرية,55,1,55,20260220
علبة دبوس طرحة بيضاوية صغيرة,5,1,5,20260219
كارلا روز كونتور 2*1,145,1,145,20260219
دبوس حجاب 4 على كارت,20,1,20,20260219
نودي بيوتي مخمرية 50 جرام,45,1,45,20260219
ام ان كومباكت بودر,80,1,80,20260219
مايت سينما مسكرة ووتر بروف ULTRA BLACK,85,1,85,20260219
ايفونا  جل مخمرية جليتر للجسم 100 جرام,55,1,55,20260219
ام ان مسكرة 3D,85,1,85,20260219
بليلز ليب بالم فراولة,5,1,5,20260219
بليلز ليب بالم فراولة,5,1,5,20260219
بليلز ليب بالم فراولة,5,1,5,20260219
ذا بدي شوب سبلاش 100 مل اوريجينال,150,1,150,20260219
طوق بسنون اسود بلولي,25,1,25,20260219
مايت سينما روج دبدوب,35,1,35,20260219
دون برفان ميني 30 مل,150,1,150,20260219
بريتي وومان روج  دبل,50,1,50,20260219
دوركو شفرات 5 + 1,30,1,30,20260219
وايت مناديل سحب,25,1,25,20260218
بريتي وومان روج  دبل,50,2,100,20260218
حبر تاتو,30,1,30,20260218
ام ان كحل ماتك,70,1,70,20260218
سنسوداين معجون أسنان 50 مل,75,1,75,20260218
سنسوداين فرشاة اسنان,50,1,50,20260218
ساندرا روج استيك 434,40,2,80,20260218
روج سايل رومانتيك ماط 3231,45,1,45,20260218
قطعة اليس شفرات بينك 12 قطعة,15,1,15,20260218
مجموعة دبوس مشبك,5,1,5,20260218
مايت سينما مسكرة شوكولاتة ووتر بروف,85,1,85,20260218
ميدالية كريز كبيرة,65,1,65,20260218
مايت سينما مسكرة جولد,125,1,125,20260218
شيجلام قلم حواجب,20,1,20,20260218
مس ديمي ليب لاينر,25,1,25,20260218
ام ان ليب لاينر,25,1,25,20260218
فرشاة  مسكرة,5,1,5,20260218
انجرام كريم حلاقة 40 جرام,45,1,45,20260218
مبرد أظافر,15,1,15,20260218
فيبكس كريم مزيل عرق,45,1,45,20260218
قطعة دبوس تركي للحجاب,5,1,5,20260218
قفاش وردة تريندي صغير,10,2,20,20260217
ميني بدي سبلاش 50 مل,40,1,40,20260217
باراشوت زيت شعر 200 مل,130,1,130,20260217
FOR EVER اظافر يد,55,1,55,20260217
ميدالية مفتاح ستيتش,25,1,25,20260217
ميدالية مفتاح مضيئة,45,1,45,20260217
كلبس 10 على كارت,30,1,30,20260217
روج سايل رومانتيك ماط 3231,45,1,45,20260217
بدي ليشيوس رول اون,60,1,60,20260217
دهب ليفة كف,35,2,70,20260217
حرير سويت,25,1,25,20260217
فا رول اون,55,1,55,20260217
براية كحل,20,1,20,20260216
بريتي وومان روج  دبل,50,1,50,20260216
كلبس,35,1,35,20260216
كونسيلر سندرا 553,60,1,60,20260216
ساندرا روج استيك 434,40,1,40,20260216
ملمع سندرا 410,45,1,45,20260216
بيوتي بلندر,15,1,15,20260216
مايت سينما كومباكت بودر,90,1,90,20260216
مس ديمي ليب لاينر,25,1,25,20260216
قطعة مولفيكس بانتس مقاس (3),7.5,2,15,20260216
كولاجرا رول اون بالعود,120,1,120,20260216
كولاجرا رول اون بالعود,80,2,160,20260216
ار كيو برفان 30 مل,90,1,90,20260216
فرشاة  مسكرة,5,1,5,20260216
كير لاين لاصقة انف (قطعة),15,1,15,20260216
اماندا مرطب شفاه,30,1,30,20260216
نابلسي شاهين صابونة 85 جرام,10,1,10,20260216
اماندا مرطب شفاه,30,1,30,20260216
بنسة شعر جلوريا,15,1,15,20260216
علبة دبوس طرحة بيضاوية صغيرة,5,1,5,20260215
علبة دبوس طرحة بيضاوية صغيرة,5,1,5,20260215
علبة دبوس طرحة مربعة صغيرة,5,1,5,20260215
حلق طويل استانليس,110,1,110,20260215
فلورمار روج خشب,35,1,35,20260215
شيجلام صابونة حواجب,35,1,35,20260215
ام ان قلم حواجب  مشط,20,1,20,20260215
ام ان قلم حواجب  مشط,20,1,20,20260215
ار كيو برفان 30 مل,90,1,90,20260215
كيس فرشاة مسكرة,100,1,100,20260215
كيس فرشاة مسكرة,25,1,25,20260215
فرشاة بلاشر اشكال,30,1,30,20260215
مايت سينما روج ارنوب,45,1,45,20260215
خاتم فضي اشكال استانليس,50,1,50,20260215
خاتم (حرف صغير + اشكال) استانليس,60,1,60,20260215
خاتم فضي اشكال استانليس,50,1,50,20260215
روج سحري اخضر,20,1,20,20260215
اكلادور فيت مي,25,1,25,20260215
مايت سينيما بلاشر  1123,50,1,50,20260215
مايت سينيما بلاشر  1123,50,1,50,20260215
ايفا بدي سبلاش 240 مل,190,1,190,20260215
ايسنس مسكرة اوريجينال,250,1,250,20260215
هدى بيوتي طقم فرش,80,1,80,20260215
اسبراي تفتيح كوري,200,1,200,20260215
تاتو اسود,10,1,10,20260215
حلق فص,25,1,25,20260214
فرشاة شعر بيبي روز,35,1,35,20260214
فريدا شاور جل 1200 مل,145,1,145,20260214
ملمع سندرا 410,45,1,45,20260214
شيجلام ليب جلوس انبوبة,40,1,40,20260214
شاور كاب ووتر بروف (كيس),25,1,25,20260214
قفاش مستطيل الوان كبير,30,1,30,20260214
فرشاة بلاشر اشكال,30,1,30,20260214
بليلز ليب بالم فراولة,5,2,10,20260214
دوف شامبو 180 مل,85,1,85,20260214
فرشاة  مسكرة,5,1,5,20260214
فرشاة  مسكرة,5,1,5,20260214
مايت سينما بلاشر استيك,80,1,80,20260214
اماندا مرطب شفاه,30,1,30,20260214
دبوس حجاب 4 على كارت,20,1,20,20260214
حلق دلاية استانليس,90,1,90,20260214
اسورة اشكال استانليس,90,1,90,20260214
اسورة كوين استانليس,100,1,100,20260214
ريكسونا رول اون 50 مل,90,1,90,20260213
روز بيري مسكرة زرقاء,95,1,95,20260213
مايت سينما ايلاينر شوكليت,85,1,85,20260213
ربيع الحرمين مكعبات مسك,10,4,40,20260213
بدي ليشيوس رول اون,60,1,60,20260213
فوج اسبراي 120 مل,110,1,110,20260213
بوبانا ملح حليب كيس,45,1,45,20260213
المسواك معجون اسنان 50 +10 جم,25,1,25,20260213
اليس جلافز,55,1,55,20260213
شان بدي ميلك برائحة 300 مل,220,1,220,20260212
بريتي وومان روج  دبل,50,1,50,20260212
بريتي وومان روج  دبل,50,1,50,20260212
سلاكة اذن خشب حجم متوسط,20,1,20,20260212
سكراب كاندي مارشميلو,65,1,65,20260212
الو ايفا حمام كريم 250 جم,75,1,75,20260212
ساندرا روج استيك 434,40,1,40,20260212
روج ستيك روز جولد 180,65,1,65,20260212
كحل بنجور ماتيك,15,1,15,20260212
روج سحري اخضر,20,1,20,20260212
تمارا كريم شعر 170 مل,35,1,35,20260212
ملقاط (كيس),30,1,30,20260212
ار كيو مسك طهارة,45,1,45,20260212
جوليشا حنة هندي لليد و الجسم 23 جرام,40,2,80,20260212
كوكو صبغة شعر,105,1,105,20260212
كوكو صبغة شعر,105,1,105,20260212
فاشون استيك (توكة) ستان كبير,25,1,25,20260212
ار كيو برفان 30 مل,90,1,90,20260212
يارا مسك طهارة,45,1,45,20260212
دوركو شفرات حريمي 5+1,40,1,40,20260212
مان لوك جل للشعر 250 جرام,45,1,45,20260212
جولي فرشاة شعر بيضاوية,45,1,45,20260212
استك ستان ابيض سادة,15,1,15,20260212
استك ستان الوان سادة,20,2,40,20260212
استك ستان الوان سادة,20,1,20,20260212
استك ستان الوان سادة,20,1,20,20260212
بدي بتر ستروبيري,140,1,140,20260212
لونا ليب ثيرابي 10جرام,45,1,45,20260212
رسومات حنة و تاتو,15,1,15,20260211
ستاركي شيت ماسك,35,1,35,20260211
ذا بدي شوب سبلاش 100 مل اوريجينال,150,1,150,20260211
ذا بدي شوب سبلاش 100 مل اوريجينال,150,1,150,20260211
ماكس تاتش مناديل مبللة لازالة المكياج 20 ق,10,2,20,20260211
ماكس تاتش مناديل مبللة لازالة المكياج 20 ق,20,1,20,20260211
كير لاين لاصقة انف (قطعة),15,2,30,20260211
ار كيو برفان 30 مل,90,3,270,20260211
هدى مسكرة شفافة بالهيالورنيك اسيد,50,1,50,20260211
تاتو سحري,35,2,70,20260211
جوليشا حنة هندي لليد و الجسم 23 جرام,40,1,40,20260211
مخمرية روائح متنوعة,40,1,40,20260211
مخمرية روائح متنوعة,40,1,40,20260211
XL  اسبراي 150 مل,115,1,115,20260211
بليلز ليب بالم فراولة,5,3,15,20260211
كحل بنجور ماتيك,15,1,15,20260211
بوبانا كريم اليدين مرطب 50 مل,60,1,60,20260211
كير اند مور كريم مرطب  75 مل,40,1,40,20260211
فوج اسبراي 120 مل,110,1,110,20260211
تينكل شفرات وجه 3 قطع,20,1,20,20260211
بريتي وومن مناديل ازالة مكياج,5,1,5,20260210
وايت مناديل مبللة للاطفال 72 منديل,45,1,45,20260210
المسواك معجون اسنان 50 +10 جم,25,1,25,20260210
مسكره ام ان 304,80,2,160,20260210
ملمع سندرا 550,50,1,50,20260210
كير لاين لاصقة انف (قطعة),15,1,15,20260210
shiny فرشاة اسنان كبار,20,1,20,20260210
shiny فرشاة اسنان كبار,20,1,20,20260210
كيسيم اسبراي اماراتي  150 مل,100,1,100,20260210
مايت سينما ايلاينر,80,1,80,20260210
لاشير قلم حواجب,75,1,75,20260209
انسام بخور جلاكسي 5 ساعات (عود واحد),15,1,15,20260209
مبرد قدم خشب,35,1,35,20260209
ميدالية لابوبو,70,1,70,20260209
قطعة اليس شفرات بينك 12 قطعة,15,1,15,20260209
ار كيو برفان 30 مل,60,11,660,20260209
سيجنال معجون اسنان 50 مل,30,1,30,20260209
رول ستان 4 * 1 لعمل شعر كيرلي,55,1,55,20260209
قطعة مولفيكس بانتس مقاس (3),7.5,1,7.5,20260209
بيوتي بلندر,15,1,15,20260209
بيلا سبلاش 125 مل,40,1,40,20260209
بونابيلا حمام كريم كيس,25,1,25,20260209
ربيع الحرمين مكعبات مسك,10,1,10,20260209
حرير سويت,25,1,25,20260209
افوفا بدي سبلاش ميني,45,3,135,20260209
مايت سينما فيلر شفايف  1999,55,1,55,20260209
ستاركي سكراب 300 مل,30,1,30,20260208
مناديل اسيتون,25,1,25,20260208
اسبراي تفتيح كوري,200,1,200,20260208
مناديل جيب مبللة,10,2,20,20260208
فاتيكا زيت شعر 90 مل,25,1,25,20260208
تاتو سحري,35,1,35,20260208
تاتو سحري,35,1,35,20260208
تاتو سحري,35,3,105,20260208
تاتو سحري,35,1,35,20260208
افريكانا صابون مغربي  300 جرام,165,1,165,20260208
سيرو بايب سيرم للشعر 120 مل,295,1,295,20260208
شيجلام قلم حواجب,11.25,12,135,20260208
فرشاة بلاشر اشكال,35,1,35,20260208
فرشاة بلاشر اشكال,15,3,45,20260208
فرشاة دمج ايشادو اشكال,8,7,56,20260208
مايت سينما مسكرة جولد,75,3,225,20260208
بليلز ليب بالم فراولة,5,1,5,20260208
بليلز ليب بالم فراولة,2.703,111,300.03,20260208
فرشاة حواجب اشكال,9,2,18,20260208
شيجلام اظافر يد (عمود),14.166,6,85,20260208
روز بيري تنت جيلي,67.5,12,810,20260208
روز بيري مسكرة زرقاء,71.666,11,788.33,20260208
روز بيري مسكرة زرقاء,95,1,95,20260208
كوول غسول يومي 215 مل,560,1,560,20260208
ذا بدي شوب سبلاش 100 مل اوريجينال,150,1,150,20260208
مايت سينما مسكرة شوكولاتة ووتر بروف,60,3,180,20260208
الو ايفا زيت شعر بالارجان والصبار 170 مل,70,1,70,20260208
تريشوب حمام كريم كيس 30 مل,15,2,30,20260208
تترا هيدرو لوشن 250 مل,265,1,265,20260208
فرشاة هايلايتر,65,1,65,20260208
كيسيم اسبراي اماراتي  150 مل,100,1,100,20260208
فلورمار قلم حواجب بني,30,1,30,20260208
بونيه ستان,50,1,50,20260208
بونيه ستان,35,1,35,20260208
شيلز اسبراي اماراتي 175 مل,85,1,85,20260208
عطور الشامي رول اون,45,1,45,20260208
قطعة دبوس تركي للحجاب,5,1,5,20260208
مايت سينما ليفتر جلوس كريستال,55,1,55,20260208
فريش توك معطر فم 20 مل,85,1,85,20260208
واتسونز لوشن فوم للجسم 75 مل,320,1,320,20260208
نيو فاشون سكراب 300 جرام,40,1,40,20260208
نيو فاشون سكراب 300 جرام,40,1,40,20260208
اماندا مرطب شفاه,30,1,30,20260208
ام ان قلم حواجب  مشط,20,1,20,20260208
ام ان قلم حواجب  مشط,20,1,20,20260207
ام ان قلم حواجب  مشط,20,1,20,20260207
اماندا مرطب شفاه,30,1,30,20260207
انيزيو غسول جل للوجه 200 مل,250,1,250,20260207
انيزيو شامبو ضد القشرة 250 مل,250,1,250,20260207
اليس شفرات وجه 3 ق علبة بيينك,43.5,2,87,20260207
قطعة حلق تكة استانليس,35,1,35,20260207
قطعة حلق تكة استانليس,35,1,35,20260207
سيلكا فرشاة فك تشابك,35,1,35,20260207
علبة دبوس طرحة مربعة صغيرة,5,1,5,20260207
برفان 60 مل,60,1,60,20260207
دوركو شفرات حريمي 5+1,15,3,45,20260207
شاور كاب ووتر بروف (كيس),10,6,60,20260207
تاتو الوان,20,1,20,20260207
كير لاين لاصقة انف (قطعة),15,2,30,20260207
ام ان ليب لاينر,10,1,10,20260207
ايفونا  جل مخمرية جليتر للجسم 100 جرام,55,1,55,20260207
جليسوليد لوشن للجسم 200 مل,52.5,1,52.5,20260207
ار كيو برفان 30 مل,90,1,90,20260207
هدى مسكرة شفافة بالهيالورنيك اسيد,50,1,50,20260207
اظافر يد (12) مجموعة (288) قطعة,40,1,40,20260207
فرشاة دمج ايشادو اشكال,8,4,32,20260207
مايبلين كحل اسود ماتيك,20,12,240,20260207
فرشاة بلاشر اشكال,10,4,40,20260207
كوكو صبغة شعر,72,7,504,20260207
مس ديمي ليب لاينر,10,13,130,20260207
اظافر يد اكليريك شفافة 100 قطعة,23,2,46,20260207
بلوب اكسجين 100 مل,9,8,72,20260207
تاتو سحري,19.5,11,214.5,20260207
مايت سينما باليت بلاشر 2 * 1,104,2,208,20260207
مخمرية روائح متنوعة,40,1,40,20260207
تناية رموش معدن بيد مقص,35,1,35,20260207
بوبانا غسول عرض 2*1 (150 مل + 50 مل),85,1,85,20260207
الو ايفا حمام كريم 250 جم,63,3,189,20260207
بايجن صبغة حواجب,70,2,140,20260207
افوفا شفرات حريمي (كيس اخضر) 4 + 1,60,1,60,20260207
فرشاة بلاشر بروفيشينال 1866,39,2,78,20260207
فلومار اكلادور 16 مل,25,1,25,20260207
بيوتي بلندر,15,1,15,20260207
بيبي روز كونسيلر  002,75,1,75,20260207
روج خشب ارت سكين 971078,35,1,35,20260207
روج جلوس شفايف لاست لوك 2005,45,1,45,20260207
بندولين كريم شعر اطفال ضد القشرة 150 مل,135,1,135,20260207
تاتو برونز,4,10,40,20260207
بوباي صن سكرين كريم 50 جرام,225,1,225,20260207
ستارفيل صابونة حبوب 90 جرام,35,2,70,20260207
صابونة لبان دكر,30,1,30,20260207
الوفيرا جل صبار 250 مل,25,1,25,20260207
الوفيرا جل صبار 250 مل,15,2,30,20260207
ايفا بدي سبلاش 240 مل,149,1,149,20260207
براية كحل,20,1,20,20260205
اليس جلافز,55,1,55,20260205
سيلفانا اكلادور,15,1,15,20260205
بندولين كريم اطفال للشعر الويفي 150 مل,96,1,96,20260205
بندولين كريم اطفال للشعر الدهني 150 مل,96,1,96,20260205
قطعة مولفيكس بانتس مقاس (3),5.379,58,311.98,20260205
قطعة مولفيكس بانتس مقاس (3),7.5,1,7.5,20260205
ذا بدي شوب سبلاش 100 مل اوريجينال,150,1,150,20260205
مونارك بلسم 1 لتر,70,1,70,20260205
فرشاة استشوار,35,1,35,20260205
تريشوب حمام كريم كيس 30 مل,15,1,15,20260205
املا زيت شعر 90 مل,65,1,65,20260205
ايفا كريم مرطب 20 جرام,15,1,15,20260205
يوكو ملح حليب 300 جرام,70,1,70,20260205
يوكو ملح حليب 300 جرام,70,1,70,20260205
نابلسي شاهين صابونة 85 جرام,10,1,10,20260205
اليس ليفة مغربية,45,1,45,20260205
مايت سينما هايلايتر سائل,85,1,85,20260204
اماندا مرطب شفاه,30,1,30,20260204
فلورمار روج خشب,35,1,35,20260204
انسيال استانليس,75,10,750,20260204
خاتم عقلة,20,1,20,20260204
برفان 60 مل,60,1,60,20260204
استيك مجموعات كبير اسود 6 ق,15,1,15,20260204
استك لولي 3*1,20,1,20,20260204
كولاجرا فونديشن متوسط 30 مل,365,1,365,20260204
جرانت مناديل مبللة للاطفال 72 منديل,25,1,25,20260204
نونو زيت للجسم 200 مل,110,1,110,20260204
توكة استك 5 على كارت + 5 استك,30,1,30,20260204
كلبس فيونكة لولي,25,1,25,20260204
فرشاة بلاشر لوكس,50,1,50,20260204
كوكو صبغة شعر,105,1,105,20260204
نيفيا سوفت كريم 100 مل,65,1,65,20260204
بليس ليف ان انبوبة للشعر الكيرلي 200 مل,75,1,75,20260204
فلومار كحل ابيض,25,1,25,20260204
فلومار كحل ابيض,25,1,25,20260204
مايت سينما ايلاينر شوكليت,85,1,85,20260204
اظافر يد (12) مجموعة (288) قطعة,70,1,70,20260204
فاشون استيك (توكة) ستان كبير,25,1,25,20260204
رومانتيك مات ليب فيلر,55,1,55,20260204
توكة وردة تريندي,25,1,25,20260204
انسيال جلد حية استانليس,75,1,75,20260204
كونسيلر سندرا 553,60,1,60,20260204
بيبي روز ايشادو 16 لون,125,1,125,20260204
روج سندرا سايل 518,45,1,45,20260204
روج سندرا سايل 518,45,2,90,20260204
كير اند مور كريم مرطب  75 مل,40,1,40,20260204
لونا صابون عرض 2*1 72 جرام,55,1,55,20260204
الصاروخ لاصق اظافر,10,1,10,20260204
ارجان زيت ORS,70,1,70,20260203
ستارفيل كريم لحب الشباب 60 جرام,85,1,85,20260203
حلق فص,25,1,25,20260203
فوطة ميكرو فايبر,60,1,60,20260203
تناية رموش معدن,30,1,30,20260203
ايفا غسول للوجه ومزيل للمكياج 150 مل,60,1,60,20260203
بريتي وومن مناديل ازالة مكياج,5,1,5,20260203
فرشاة ظهر خشب,75,1,75,20260203
بريانكا هير واكس استيك 20 مل,65,1,65,20260203
فلومار كحل ابيض,25,1,25,20260203
روبي روز مصحح حواجب 3 لون,45,1,45,20260203
ستارفيل مناديل مبللة لازالة المكياج 25 منديل,51,1,51,20260203
روز اظافر يد شريط 24 قطعة,2,10,20,20260203
Paper Craneاظافر يد الوان 24 قطعة,31,2,62,20260203
ماليندا غسول جل + كريم مرطب مخصص للبشرة الدهنية (عرض),310,1,310,20260203
دوف مزيل عرق رول اون 50 مل,77,3,231,20260203
افريكانا صابون مغربي  300 جرام,120,2,240,20260203
لوريال الفيف بديل الزيت 300 مل,122,1,122,20260203
لوريال الفيف شامبو دريم لونج 600 مل,151.5,1,151.5,20260203
لوريال الفيف شامبو هيالورينيك مرطب 400 مل,126.5,1,126.5,20260203
لوريال الفيف بلسم هيالورينيك مرطب 360 مل,145,1,145,20260203
لوريال الفيف بلسم دريم لونج 360 مل,138,1,138,20260203
بوبانا شامبو زيت جوز هند 400 مل + بلسم 100 مل,84,1,84,20260203
سجدة فرشاة اسنان خشب,85,1,85,20260203
سجدة فرشاة اسنان خشب,62,2,124,20260203
دوف مزيل عرق استيك 40 جرام,150,2,300,20260203
نيفيا مزيل عرق استيك 50 مل,270,1,270,20260203
دكتور راشيل سيرم برايمر يالذهب 100 مل,145,1,145,20260203
سوب اند جلوري جلافز 1 قطعة,55,2,110,20260203
سوب اند جلوري جلافز 1 قطعة,75,1,75,20260203
سوبر كيدز كريم شعر 200 مل,82,1,82,20260203
موروكان صابون مغربي 250 مل + ليفة مغربية,168,2,336,20260203
القرمز صبغة شعر,21,2,42,20260203
مجموعة دبوس مشبك,5,1,5,20260203
ايفا بدي سكراب 250 جرام,110,1,110,20260203
شيجلام صابونة حواجب,40,1,40,20260203
اليس ليفة مغربية,27,3,81,20260202
نودي بيوتي سكراب شفايف + تنت,12.5,12,150,20260202
العود الملكي مخمرية 40 جرام,35,1,35,20260202
انسام بخور جلاكسي 5 ساعات (عود واحد),11,3,33,20260202
كوكو واكس مناديل شمع,24,3,72,20260202
سيلكا فرشاة فك تشابك,35,2,70,20260202
دبوس حجاب سيراميك 3 على كارت,20,1,20,20260202
مبرد قدم خشب,19,1,19,20260202
تريو مزيل عرق رول اون,28.5,4,114,20260202
ذا بدي شوب سبلاش 100 مل اوريجينال,82.666,6,496,20260202
اظافر يد اطفال سيليكون,8,4,32,20260202
دوركو شفرات حريمي فيتنامي 3 شفره _ 3+1 قطعة,90,1,90,20260202
سيبال مسكرة ميجا لاش اوريجنال,220,1,220,20260202
سيبال مسكرة 3D اوريجنال,227,1,227,20260202
دير جل مرطب للوجه والرقبة 60 جرام,78,1,78,20260202
shiny فرشاة اسنان كبار,20,1,20,20260202
بونابيلا كريم تصفيف شعر200 جرام,77,1,77,20260202
سيرو بايب سيرم للشعر 120 مل,200,1,200,20260202
بريانكا صابونة لبان الدكر 150 جرام,26.48,1,26.48,20260202
دير جل مرطب للوجه والرقبة 200 جرام,160,1,160,20260202
فرشاة بلاشر MEIY ANI,23,1,23,20260202
فرشاة بلاشر لوكس,25,1,25,20260202
كوكو صبغة شعر,70,4,280,20260202
كيكو اكلادور 18 مل,14.5,5,72.5,20260202
كير لاين لاصقة انف (قطعة),15,2,30,20260202
روز بيري ايلاينر لون بني,52.5,2,105,20260202
الوفيرا جل صبار 250 مل,25,1,25,20260202
سيبال ليفل اب مسكرة  اوريجينال,190,1,190,20260202
مولبد حفاضات نسائية 18 ق,65,1,65,20260202
ستارفيل رول اون,88,1,88,20260202
بونيه ستان + توكة,35,4,140,20260202
مايت سينما بلاشر بودر,27,4,108,20260202
بنسة شعر Ball Tip,10,1,10,20260202
ستارفيل جل مرطب هيدراتنج 100 مل انبوبه,117.5,1,117.5,20260202
روج سحري اخضر,8,12,96,20260202
ليب بالم تاناكو كوري,14.25,12,171,20260202
ليب بالم تاناكو كوري,14.25,12,171,20260202
الصاروخ لاصق اظافر,5,11,55,20260202
بوبانا صابون مغربي 500 جرام,38,3,114,20260202
سيرو بايب هير ماسك 225 جرام,211,1,211,20260202
سيرو بايب شامبو 300 مل,180,1,180,20260202
بوبانا شيت ماسك كيس,20,6,120,20260202
بوبانا ملح حليب كيس,26,1,26,20260202
بوبانا ماسك طمي قناع برطمان  400 جرام,37,3,111,20260202
ديسار كريم تفتيح فيتامين سي 50 جرام,79,1,79,20260202
بونابيلا حمام كريم كيس,8.458,24,202.99,20260202
دهب ليفة كف,21,6,126,20260202
ربيع الحرمين مكعبات مسك,10,2,20,20260201
روج جلوس شفايف لاست لوك 2005,45,1,45,20260201
فلومار اكلادور 16 مل,25,1,25,20260201
افوفا شفرات حريمي (كيس اخضر) 4 + 1,60,1,60,20260201
فلامنجو شفرات,30,1,30,20260201
دودج ليف ان كريم 250 مل,55,1,55,20260201
ستارفيل صابونة حبوب 90 جرام,50,1,50,20260201
بندولين كريم اطفال للشعر الكيرلي 150 مل,160,1,160,20260201
سيفورا كحل,65,1,65,20260201
الوفيرا جل صبار 250 مل,25,1,25,20260201
مشط حراري,15,1,15,20260201
صابونة لبان دكر,30,1,30,20260201
كير لاين لاصقة انف (قطعة),15,1,15,20260201
فريش ليدي محلول عدسات كوري 120 مل + حافظة عدسات,40,1,40,20260201
كيكو اكلادور 18 مل,30,1,30,20260201
جونسون كريم سوفت ترطيب وجه + جسم 100 جرام,110,1,110,20260201
توكة منقار فراشة صغير,15,4,60,20260201
2 كلبس فيونكة + 4 قفاش صغير على كارت,25,1,25,20260201
قفاش مستطيل شفاف الوان,25,2,50,20260201
ذا بدي شوب سبلاش 100 مل اوريجينال,150,1,150,20260201
ميدالية مفتاح مضيئة,45,2,90,20260201
خاتم فضي اشكال استانليس,50,1,50,20260201
سيلكا فرشاة فك تشابك,35,1,35,20260201
لفايف للشعر الكيرلي,45,1,45,20260201
خاتم توينز استانليس,70,1,70,20260201
قطعة حلق تكة استانليس,35,2,70,20260201
اسبلاش ذهبي 250 مل,75,1,75,20260131
روز بيري ايلاينر لون اسود,42.5,3,127.5,20260131
سوبر كيدز ليف ان كونديشنر 250 مل,115,1,115,20260131
فرشاة موهير دوارة,650,1,650,20260131
فرشاة موهير دوارة,390,1,390,20260131
يوكو ملح حليب 300 جرام,50,3,150,20260131
ذا بدي شوب سبلاش 100 مل اوريجينال,80,2,160,20260131
نونو زيت للجسم 200 مل,110,1,110,20260131
لوزان شامبو و بلسم 1 لتر,65,1,65,20260131
ليفين شاور جل 750 مل,85,1,85,20260131
كلينك مناديل ازالة مكياج 133 قطعة,47,1,47,20260131
بلوب اكسجين 1 لتر,40,2,80,20260131
مخمرية روائح متنوعة,40,1,40,20260131
كيكو اكلادور 18 مل,14.5,5,72.5,20260131
زوي اكلادور 18 مل,9,3,27,20260131
دوف بديل الزيت 300 مل,108,1,108,20260131
نيفيا سوفت كريم 100 مل,44,2,88,20260131
غارنييه مزيل مكياج للبشرة الحساسة 400 مل,221,1,221,20260131
غارنييه مزيل مكياج بحمض الساليسيليك للبشرة المعرضة للحبوب 400 مل,245,1,245,20260131
نيفيا كريم مرطب علبة زرقاء 60 مل,44,2,88,20260131
بليس ليف ان انبوبة للشعر الكيرلي 200 مل,52,1,52,20260131
كوكو صبغة شعر,70,3,210,20260131
شان سيكا A+ كريم 40 جرام,170,1,170,20260131
سلينجينا شامبو ضد القشرة 120 مل,72,1,72,20260131
شان بدي ميلك بدون رائحة 300 مل,136,1,136,20260131
ستارفيل رول اون بدون رائحة 60 مل,95,1,95,20260131
ستارفيل مناديل مبللة لازالة المكياج 50 منديل,85,1,85,20260131
شان كريم مرطب لليدين 60 جرام,68,2,136,20260131
جليسوليد لوشن للجسم 200 مل,54,1,54,20260131
غارنييه مزيل مكياج فيتامين سي 100 مل,81,1,81,20260131
غارنييه مزيل مكياج بالزيت 100 مل,88,1,88,20260131
شان سيرم اظافر 4 مل,109,1,109,20260131
دوف شامبو 400 مل,140,1,140,20260131
ار كيو برفان 30 مل,90,1,90,20260131
جليسوليد سوفت كريم 100 مل,35.5,3,106.5,20260131
فرشاة ظهر خشب,42.5,3,127.5,20260131
مايت سينما مسكرة ووتر بروف ULTRA BLACK,52,3,156,20260131
فرشاة  مسكرة,0.5,100,50,20260131
يارا مسك طهارة,45,1,45,20260131
اليس بايو سوفت قطن 70 ق,34,2,68,20260131
الوفيرا جل صبار 250 مل,15,3,45,20260131
فريدا شاور جل 1200 مل,116,2,232,20260131
فيانسيه كريم بخاخ 240 مل,42,1,42,20260131
شان بدي ميلك برائحة 300 مل,150,1,150,20260131
دودج ليف ان كريم 250 مل,36.5,1,36.5,20260131
دودج ليف ان كريم  450 جم,62,1,62,20260131
ستارفيل غسول جل 200 مل,85,2,170,20260131
اليس شفرات وجه 3 ق علبة موف,32,3,96,20260131
بايجن صبغة حواجب,72,2,144,20260131
كير اند مور كريم مرطب  75 مل,27.5,3,82.5,20260131
اليس بايو سوفت قطن  120 ق,51,2,102,20260131
بوبانا ماسك طمي قناع برطمان  400 جرام,75,1,75,20260130
شان مزيل مكياج بشرة حساسة 200 مل,220,1,220,20260130
بايجن صبغة حواجب,85,1,85,20260130
سنسوداين معجون أسنان 50 مل,75,1,75,20260130
ديسار كريم تفتيح فيتامين سي 50 جرام,150,1,150,20260130
اليس قصافة اظافر مستوردة صلب,65,1,65,20260130
ستارفيل سيرم فيتامين سي 30 مل,250,1,250,20260130
ايفا ريسبي شامبو  350 مل,120,1,120,20260130
ستارفيل غسول تفتيح بخاخ 400 مل,250,1,250,20260130
بيو سوفت حمام كريم,95,1,95,20260130
شان بدي ميلك برائحة 300 مل,220,1,220,20260130
سيفورا كحل,65,1,65,20260130
وايت مناديل ازالة مكياج 80 قطغة,55,1,55,20260130
مايت سينما بلاشر بودر,55,1,55,20260130
جومانا حنة اظافر,20,1,20,20260130
سلاكة اذن  خشب شكل قلب,15,1,15,20260130
مود هاند ووش,60,1,60,20260130
حرير سويت,25,1,25,20260130
صوفي حفاضات نسائية طويل 16 قطعة,50,1,50,20260130
استك 551-31,25,1,25,20260130
ايفا بدي سبلاش 240 مل,190,1,190,20260130
استك لؤلؤ,25,1,25,20260130
استك mm1-110,25,2,50,20260130
كوين شفرات 10 ق,60,1,60,20260130
الو ايفا بلسم ارجان 230 مل,75,1,75,20260130
كازانوفا كريم مغذي للشعر 150 جرام,190,1,190,20260130
كير لاين لاصقة انف (قطعة),15,1,15,20260130
دبوس حجاب (طرحة) لولي,10,1,10,20260130
سي ليت رول اون 50 مل,110,1,110,20260130
جليسوليد لوشن للجسم 200 مل,75,1,75,20260130
وان كريم ازالة الشعر 90 جرام,40,1,40,20260130
هيربال ايسنسز شامبو 400 مل,310,1,310,20260130
هيربال ايسنسز بلسم 400 مل,370,1,370,20260130
طوق فراشة معدن,40,1,40,20260130
توكة منقار فراشة صغير,15,2,30,20260130
استك لولي 3*1,20,1,20,20260130
فيراري برفان 100 مل,200,1,200,20260130
قفاش مستطيل الوان كبير,30,1,30,20260130
طوق لولي ابيض,40,1,40,20260130
قطعة دبوس حجاب,5,1,5,20260130
روز بيري ايلاينر لون اسود,100,1,100,20260130
كوكو شمع خرز 500 جرام,175,1,175,20260130
مايت سينما روج,45,1,45,20260130
علبة دبوس طرحة بيضاوية صغيرة,5,2,10,20260130
استيك مجموعات كبير اسود 6 ق,15,1,15,20260130
علبة دبوس طرحة مربعة صغيرة,5,1,5,20260130
سورتيت عريض منقوش,35,1,35,20260130
سورتيت اطفال سادة الوان,25,2,50,20260130
توكة شعر كريز,20,1,20,20260130
سلسلة قلب ستانلس,105,1,105,20260130
سلسلة حرف+قلب استانليس,120,1,120,20260130
توكة وردة تريندي منقطة,25,1,25,20260130
حلق دلاية سلسلة استانليس,105,1,105,20260130
كحل جرس الماني,25,1,25,20260129
طقم سلسله + حلق استانليس,60,1,60,20260129
دبلة حريمي استانليس,70,1,70,20260129
علبة دبوس طرحة بيضاوية صغيرة,5,2,10,20260129
فلورمار قلم حواجب بني,30,1,30,20260129
روز بيري ايلاينر لون اسود,100,1,100,20260129
طوق بسنون اسود بلولي,25,2,50,20260129
مايت سينما روج دبدوب,35,1,35,20260129
استيك عمود (علبة),35,1,35,20260129
تريشوب حمام كريم كيس 30 مل,15,1,15,20260129
خاتم حرف كبير استانليس,65,1,65,20260129
استك ستان الوان + فرو,25,1,25,20260129
نتائج الطبيعة بديل زيت 35 جرام,15,1,15,20260129
اليجانس مخمرية,35,1,35,20260129
جليسوليد لوشن للجسم 200 مل,75,1,75,20260129
سيجنال معجون اسنان 50 مل,30,1,30,20260129
صانسيلك شامبو 600 مل,140,1,140,20260129
كينج هورس تاتو الوان + اسود,25,1,25,20260129
استيك PETIT SWEET,10,1,10,20260129
فريدا شاور جل 1200 مل,145,1,145,20260129
جلوري حنة أكياس,40,2,80,20260129
براية كحل,20,1,20,20260129
بانثينول كريم مرطب و ملطف للجلد 30 جرام,45,1,45,20260129
بيوتي سيكريت ماسك طبيعي,35,1,35,20260129
سيفورا كحل,65,1,65,20260129
روز بيري قلم حواجب دبل ثابت,125,1,125,20260129
روج سندرا سايل 518,45,1,45,20260129
فلامنجو شفرات,30,1,30,20260129
روج ستيك روز جولد 180,65,1,65,20260129
برفان قلم 35 مل,40,1,40,20260129
ساندرا روج استيك 434,40,1,40,20260129
ملمع سندرا 410,45,1,45,20260129
افوفا سويت عجينة,30,1,30,20260128
فاتيكا زيت شعر 90 مل,25,1,25,20260128
روز بيري قلم حواجب دبل ثابت,125,1,125,20260128
سلاكة اذن  خشب شكل قلب,15,1,15,20260128
جومانا حنة اظافر,20,1,20,20260128
ايفا بدي سبلاش 240 مل,190,1,190,20260128
ار كيو برفان 30 مل,90,1,90,20260128
هدى مسكرة شفافة بالهيالورنيك اسيد,50,1,50,20260128
روز بيري بودر بلاشر,180,1,180,20260128
الدكتور برفان قلم,40,1,40,20260128
مشط دبل بلاستيك,35,1,35,20260128
مايت سينما كومباكت بودر,90,1,90,20260128
افوفا شفرات للبشرة الحساسة (كيس بينك) 5*1,40,1,40,20260128
ديرماتيك ماء ميسيلار للبشرة الحساسة 4*1 150مل,150,1,150,20260128
ايمامي زيت شعر 7 اويلز 200 مل,200,1,200,20260128
بونيتا فرشاة شعر دائرية,55,1,55,20260127
جولي فرشاة شعر مربعة,50,1,50,20260127
بونيتا فرشاة شعر بيضاء,55,1,55,20260127
سلسلة 2 دور استانليس,130,1,130,20260127
ام ان ديب ايلاينر,65,1,65,20260127
اليس شفرات وجه 3 ق علبة بيينك,65,1,65,20260127
العود الملكي مخمرية 40 جرام,35,1,35,20260127
كارلا روز كونتور 2*1,145,1,145,20260127
انسام بخور جلاكسي 5 ساعات (عود واحد),15,1,15,20260127
2 كلبس فيونكة + 4 قفاش صغير على كارت,25,1,25,20260127
فرشاة ظهر خشب,75,1,75,20260127
فرشاة  مسكرة,5,2,10,20260127
قطعة مبرد اظافر خشب صغير,5,5,25,20260127
ار كيو برفان 30 مل,90,1,90,20260127
مناديل ازالة مكياج 222 قطعة,110,1,110,20260127
كوكو سويت كرتون,30,1,30,20260127
زينة مناديل تواليت 6 ق,65,1,65,20260127
كليويل محلول عدسات كوري 150 مل + حافظة عدسات,55,1,55,20260127
خاتم اطفال,10,1,10,20260127
عدسات فريش ليدي,110,1,110,20260127
براية كحل,20,2,40,20260127
براية كحل,20,1,20,20260127
بانثينول كريم مرطب و ملطف للجلد 30 جرام,45,1,45,20260127
مبرد 6*1,25,1,25,20260127
طقم فوارغ 5*1,55,1,55,20260127
اليس قصافة اظافر مستوردة صلب,65,1,65,20260127
بايجن صبغة حواجب,85,1,85,20260127
مسكره ام ان 344,80,1,80,20260127
شيجلام اكلادور,15,1,15,20260126
صوفي الزرقاء حفاضات نسائية طويل جدا جدا 12 قطعة,55,1,55,20260126
جلامي لاب كريم هيدرا مرطب 50 جم,290,1,290,20260126
استك لولي 3*1,20,1,20,20260126
قطعة حلق تكة استانليس,35,1,35,20260126
استك الوان 3,15,1,15,20260126
استيك مجموعات كبير اسود 6 ق,15,1,15,20260126
زاك اسبراي 175 مل,235,1,235,20260125
مان لوك جل للشعر 250 جرام,45,1,45,20260125
قفاش فراشة الوان,25,1,25,20260125
قفاش مستطيل الوان كبير,30,1,30,20260125
ار كيو برفان 30 مل,90,1,90,20260125
دودج ليف ان كريم  450 جم,80,1,80,20260125
بريتي وومن روج ستيك,40,1,40,20260124
ديسار كريم تفتيح فيتامين سي 50 جرام,70,1,70,20260124
مناديل جيب مبللة,10,1,10,20260124
فريدا شاور جل 1200 مل,145,1,145,20260124
كير لاين لاصقة انف (قطعة),15,2,30,20260124
مايت سينما مسكرة ووتر بروف BIG EYES,85,1,85,20260124
ام ان ليب لاينر,25,1,25,20260124
توكة طاووس,40,1,40,20260124
مبرد قدم 4 * 1,40,1,40,20260124
العود الملكي مخمرية 40 جرام,35,1,35,20260123
اليس شفرات وجه 3 ق علبة بيينك,65,1,65,20260123
مايت سينما مسكرة شوكولاتة ووتر بروف,85,1,85,20260123
ليه كاريتييه حمام كريم كيس 35 مل,15,1,15,20260123
ام ان كحل اسود ووتر برووف (غلاف ذهبي),35,1,35,20260123
مناديل جيب مبللة,10,1,10,20260123
دهب ليفة كف,35,1,35,20260123
كونسيلر سندرا 553,60,1,60,20260123
مود شاور جل 750 جرام,85,1,85,20260123
برايمر بيبي سكين,25,1,25,20260122
كير اند مور كريم مرطب  75 مل,40,1,40,20260122
الو ايفا حمام كريم 250 جم,75,1,75,20260122
خاتم اكسسوار,40,1,40,20260122
FOR EVER اظافر يد,55,1,55,20260122
اليجانس مخمرية,35,1,35,20260122
دوف صابونة 90 جرام,40,1,40,20260121
شراب حريمي قصير,20,1,20,20260121
روز جولد ليب بالم,45,2,90,20260121
قفاش مستطيل الوان كبير,30,1,30,20260121
علبة دبوس طرحة مربعة صغيرة,5,1,5,20260121
كير اند مور كريم مرطب  75 مل,40,1,40,20260121
بوبانا ملح حليب كيس,45,1,45,20260121
لونا مرطب يد وجسم 75 جم,60,1,60,20260120
الوفيرا جل صبار 250 مل,25,1,25,20260120
اوبال فوت باودر,25,1,25,20260120
ساندرا ليب جلوس شفاف,45,1,45,20260120
ساندرا ليب جلوس شفاف,45,1,45,20260120
اماندا مرطب شفاه,30,1,30,20260119
مبرد أظافر,15,1,15,20260119
اظافر يد,55,1,55,20260119
سورتيت alo عريض سادة,35,1,35,20260119
جليسوليد سوفت كريم 100 مل,55,1,55,20260119
ميلانو لاصق اظافر دبل فيس 24 قطعة,15,1,15,20260119
الو ايفا شامبو بالارجان 230 مل,75,1,75,20260119
عدسات فريش ليدي,110,1,110,20260119
الصاروخ لاصق اظافر,10,1,10,20260119
ربيع الحرمين مكعبات مسك,10,2,20,20260119
كحل بنجور ماتيك,15,1,15,20260119
فلومار اكلادور 16 مل,25,7,175,20260119
دودج ليف ان كريم  450 جم,80,1,80,20260118
روج سندرا سايل 549,45,1,45,20260118
فوطة ميكرو فايبر,60,1,60,20260118
اليس جلافز,55,1,55,20260118
قفاش فيونكة,25,1,25,20260118
فلومار كحل ابيض,25,1,25,20260118
زجاجة هير ديلي هير ميست,75,1,75,20260118
ام ان ليب لاينر,25,1,25,20260118
فرشاة دمج ايشادو,25,1,25,20260118
جواشا حجر رخام,40,1,40,20260118
سلسلة 2 دور استانليس,130,1,130,20260118
انسيال شداد,85,1,85,20260118
عطور الشامي رول اون,45,1,45,20260118
توكة منقار كريز على الكارت,25,1,25,20260118
كليويل محلول عدسات كوري 100 مل + حافظة عدسات,35,1,35,20260117
فرشاة  مسكرة,5,1,5,20260117
بيو سوفت ليب بالم,15,1,15,20260117
عدسات فريش ليدي,110,1,110,20260117
فلومار اكلادور 16 مل,25,1,25,20260117
روج ستيك روز جولد 180,65,1,65,20260116
الو ايفا حمام كريم 250 جم,75,1,75,20260116
جوليشا حنة هندي لليد و الجسم 23 جرام,40,1,40,20260116
مايت سينما روج ارنوب,45,1,45,20260116
ساندرا ليب بالم,50,1,50,20260116
كلبس تيكتاك اشكال ملون,10,1,10,20260116
صن سويت,20,1,20,20260116
روز بيري كحل ووتر بروف,65,1,65,20260115
نابلسي شاهين صابونة 85 جرام,10,1,10,20260115
ليفين مرطب للبشرة 5 مل,5,1,5,20260115
روز بيري ايلاينر لون بني,100,1,100,20260115
صانسيلك شامبو 600 مل,140,1,140,20260115
مسبحة 33 خرزة مضلعة,30,4,120,20260115
مسبحة 33 خرزة كروية,25,3,75,20260115
افوفا بدي سبلاش ميني,45,1,45,20260115
المسواك معجون اسنان 120+ 20 جم,45,1,45,20260115
فا رول اون,55,1,55,20260114
ار كيو برفان 30 مل,90,1,90,20260114
yalla اظافر يد (12) مجموعة,60,1,60,20260114
روز جولد ليب بالم,45,3,135,20260114
طوق مموج اسود,25,1,25,20260114
مايت سينما ليفتر جلوس كريستال,55,1,55,20260114
اماندا مرطب شفاه,30,1,30,20260113
مبرد قدم خشب,25,1,25,20260113
عطور الشامي رول اون,45,1,45,20260113
توكة وردة تريندي منقطة,25,1,25,20260113
اسبلاش سيليكتف,180,1,180,20260113
مايت سينما مسكرة شوكولاتة ووتر بروف,85,1,85,20260113
نايس لايف مناديل جيب 100 منديل,10,1,10,20260113
سترونج فيل كريم شعر رجالي 120 جرام,195,1,195,20260113
علبة توك 3*1 صغيرة,30,1,30,20260113
كلبس تيكتاك ابيض سادة 4 على كارت,15,1,15,20260113
صوفي الزرقاء حفاضات نسائية طويل جدا جدا 12 قطعة,55,1,55,20260113
قطعة مبرد اظافر خشب صغير,5,1,5,20260113
جليسوليد سوفت كريم 100 مل,55,1,55,20260113
XL  اسبراي 150 مل,115,1,115,20260113
كلوز اب معجون اسنان 50 جرام,35,1,35,20260113
فا رول اون,55,1,55,20260113
كليوباترا بلسم 500 مل,60,1,60,20260113
لاسيدا مناديل مبللة 120 منديل,30,1,30,20260113
بوبانا مزيل عرق رول اون 50 مل,65,1,65,20260113
بوبانا مزيل عرق رول اون 50 مل,65,1,65,20260113
باراشوت زيت شعر 500 مل,250,1,250,20260112
سلسلة شعاع استانليس,115,1,115,20260112
يوكو ملح حليب 300 جرام,65,1,65,20260112
اماندا مرطب شفاه,30,1,30,20260111
اليس شفرات AS-300,95,1,95,20260111
سيلكا فرشاة فك تشابك,35,1,35,20260111
العقيق برفان اماراتي 100 مل,210,1,210,20260111
مايت سينما روج,45,1,45,20260111
مايت سينما روج ارنوب,45,1,45,20260111
كوجي سان صابونة 135 جرام,100,1,100,20260111
روز جولد ليب بالم,45,1,45,20260111
استك TK 2,25,1,25,20260111
سيبال قلم كحل ماتيك  اوريجنال الماني,220,1,220,20260111
ساندرا روج استيك جيلاتين (سحري),45,1,45,20260111
شوجر جيرل برفان اماراتي  100 مل,250,1,250,20260111
قطعة اليس شفرات بينك 12 قطعة,15,1,15,20260111
روج ستيك روز جولد 180,65,1,65,20260111
ايسنس برنسيس مسكره,85,1,85,20260111
بيوتي بلندر,15,1,15,20260111
صابونة لبان دكر,30,1,30,20260111
صابونة لبان دكر,30,1,30,20260111
تينكل شفرات وجه 3 قطع,20,1,20,20260111
الوفيرا جل صبار 250 مل,25,1,25,20260111
فريدا معطر جو,60,1,60,20260110
فاتيكا كريم شعر 125 مل,55,1,55,20260110
روج ستيك روز جولد 180,65,2,130,20260110
افوفا شفرات حريمي (كيس اخضر) 4 + 1,60,1,60,20260110
ميدالية كريز كبيرة,65,1,65,20260110
فاميليا مناديل مطبخ 6 بكرات,70,1,70,20260110
داكس كريم تصفيف الشعر الهايش بزبدة الشيا 90 جرام,50,1,50,20260110
قطعة حلق تكة استانليس,35,1,35,20260110
قطعة دبوس تركي للحجاب,5,2,10,20260109
سورتيت عريض منقوش,35,1,35,20260109
استك مجموعات صغير 24 قطعة,25,1,25,20260109
تينكل شفرات وجه 3 قطع اوريجينال,110,1,110,20260109
مايت سينما روج,45,1,45,20260109
دبوس حجاب سيراميك 3 على كارت,20,1,20,20260109
علبة دبوس طرحة بيضاوية صغيرة,5,1,5,20260109
بونيه ستان,55,1,55,20260109
ايفا سموكرز بودرة اسنان,50,1,50,20260109
كاريت ليب سيرم,60,1,60,20260109
جوليشا حنة هندي لليد و الجسم 23 جرام,40,2,80,20260109
جوليشا حنة هندي لليد و الجسم 23 جرام,40,1,40,20260109
XL  اسبراي 150 مل,115,1,115,20260109
ام ان كحل اسود ووتر برووف (غلاف ذهبي),35,1,35,20260109
ام ان كحل اسود ووتر برووف (غلاف ذهبي),35,1,35,20260109
ايفونا  جل مخمرية جليتر للجسم 100 جرام,55,1,55,20260109
ام ان ليب لاينر,25,1,25,20260109
لاست لوك تنت جيلي ستيك,80,1,80,20260109
رول ستان 4 * 1 لعمل شعر كيرلي,55,1,55,20260109
ريكسونا رول اون 50 مل,90,1,90,20260109
ليفين مرطب للبشرة 5 مل,5,4,20,20260109
ايسنس برنسيس مسكره,85,1,85,20260109
اليس شفرات وجه 3 ق علبة موف,60,1,60,20260109
روج جلوس شفايف لاست لوك 2005,45,1,45,20260109
سوبر كيدز 3*1 500 مل,200,1,200,20260109
سنسوداين فرشاة اسنان,50,1,50,20260109
كوين شفرات 10 ق,60,1,60,20260109
فريدا شاور جل 3 لتر,300,1,300,20260109
صوفي حفاضات نسائية طويل 16 قطعة,50,1,50,20260109
ستارفيل رول اون,130,1,130,20260109
طوق,25,1,25,20260109
وايت مناديل سحب,25,1,25,20260109
شان بدي ميلك برائحة 300 مل,220,1,220,20260109
كيكو دبل روج,90,1,90,20260109
كيكو دبل روج,65,3,195,20260108
سلاكة اذن  خشب شكل قلب,15,1,15,20260108
ايفا بدي سبلاش 240 مل,149,2,298,20260108
فريدا شاور جل 1200 مل,145,2,290,20260108
فريدا شاور جل 1200 مل,116.5,2,233,20260108
تينكل شفرات وجه 3 قطع,20,1,20,20260108
لونا زبدة شفايف عرض 2*1,50,1,50,20260108
طقم فوارغ 5*1,55,1,55,20260108
باراشوت زيت شعر 500 مل,250,1,250,20260108
ديما مسك طهارة ابيض+رمان,45,1,45,20260108
كير اند مور بدي لوشن  150مل,48,1,48,20260108
فاتيكا شامبو 360 مل,53.5,4,214,20260108
ايسنس برنسيس مسكره,48,3,144,20260108
روج ستيك روز جولد 180,65,1,65,20260108
بيو سوفت حمام كريم,71,6,426,20260108
فرشاة استشوار,35,1,35,20260108
ار كيو برفان 30 مل,60,3,180,20260108
نونو بودرة تلك للاطفال 100 جرام,55,1,55,20260108
كير اند مور كريم مرطب لليدين 50 مل,33,6,198,20260108
روز جولد ليب بالم,45,1,45,20260108
جوليشا حنة هندي لليد و الجسم 23 جرام,27.5,8,220,20260108
ار كيو مسك طهارة,21,6,126,20260108
ميلانو لاصق اظافر دبل فيس 24 قطعة,4,6,24,20260108
سويت الاميرات دلكة السودانية,37.5,3,112.5,20260108
مروحة يد,35,1,35,20260108
نابلسي شاهين صابونة 85 جرام,10,1,10,20260108
علبة دبوس طرحة مربعة صغيرة,5,1,5,20260108
خالص برفان اماراتي 100 مل,250,1,250,20260108
استك مجموعات صغير 24 قطعة,20,1,20,20260108
رسومات حنة و تاتو,15,1,15,20260107
AM اسبلاش 150 مل,85,1,85,20260107
ام ان قلم حواجب  مشط,20,2,40,20260107
نودي بيوتي سكراب شفايف + تنت,25,1,25,20260107
العود الملكي مخمرية 40 جرام,35,1,35,20260107
دوف كريم بشرة 75 مل,75,1,75,20260107
اليجانس مخمرية,35,1,35,20260107
ار كيو برفان 30 مل,90,1,90,20260107
ديسار سيرم فيتامين سي 30 مل,160,1,160,20260107
روج سحري اخضر,20,1,20,20260107
ملمع سندرا 410,45,1,45,20260107
استك لؤلؤ,25,1,25,20260107
حبر تاتو,30,1,30,20260107
خاتم اطفال,10,1,10,20260107
براشوت جولد كريم شعر210 مل,70,1,70,20260107
تمارا كريم حلاقة,25,1,25,20260106
ام ان كحل ماتك,70,1,70,20260106
افوفا شفرات حريمي (كيس اخضر) 4 + 1,60,1,60,20260106
فلامنجو شفرات,30,1,30,20260106
ماكينة حلاقة رجالي ASCO,10,1,10,20260106
بوبانا شيت ماسك كيس,40,1,40,20260106
مناديل جيب مبللة,10,1,10,20260106
ايفا كريم مقشر لليدين 50 مل,70,1,70,20260106
ميدالية مفتاح ستيتش,25,1,25,20260106
مايت سينما مسكرة شوكولاتة ووتر بروف,85,1,85,20260106
كير اند مور كريم مرطب لليدين 50 مل,45,1,45,20260106
جليسوليد سوفت كريم 100 مل,55,1,55,20260106
روز جولد ليب بالم,45,1,45,20260106
مراية مكياج,30,1,30,20260106
ام ان كومباكت بودر,80,1,80,20260106
العود الملكي مخمرية 40 جرام,35,2,70,20260106
ام ان قلم حواجب  مشط,20,1,20,20260106
تريو مزيل عرق رول اون,45,1,45,20260106
غويشة ذهبي استانليس,120,1,120,20260106
حلق طويل استانليس,110,1,110,20260106
سورتيت عريض منقوش,35,2,70,20260106
خاتم توينز استانليس,70,1,70,20260106
خاتم توينز استانليس,70,1,70,20260106
لفايف للشعر الكيرلي,45,1,45,20260105
توكة وردة تريندي منقطة,25,1,25,20260105
صن سويت,20,1,20,20260105
دوف شامبو 400 مل,140,1,140,20260105
اظافر يد اطفال سيليكون,30,1,30,20260105
بلوب اكسجين 1 لتر,65,1,65,20260105
الصاروخ لاصق اظافر,10,1,10,20260105
باليت صبغة شعر,110,1,110,20260105
غارنييه صبغة شعر,145,2,290,20260105
كلبسات شعر بلاستيك,30,1,30,20260105
ملمع سندرا 550,50,1,50,20260104
روج جلوس شفايف لاست لوك 2005,45,1,45,20260104
كير اند مور كريم مرطب  75 مل,40,1,40,20260104
كير اند مور كريم مرطب  75 مل,40,1,40,20260104
اسفنجة الجلد,25,1,25,20260104
شنطة مكياج,15,1,15,20260104
خاتم فري سايز,70,2,140,20260104
العراب ماء ورد 250 مل,25,1,25,20260104
العراب ماء ورد 250 مل,25,1,25,20260104
وان كريم ازالة الشعر 40 جرام,25,1,25,20260104
كير اند مور اسيتون,55,1,55,20260104
فاشون استيك (توكة) ستان كبير,25,1,25,20260104
جونسون زيت للاطفال 75 مل,70,1,70,20260104
شان سيرم اظافر 4 مل,160,1,160,20260104
سيلفانا اكلادور,15,1,15,20260104
كوكو كولد واكس,70,1,70,20260104
مود صابون,30,2,60,20260104
فوالا بدي اسبلاش 250 مل,220,1,220,20260104
اماندا مرطب شفاه,30,1,30,20260104
قرص شيت ماسك مضغوط,5,1,5,20260104
قرص شيت ماسك مضغوط,5,1,5,20260104
نابلسي شاهين صابونة 85 جرام,10,1,10,20260103
روز بيري كحل ووتر بروف,65,1,65,20260103
مود صابون,30,1,30,20260103
صوفي الزرقاء حفاضات نسائية طويل جدا جدا 12 قطعة,55,1,55,20260103
لوكس شاور جل 250 مل,60,1,60,20260103
اليزابيث هيلين ايلاينر,75,1,75,20260103
افوفا بدي سبلاش ميني,45,1,45,20260103
كولاجرا غسول 200 مل انبوبة,160,1,160,20260103
قطعة مشط شنب,10,1,10,20260102
بيلا سبلاش 125 مل,40,1,40,20260102
فلومار اكلادور 16 مل,25,1,25,20260102
مايت سينيما بلاشر  1123,50,1,50,20260102
افوفا بدي سبلاش ميني,45,2,90,20260102
عدسات فريش ليدي,110,1,110,20260102
حافظة عدسات فاكيوم,35,1,35,20260102
يونو مناديل مبللة للاطفال 120 منديل,35,1,35,20260102
روز جولد ليب جلوس ماجيك,50,1,50,20260102
فاشون استيك (توكة) ستان كبير,25,1,25,20260102
مايت سينما ايلاينر,80,1,80,20260102
ارت اسبراي اماراتي 200 مل,150,1,150,20260101
ايفا كريم تفتيح تحت العين 15 مل,55,1,55,20260101
برفان 60 مل,60,1,60,20260101
محفظة حريمي 2 سوستة,120,1,120,20260101
ايفا بدي سكراب 250 جرام,120,1,120,20260101
قطعة دبوس تركي للحجاب,5,1,5,20260101
سمارت براش فرشاة فك تشابك,60,1,60,20260101
دبوس حجاب (طرحة) لولي,10,1,10,20260101
ار كيو برفان 30 مل,90,1,90,20260101
اليجانس مخمرية,35,1,35,20260101
اليجانس مخمرية,35,1,35,20260101
يارا مسك طهارة,45,1,45,20260101
فازلين جلي الترطيب الاصلي 100 مل,85,1,85,20260101
كير اند مور مزيل عرق ستيك,85,1,85,20260101
التيس كريم جل سيراميد لترطيب البشرة 50 مل,350,1,350,20260101
تريشوب حمام كريم كيس 30 مل,15,1,15,20260101
مجموعة دبوس مشبك,5,1,5,20260101
شان بدي ميلك برائحة 300 مل,220,1,220,20260101
بريتي وومن مناديل ازالة مكياج,5,2,10,20260101
بلاشر اسفنجة سندرا 154,75,1,75,20260101
بيبي روز ايشادو 16 لون,125,1,125,20260101
بيبي روز ايشادو 16 لون,125,1,125,20260101
روج سندرا سايل 549,45,1,45,20260101
ربيع الحرمين مكعبات مسك,10,1,10,20260101
كير اند مور كريم مرطب  75 مل,40,1,40,20260101
ايفا شاور كريم استحمام 250 مل,100,1,100,20260101
الصاروخ لاصق اظافر,10,1,10,20260101
سنسوداين فرشاة اسنان,50,1,50,20251231
مناديل جيب مبللة,10,1,10,20251231
لاسيدا مناديل مبللة 120 منديل,30,1,30,20251231
افوفا شفرات حريمي (كيس اخضر) 4 + 1,60,1,60,20251231
بيلا سبلاش 125 مل,40,1,40,20251231
وايت مناديل سحب,25,1,25,20251231
دوركو شفرات 10 ق,50,1,50,20251231
shiny فرشاة اسنان كبار,20,1,20,20251231
بيو سوفت ليب بالم,15,1,15,20251231
بيك اسبراي 200 مل,150,1,150,20251231
انيزيو شامبو ضد القشرة 250 مل,250,1,250,20251231
قطعة دبوس تركي للحجاب,5,1,5,20251230
بيو سوفت ليب بالم,15,1,15,20251230
كير لاين لاصقة انف (قطعة),15,1,15,20251230
مايت سينما مسكرة ووتر بروف ULTRA BLACK,85,1,85,20251230
جومانا حنة اظافر,15,1,15,20251230
جلوري حنة أكياس,40,2,80,20251230
ستارفيل رول اون,130,1,130,20251230
بوبانا شيت ماسك كيس,40,1,40,20251230
فلومار اكلادور 16 مل,25,1,25,20251230
ايفا شاور كريم استحمام 250 مل,100,1,100,20251230
بوبانا ماسك طمي قناع برطمان  400 جرام,75,1,75,20251229
صابونة لبان دكر,30,1,30,20251229
بابيا مناديل مطبخ 6 بكرات,76.25,1,76.25,20251229
فاميليا مناديل مطبخ 6 بكرات,57,1,57,20251229
نونو زيت للجسم 100 مل,65,1,65,20251229
سلسلة كريز ظهر حية استانليس,125,1,125,20251229
روز بيري ايلاينر لون اسود,100,1,100,20251229
انفينتي كريم مرطب 120 مل,140,1,140,20251229
ميدالية كريز كبيرة,65,1,65,20251228
دوف صابونة 90 جرام,40,1,40,20251228
فازلين شفايف ثيرابي,20,1,20,20251228
ستارفيل غسول جل 100 مل,59,1,59,20251227
تاتو اسود,5,1,5,20251227
لونا مجموعة 4*1,111,1,111,20251227
كريم ترميم للشعر بزيت الارجان,32.5,3,97.5,20251227
كلوز اب معجون اسنان 50 جرام,29,3,87,20251227
داكس كريم تصفيف الشعر الهايش بزبدة الشيا 90 جرام,32.5,3,97.5,20251227
جوليشا حنة هندي لليد و الجسم 23 جرام,27.5,2,55,20251227
كينج هورس تاتو الوان + اسود,15.5,15,232.5,20251227
ملقاط (كيس),9.5,3,28.5,20251227
جونسون كريم ترطيب وجه + جسم 100 جرام,52,4,208,20251227
جونسون كريم سوفت ترطيب وجه + جسم 100 جرام,82.5,1,82.5,20251227
قفاش فراشة 3 على كارت,23,6,138,20251227
قفاش فراشة صغير 4 على كارت,17.5,5,87.5,20251227
كير اند مور مزيل عرق ستيك,65,3,195,20251227
بريتي وومان مصحح حواجب 2 لون علبة مستطيلة,48.5,2,97,20251227
مخمرية روائح متنوعة,22.5,4,90,20251227
مايت سينما مصحح حواجب 4 لون,47,2,94,20251227
روبي روز مصحح حواجب 3 لون,26,2,52,20251227
تاتو الوان,20,1,20,20251227
مايت سينما كومباكت بودر,62,3,186,20251226
FOR EVER اظافر يد,22,3,66,20251226
تناية رموش معدن بيد مقص,18,3,54,20251226
XL  اسبراي 150 مل,81,2,162,20251226
فاتيكا زيت 180 مل,28.5,2,57,20251226
ارت اسبراي اماراتي 200 مل,75,3,225,20251226
كوكو واكس,37.5,3,112.5,20251226
ام ان كومباكت بودر,56.5,4,226,20251226
اظافر يد,45,1,45,20251226
شراب سيليكون لوكس كبير,41,6,246,20251226
كير اند مور بدي لوشن  150مل,48,1,48,20251226
الصاروخ لاصق اظافر,10,1,10,20251226
تمارا كريم شعر 170 مل,21.5,2,43,20251226
فوطة ميكرو فايبر,33,3,99,20251226
ستارفيل رول اون,88,4,352,20251226
فريدا شاور جل 1200 مل,118,2,236,20251226
ايفا بدي سبلاش 240 مل,149,4,596,20251226
فريدا شاور جل 650 مل,70,1,70,20251226
فريدا شاور جل 650 مل,73,2,146,20251225
ايفا غسول للوجه ومزيل للمكياج 150 مل,42,1,42,20251225
صابونة لبان دكر,12.5,4,50,20251225
فوطة ميكرو فايبر,60,1,60,20251225
وايت مناديل ازالة مكياج 80 قطغة,55,1,55,20251225
شاور جل لوزان 2.25 لتر,80,1,80,20251225
اليس شفرات وجه 3 ق علبة موف,60,1,60,20251225
فرشة شعر ار جي 188,95,1,95,20251225
فوج اسبراي 120 مل,110,1,110,20251225
بوبانا شيت ماسك كيس,27,2,54,20251225
كير اند مور بدي لوشن  150مل,53,1,53,20251225
سلسلة شعاع استانليس,115,1,115,20251225
قفاش وردة تريندي 3 على كارت,40,1,40,20251225
توكة منقار كريز على الكارت,25,1,25,20251225
بنسة شعر جلوريا,15,1,15,20251225
العود الملكي مخمرية 40 جرام,23,4,92,20251225
مبرد أظافر,10,1,10,20251225
مبرد أظافر,10,3,30,20251225
دوش شاور جل 1 لتر,62.5,1,62.5,20251225
ريفولي شاور جل 1 لتر,83,1,83,20251225
اماندا مرطب شفاه,21.5,2,43,20251225
فايف دي لاصقة تبييض الاسنان (قطعة),15,1,15,20251225
اظافر يد (12) مجموعة (288) قطعة,70,1,70,20251225
كير اند مور كريم مرطب لليدين 50 مل,34,2,68,20251225
XL  اسبراي 150 مل,85,3,255,20251225
XL  اسبراي 150 مل,115,1,115,20251225
بيو سوفت ليب بالم,9,5,45,20251225
طوق لولي الوان,25,1,25,20251225
توكة منقار فراشة صغير,15,1,15,20251225
بلوب اكسجين 1 لتر,65,1,65,20251225
ليفين كريم شعر 150 جرام,35,6,210,20251224
استيك مجموعات كبير اسود 15 ق,30,1,30,20251224
كير اند مور كريم مرطب لليدين 50 مل,45,1,45,20251224
سيجنال فرشاة اسنان غرض 2 * 1,45,1,45,20251224
yalla اظافر يد كارت,30,1,30,20251224
مراية مكياج,30,1,30,20251224
فرشاة  مسكرة,5,1,5,20251224
افوفا شفرات للبشرة الحساسة (كيس بينك) 5*1,40,1,40,20251224
انيزيو شامبو ضد القشرة 250 مل,175,1,175,20251224
انيزيو لوشن مرطب للجسم 150 مل,189,1,189,20251224
انيزيو صن سكرين كريم جل 50 جرام,182,2,364,20251224
انيزيو شامبو و بلسم لتساقط الشعر 250 مل,168,2,336,20251224
طقم فوارغ 2 قطعة,25,1,25,20251224
انيزيو غسول جل للوجه 200 مل,175,2,350,20251224
بونيه ستان,31,1,31,20251224
ايفا بدي سكراب 250 جرام,82,2,164,20251224
غارنييه صبغة شعر,145,1,145,20251224
فلومار اكلادور 16 مل,20,1,20,20251224
فلومار اكلادور 16 مل,13.5,13,175.5,20251224
ستارفيل صابونة تفتيح 90 جرام,39,2,78,20251224
وايت مناديل ازالة مكياج 80 قطغة,38.5,3,115.5,20251224
ايمامي زيت 50 مل,65,1,65,20251224
تناية رموش معدن,16,3,48,20251224
دراكون رول اون 1,100,1,100,20251224
براية كحل,11.25,12,135,20251224
كال سبراي 125 مل,95,1,95,20251224
كليوباترا بلسم 500 مل,41.5,1,41.5,20251224
كليوباترا شامبو 500 مل,41.5,1,41.5,20251224
حجر قدم,13,2,26,20251224
فرشاة حمام زيت,30,1,30,20251224
الوفيرا جل صبار 250 مل,16.5,2,33,20251224
اليجانس اسبراي 150 مل,110,1,110,20251223
حلق فص,25,1,25,20251223
فازلين شفايف ثيرابي,20,1,20,20251223
مناديل جيب مبللة,10,2,20,20251223
حلق 3 * 1 استانليس على كارت,45,1,45,20251223
استيك مجموعات كبير اسود 6 ق,15,1,15,20251223
صانسيلك عرض شامبو+ بلسم 350 جرام,185,1,185,20251223
غارنييه مزيل مكياج بالزيت 100 مل,110,1,110,20251223
ميدالية مفتاح ستيتش,25,1,25,20251223
ميدالية مفتاح لابوبو,25,1,25,20251223
ليفين كريم شعر 150 جرام,35,6,210,20251223
خاتم (حرف صغير + اشكال) استانليس,60,1,60,20251222
هيد اند شولدرز شامبو ضد القشرة 400 مل,225,1,225,20251222
دبوس حجاب (طرحة) لولي,10,1,10,20251222
دوف صابونة 90 جرام,40,1,40,20251222
سيلفانا اكلادور,15,1,15,20251222
بونيه ستان,55,2,110,20251222
بونيه ستان,55,2,110,20251222
توكة وردة تريندي منقطة,25,1,25,20251222
قطعة دبوس حجاب,5,4,20,20251222
شيجلام صابونة حواجب,40,1,40,20251222
لونا ليب ثيرابي بزبدة الشيا,65,1,65,20251222
فاتيكا زيت شعر 90 مل,25,1,25,20251222
ليدي موديل روج خشب 70,35,1,35,20251222
ايسنس برنسيس مسكره,85,1,85,20251222
روج سندرا سايل 549,45,1,45,20251221
بيو سوفت حمام كريم,95,1,95,20251221
بوبانا ماسك طمي قناع برطمان  400 جرام,75,1,75,20251221
كير اند مور بدي لوشن  150مل,75,1,75,20251221
ربيع الحرمين مكعبات مسك,10,1,10,20251221
مود بدي ميلك,90,1,90,20251221
روز بيري كحل ووتر بروف,65,1,65,20251221
تاج فضي معدن صغير,50,1,50,20251221
ار كيو برفان 30 مل,90,1,90,20251221
كاريت شيت ماسك جوز الهند,35,1,35,20251221
شراب حريمي قصير,20,2,40,20251221
روز جولد ليب بالم,45,1,45,20251221
توكة منقار فراشة صغير,15,2,30,20251221
علبة توك 3*1 صغيرة,30,1,30,20251221
فرشاة شعر عسلي مربعة,55,1,55,20251221
تريشوب حمام كريم كيس 30 مل,15,1,15,20251220
ملقاط ذهبي,30,1,30,20251220
نايس لايف مناديل جيب 100 منديل,10,1,10,20251220
نايس لايف مناديل جيب 100 منديل,10,1,10,20251220
شاور كاب ووتر بروف (كيس),20,1,20,20251220
ام ان ليب لاينر,25,1,25,20251220
غارنييه مزيل مكياج للبشرة الحساسة 100 مل,95,1,95,20251220
ام ان كحل اسود ووتر برووف (غلاف ذهبي),30,1,30,20251220
فاتيكا حمام كريم كيس 35 جم,15,1,15,20251220
كوكو واكس,55,1,55,20251220
قرص شيت ماسك مضغوط,5,1,5,20251220
فا رول اون,55,1,55,20251220
سلاكة اذن خشب حجم متوسط,20,1,20,20251220
كليوباترا شامبو 500 مل,60,1,60,20251220
ام ان كحل ماتك,70,1,70,20251220
دهب ليفة كف,35,1,35,20251220
باليت صبغة شعر,110,1,110,20251220
الصاروخ لاصق اظافر,10,1,10,20251220
افوفا شفرات حريمي (كيس اخضر) 4 + 1,60,1,60,20251220
ستارفيل جل مرطب هيدراتنج 100 مل انبوبه,175,1,175,20251220
ستارفيل غسول جل 200 مل,125,1,125,20251220
ايفا ريسبي شامبو  350 مل,120,1,120,20251220
حمام كريم بونابيلا 250 جرام,190,1,190,20251220
كحل ام ان 161,11.25,12,135,20251219
تمارا كريم شعر 170 مل,35,1,35,20251219
شيجلام ليب جلوس انبوبة,12.5,24,300,20251219
بلاشر رومانتك برايت 6 لون 218,95,1,95,20251219
لونا صابون عرض 2*1 72 جرام,55,1,55,20251219
باليت صبغة شعر,110,2,220,20251219
غارنييه صبغة شعر,145,1,145,20251219
بانثينول كريم مرطب و ملطف للجلد 30 جرام,45,1,45,20251219
الو ايفا بديل الزيت بخلاصة الصبار 250 مل,90,1,90,20251219
سيفورا كحل,40,12,480,20251219
ام ان قلم حواجب  مشط,11.25,12,135,20251219
مبرد اظافر معدن,25,1,25,20251219
كاندي جل صبار 250 مل,80,1,80,20251219
فير اند لفلي كريم 18 جرام,25,1,25,20251219
نودي بيوتي سكراب شفايف + تنت,25,1,25,20251219
العود الملكي مخمرية 40 جرام,35,1,35,20251219
صن سويت,20,1,20,20251219
علبة دبوس طرحة مربعة صغيرة,5,1,5,20251219
علبة دبوس طرحة بيضاوية صغيرة,5,1,5,20251219
تينكل شفرات وجه 3 قطع اوريجينال,110,1,110,20251219
طقم فرش مكياج جلد,40,1,40,20251219
ام ان كحل اسود ووتر برووف (غلاف ذهبي),15,12,180,20251219
نيلوفا بدي لوشن مرطب لجميع انواع البشرة 70 مل,110,1,110,20251219
نيلوفا بدي ووش 450 مل,110,1,110,20251219
نيلوفا صن سكرين 50 مل,130,1,130,20251219
نيلوفا كريم تفتيح 50 مل,200,1,200,20251219
نيلوفا سيرم تفتيح 35 مل,115,1,115,20251219
سيلفانا اكلادور,6.25,24,150,20251219
مايت سينما روج ارنوب,30,6,180,20251219
ام ان مسكرة 3D,57,3,171,20251219
مايت سينما ايلاينر شوكليت,55,3,165,20251219
ام ان ديب لاينر,41.667,3,125,20251219
دوسي ايلاينر,40,3,120,20251219
فلومار كحل ابيض,8.75,12,105,20251219
فلومار كحل ابيض,25,1,25,20251219
اليجانس مخمرية,35,1,35,20251219
كاريت شيت ماسك جوز الهند,35,1,35,20251219
قطعة مبرد اظافر خشب صغير,5,2,10,20251219
كوجي سان صابونة 135 جرام,100,1,100,20251219
لاست لوك تنت جيلي ستيك,80,1,80,20251219
كيكو روج خشب,35,1,35,20251219
مايت سينما مسكرة شوكولاتة ووتر بروف,60,3,180,20251219
الجو فرشة اسنان اطفال,15,1,15,20251219
ميدالية لابوبو,70,1,70,20251218
طوق لولي سكري,20,1,20,20251218
كلبس 10 على كارت,30,1,30,20251218
اليجانس مخمرية,35,1,35,20251218
سيجنال معجون اسنان 50 مل,22,5,110,20251218
دوف صابونة 90 جرام,31.24,12,374.88,20251218
دوف شامبو 400 مل,107.395,2,214.79,20251218
ريكسونا رول اون 20 مل,28.72,1,28.72,20251218
سيجنال فرشاة اسنان غرض 2 * 1,35.86,3,107.58,20251218
ريكسونا رول اون 50 مل,62.34,12,748.08,20251218
صانسيلك شامبو 600 مل,101.253,3,303.76,20251218
سيجنال معجون اسنان 25 مل,13.34,1,13.34,20251218
تريزمي  شامبو 400 مل,120,1,120,20251218
تريزمي  شامبو 400 مل,155,1,155,20251218
تريزمي  بلسم 400 مل,150,1,150,20251218
فازلين جلي الترطيب الاصلي 100 مل,67.08,1,67.08,20251218
فازلين جلي الترطيب الاصلي 50 مل,47.345,2,94.69,20251218
كلير كريم شعر رجالي 210 مل,60.66,2,121.32,20251218
دوف كريم بشرة 75 مل,51.29,2,102.58,20251218
محفظة حريمي 2 سوستة,120,1,120,20251218
قطعة دبوس تركي للحجاب,5,2,10,20251218
استيك مجموعات كبير اسود 6 ق,15,1,15,20251218
فلورمار قلم حواجب بني,30,1,30,20251218
العود الملكي مخمرية 40 جرام,35,1,35,20251218
حلق فراشة استانليس,45,1,45,20251218
مايت سينما ليب جلوس,35,1,35,20251218
ماي واي سبراي 125 مل,100,1,100,20251218
تناية رموش معدن,30,1,30,20251218
صانسيلك شامبو 350 مل,68.64,4,274.56,20251218
الو ايفا شامبو بالارجان 230 مل,75,1,75,20251218
خاتم فري سايز,70,1,70,20251218
افوفا بدي سبلاش ميني,45,1,45,20251218
بانسيه رول اون,25,1,25,20251218
قفاش فيونكة,25,1,25,20251218
فاتيكا كريم شعر 125 مل,55,1,55,20251218
ستاركي سكراب 300 مل,30,1,30,20251218
بونابيلا حمام كريم كيس,20,1,20,20251218
ديما مسك طهارة ابيض+رمان,45,2,90,20251218
ايفا اسيتون 100 مل,45,1,45,20251218
ايسنس برنسيس مسكره,85,1,85,20251218
روج سايل رومانتيك ماط 3231,45,1,45,20251218
بلاشر اسفنجة سندرا 154,75,1,75,20251218
فلومار اكلادور 16 مل,20,1,20,20251218
كونسيلر سندرا 553,60,1,60,20251217
تيلوفيل سيرم كونتور عين 17 مل,450,1,450,20251217
ارت اسبراي اماراتي 200 مل,150,1,150,20251217
ويت ايفر مصحح حواجب,50,1,50,20251217
ام ان كومباكت بودر,80,1,80,20251217
استك مجموعات صغير 24 قطعة,20,2,40,20251217
ام ان ليب لاينر,25,1,25,20251217
ليفين مرطب للبشرة 5 مل,5,1,5,20251217
سنيور كريم لتصفيف الشعر 200 جرام,50,1,50,20251216
ذا بدي شوب سبلاش 100 مل اوريجينال,150,1,150,20251216
فرشاة  مسكرة,5,2,10,20251216
بونيه ستان,55,1,55,20251216
بونيه ستان,55,1,55,20251216
علبة دبوس طرحة مربعة صغيرة,5,1,5,20251216
اليس فرشاة شعر كيرلي,175,1,175,20251216
ام ان قلم حواجب  مشط,20,4,80,20251216
روج سندرا سايل 549,45,1,45,20251216
روج سندرا سايل 549,45,1,45,20251216
ايفا بدي سبلاش 240 مل,190,1,190,20251216
فوطة ميكرو فايبر,60,1,60,20251216
فلامنجو شفرات,30,1,30,20251215
بدي ليشيوس رول اون,60,1,60,20251215
اكس اسبراي,135,1,135,20251215
انسيال استانليس,110,1,110,20251215
فاشون استيك (توكة) ستان كبير,8.5,12,102,20251215
قطعة دبوس حجاب (طرحة) فيونكة,5.416,12,64.99,20251215
اظافر يد (12) مجموعة (288) قطعة,40,2,80,20251215
دبوس حجاب (طرحة) لولي,4.166,12,49.99,20251215
دبوس حجاب معدن مجسمات 3 على كارت,7.5,8,60,20251215
هدى مسكرة شفافة بالهيالورنيك اسيد,50,1,50,20251215
جونسون زيت للاطفال 75 مل,49.5,3,148.5,20251214
تيزوري برفان تركي 100 مل,170,1,170,20251214
هدى مسكرة شفافة بالهيالورنيك اسيد,27.5,6,165,20251214
ار كيو برفان 30 مل,60,6,360,20251214
مناديل ازالة مكياج 222 قطعة,60,2,120,20251214
ارجنتو غسول 200 مل,75,2,150,20251214
yalla اظافر يد كارت,15,2,30,20251214
ايسنس مسكرة شفافة,25,14,350,20251214
اليجانس مخمرية,35,1,35,20251214
غارنييه مزيل مكياج فيتامين سي 100 مل,105,1,105,20251214
قطعة مبرد اظافر خشب صغير,5,2,10,20251214
استيك شعر الوان (عمود صغير),10,1,10,20251214
روز بيري ايلاينر اسود سائل,100,1,100,20251214
روز جولد ليب بالم,25,23,575,20251214
فاتيكا شامبو كيس 6 مل,1.66,3,4.98,20251214
كلبس + استك 10 على كارت,30,1,30,20251214
توكة منقار فراشة صغير,15,2,30,20251214
علبة توك 3*1 صغيرة,30,1,30,20251214
كلبس + نظارة,40,1,40,20251214
كلبس نظارة,15,1,15,20251214
قفاش وردة تريندي 3 على كارت,40,1,40,20251214
لونا ليب ثيرابي 10جرام,45,1,45,20251214
روز بيري كحل الوان ووتر بروف,35,2,70,20251214
روز بيري ايلاينر لون اسود,62.5,3,187.5,20251214
سلسلة كريز ظهر حية استانليس,125,1,125,20251214
روز بيري كحل ووتر بروف,65,1,65,20251214
واتسونز بدي سبلاش حليبي 250 مل,150,1,150,20251214
ديسار كريم تفتيح فيتامين سي 50 جرام,150,1,150,20251214
ربيع الحرمين مكعبات مسك,10,3,30,20251214
بيو سوفت حمام كريم,95,1,95,20251214
بيو سوفت حمام كريم,72.5,1,72.5,20251214
ايفا ريسبي شامبو  350 مل,120,1,120,20251214
مود شاور جل 750 جرام,85,1,85,20251214
برفان قلم 35 مل,40,2,80,20251214
سيبال هوت لاش مسكرة اوريجنال,275,1,275,20251214
وايت مناديل سحب,25,1,25,20251214
براية كحل,15,1,15,20251214
فريدا معطر جو,60,1,60,20251214
ام ان كحل ماتك,47.5,6,285,20251214
ايفا غسول للوجه ومزيل للمكياج 150 مل,60,1,60,20251214
استيك PETIT SWEET,10,1,10,20251214
الو ايفا بلسم ارجان 230 مل,75,2,150,20251214
كلبس  TK,25,1,25,20251214
روج سندرا سايل 549,45,1,45,20251213
باليت صبغة شعر,110,1,110,20251213
ايفا شاور كريم استحمام 250 مل,100,1,100,20251213
ايفا كريم مرطب يدين 60 مل,65,1,65,20251213
ستاركي ماسك وجه,55,1,55,20251213
فيبكس كريم مزيل عرق,45,1,45,20251213
مبرد قدم خشب,25,1,25,20251213
العود الملكي كريم شعر 110 جرام,55,1,55,20251213
نونو شامبو اطفال 750 مل + بلسم 100 مل,120,1,120,20251213
شراب رجالي قصير,25,2,50,20251213
شراب حريمي قصير,20,2,40,20251213
ذا بدي شوب سبلاش 100 مل اوريجينال,150,1,150,20251212
خاتم (حرف صغير + اشكال) استانليس,60,1,60,20251212
بونابيلا كريم تصفيف شعر200 جرام,190,1,190,20251212
ليفين مرطب للبشرة 5 مل,5,1,5,20251212
صانسيلك عرض شامبو+ بلسم 350 جرام,185,1,185,20251212
فاتيكا مايونيز للشعر 500 مل,180,1,180,20251212
قطعة مشط شنب,10,1,10,20251212
تمارا كريم شعر 170 مل,35,1,35,20251212
ستارفيل شيت ماسك,55,1,55,20251212
المسواك معجون اسنان 120+ 20 جم,30.5,2,61,20251211
ايميليا طقم سكراب للشفايف 4 * 1,85,1,85,20251211
ايفا كريم مرطب 50 جم,21,1,21,20251211
ايفا كريم مرطب 170 جم,41,1,41,20251211
شنطة مكياج,15,2,30,20251211
فاتيكا حمام كريم 1 كيلو,103,3,309,20251211
مناديل جيب مبللة,10,1,10,20251211
ايفا اسيتون 100 مل,45,1,45,20251211
فاتيكا مقشر للوجه 150 مل + 35 مل زيادة,90,1,90,20251211
شيجلام صابونة حواجب,40,1,40,20251211
اماندا مرطب شفاه,21.2,3,63.6,20251211
نابلسي شاهين صابونة 85 جرام,4.75,5,23.75,20251211
قرص شيت ماسك مضغوط,5,4,20,20251211
روز بيري كحل ووتر بروف,65,1,65,20251211
روز بيري كحل ووتر بروف,38,2,76,20251211
بيور وايت كريم تفتيح 40 جرام,150,1,150,20251211
بونيه ستان,30,3,90,20251211
كلبس نظارة,15,1,15,20251211
ذا بدي شوب سبلاش 100 مل اوريجينال,150,1,150,20251211
ايفا سموكرز معجون اسنان 50 جرام,31.5,2,63,20251211
بيوتي بلندر حجم صغير (كيس) 4*1,35,1,35,20251211
فرشاة  مسكرة,5,1,5,20251211
فرشاة  مسكرة,5,1,5,20251211
كاريت شيت ماسك جوز الهند,35,1,35,20251211
داكي كريم تفتيح للمناطق الحساسة 50 جرام,250,1,250,20251211
ريد معجون اسنان 100 جرام,25,1,25,20251211
جليسوليد سوفت كريم 100 مل,38,3,114,20251210
جونسون شامبو للاطفال 100 مل,44,3,132,20251210
هيد اند شولدرز شامبو ضد القشرة 400 مل,180,3,540,20251210
كلير شامبو ضد القشرة 180 مل,71,2,142,20251210
شان سيرم اظافر 4 مل,125,1,125,20251210
داكي كريم تفتيح للبشرة 60 جرام,120,1,120,20251210
داكي كريم تفتيح للمناطق الحساسة 50 جرام,120,1,120,20251210
yalla اظافر يد (12) مجموعة,20,1,20,20251210
رول ستان 4 * 1 لعمل شعر كيرلي,35,2,70,20251210
لاست لوك تنت جيلي ستيك,45,2,90,20251210
قطعة مبرد اظافر خشب صغير,2,10,20,20251210
بريانكا هير واكس استيك 40 مل,75,2,150,20251210
ايفا بدي سكراب 250 جرام,100,3,300,20251210
شان سيكا كريم 60 جرام,155,1,155,20251210
لونا ليب ثيرابي 10جرام,45,1,45,20251210
ايفر بيوتي تنت سحري 30 مل,85,2,170,20251210
سكراب كاندي مارشميلو,65,1,65,20251210
ربيع الحرمين مكعبات مسك,10,1,10,20251210
كير اند مور بدي لوشن  150مل,75,1,75,20251210
فاتيكا شامبو 360 مل,75,1,75,20251210
روج ستيك روز جولد 180,35,12,420,20251210
سوبر كيدز حمام كريم 300 جم,135,1,135,20251210
الوفيرا جل صبار 250 مل,25,1,25,20251210
ايفا بدي سبلاش 240 مل,190,2,380,20251209
ايفا بدي سبلاش 240 مل,155,1,155,20251209
وان كريم ازالة شعر,50,1,50,20251209
حرير سويت,25,1,25,20251209
مبرد اظافر 3 قطع,30,1,30,20251209
العراب ماء ورد 250 مل,16,2,32,20251209
دون برفان ميني 30 مل,150,1,150,20251209
فوطة ميكرو فايبر,35,3,105,20251209
مقص ار جي 648,30,1,30,20251209
بدي ليشيوس رول اون,42,2,84,20251209
ارجان زيت ORS,70,2,140,20251209
قطعة دبوس تركي للحجاب,5,1,5,20251209
قطعة حلق تكة استانليس,35,1,35,20251209
استك ستان الوان سادة,20,1,20,20251209
قفاش وردة تريندي 3 على كارت,40,2,80,20251209
بونيه ستان,30,3,90,20251209
علبة دبوس طرحة مربعة صغيرة,5,1,5,20251209
علبة دبوس طرحة مربعة صغيرة,5,1,5,20251209
مجموعة دبوس مشبك,5,1,5,20251209
مايت سينما روج دبدوب,35,1,35,20251209
فيونا مناديل ازالة مكياج 70 قطعة,60,1,60,20251209
روز جولد ليب جلوس ماجيك,50,1,50,20251209
فرشاة  مسكرة,5,1,5,20251209
روز بيري ايلاينر لون بني,100,1,100,20251209
شراب حريمي قصير,20,4,80,20251209
شراب حريمي طويل,25,1,25,20251209
زجاجة هير ديلي هير ميست,56,5,280,20251208
بريتي وومن مصحح حواجب 2 لون,39.02,3,117.06,20251208
سيجنال معجون اسنان 50 مل,24.75,3,74.25,20251208
اظافر يد الوان 4 * 1,22,3,66,20251208
دوف شامبو 180 مل,69,2,138,20251208
كلير شامبو رجالي 180 مل,72,3,216,20251208
خمس خمسات بودرة تلك للاطفال 200 جرام,20,1,20,20251208
نونو بودرة تلك للاطفال 100 جرام,40,2,80,20251208
كيكو تنت,26,2,52,20251208
لارين بودرة وجه ووتر بروف,94,1,94,20251208
روز بيري بودر بلاشر,154,4,616,20251208
سي ليت رول اون 50 مل,87.5,2,175,20251208
كاريت شيت ماسك جوز الهند,19,3,57,20251208
كير اند مور كريم مرطب لليدين 50 مل,33,1,33,20251208
كوجي سان صابونة 135 جرام,75,2,150,20251208
كلبس تيكتاك اشكال ملون,10,2,20,20251208
فوالا صن سكرين جل 50 مل,260,1,260,20251208
فوالا كريم تفتيح 50 مل,250,1,250,20251208
فوالا غسول جل 200 مل,260,1,260,20251208
مجموعة دبوس مشبك,5,1,5,20251208
سورتيت alo فيونكة,40,1,40,20251208
سورتيت alo عريض سادة,35,1,35,20251208
قرص شيت ماسك مضغوط,5,1,5,20251208
فلومار اكلادور 16 مل,20,1,20,20251208
كريم اساس شوجار زجاج f 001,130,1,130,20251208
مناديل اسيتون,25,1,25,20251208
سلاكة اذن  خشب شكل قلب,15,1,15,20251208
خاتم اطفال,10,1,10,20251208
فريدا شاور جل 1200 مل,145,1,145,20251208
ايفا كريم تصفيف شعر كيراتين 200 مل,95.5,1,95.5,20251207
خاتم فري سايز,70,1,70,20251207
كوكو اسبراي 120 مل,73,3,219,20251207
دوركو شفرات 5 + 1,30,1,30,20251207
بانثينول كريم مرطب و ملطف للجلد 30 جرام,45,1,45,20251207
اسبراي تفتيح كوري,120,3,360,20251207
بريتي وومان روج  دبل,50,1,50,20251207
اليس شفرات وجه 3 ق علبة موف,35,6,210,20251207
شاور جل لوزان 2.25 لتر,48,3,144,20251207
اوميجا مشط تخصيل + كيرلي,15,1,15,20251207
ايفا شامبو كيراتين انبوبة 230 مل,90,1,90,20251207
باليت صبغة شعر,110,1,110,20251207
غارنييه صبغة شعر,109.34,3,328.02,20251207
روز بيري لوس باودر 0970,113,2,226,20251207
اماندا مرطب شفاه,30,1,30,20251207
قطعة حلق تكة استانليس,35,1,35,20251207
خاتم فراشة استانليس,60,1,60,20251207
ايفا كريم شعر بالعسل 185 جرام,66,1,66,20251207
ايفا كريم شعر بالصبار 185 جرام,66,1,66,20251207
ذا بدي شوب سبلاش 100 مل اوريجينال,115,3,345,20251207
ميدالية نجمة البحر,65,1,65,20251207
العود الملكي كريم شعر 110 جرام,55,1,55,20251207
كيارا كريم مرطب للبشرة الدهنية و المختلطة 120 جرام,175,1,175,20251207
دوف اسبراي 250 مل,180,6,1080,20251207
غارنييه مزيل مكياج بالزيت 100 مل,88,1,88,20251207
الفارس زيت ورد 125 مل,32.5,3,97.5,20251207
ريكسونا اسبراي 150 مل,125,3,375,20251207
خمس خمسات كريم حلاقة 50 جرام,17,3,51,20251207
انجرام كريم حلاقة 40 جرام,29,3,87,20251207
لونا كريم ترطيب لعلاج تشققات و جفاف الجلد 20 جرام,16,2,32,20251207
لونا كريم ترطيب لعلاج تشققات و جفاف الجلد 40 جرام,27.81,2,55.62,20251207
روز جولد ليب جلوس ماجيك,29.7,24,712.8,20251207
غارنييه مزيل مكياج فيتامين سي 100 مل,81,1,81,20251207
جليسوليد كريم مرطب 125 مل,62,3,186,20251207
غارنييه مزيل مكياج للبشرة الحساسة 100 مل,73.5,1,73.5,20251207
جليسوليد لوشن للجسم 200 مل,55,2,110,20251207
اليجانس مخمرية,21,12,252,20251207
بريانكا هير واكس استيك 20 مل,48,1,48,20251207
كازانوفا كريم مغذي للشعر 150 جرام,147,1,147,20251206
فريش ليدي محلول عدسات كوري 120 مل + حافظة عدسات,20,6,120,20251206
فاتيكا زيت 180 مل,29.01,4,116.04,20251206
كليويل محلول عدسات كوري 100 مل + حافظة عدسات,20,6,120,20251206
سجدة بونيه ستان دبل + توكة (علبة كرتون),135,1,135,20251206
ساندرا ليب بالم,50,1,50,20251206
صوفي الزرقاء حفاضات نسائية طويل جدا جدا 12 قطعة,44.5,2,89,20251206
نونو زيت للجسم 200 مل,68.5,2,137,20251206
نونو زيت للجسم 100 مل,38.5,1,38.5,20251206
كحل جرس الماني,25,1,25,20251206
جواشا حجر رخام,40,1,40,20251206
ام ان قلم حواجب  مشط,20,1,20,20251206
اسفنجة ازالة ميك اب,25,1,25,20251206
ماي واي سبراي 125 مل,57.75,3,173.25,20251206
روز بيري كحل ووتر بروف,45,3,135,20251206
فير اند لفلي كريم 18 جرام,25,1,25,20251206
ريفولي شاور جل 2 لتر,139,1,139,20251206
دوش شاور جل 1.8 لتر,90,1,90,20251206
العود الملكي مخمرية 40 جرام,23,3,69,20251206
كير اند مور بدي لوشن  150مل,58,3,174,20251206
ديما مسك طهارة ابيض+رمان,45,1,45,20251206
كير اند مور كريم مرطب  75 مل,29.18,2,58.36,20251206
ايفا رول اون مزيل رائحة عرق,72,2,144,20251206
فاتيكا زيت شعر 90 مل,16.5,5,82.5,20251206
ايفا غسول كولاجين 150 مل,94,1,94,20251206
فوج اسبراي 120 مل,87,4,348,20251206
مود شاور جل 750 جرام,62,4,248,20251206
تناية رموش معدن,30,1,30,20251206
دندل اعواد قطن 100 عود,15,1,15,20251206
دندل اعواد قطن 100 عود,15,1,15,20251206
العراب ماء ورد 250 مل,16,3,48,20251206
الو ايفا شامبو بالارجان 230 مل,61,2,122,20251206
وايت مناديل سحب,22.26,5,111.3,20251206
عدسات فريش ليدي,64,10,640,20251206
عدسات فريش ليدي,110,1,110,20251206
ايفا كريم مرطب 50 جم,30,1,30,20251206
كليويل محلول عدسات كوري 150 مل + حافظة عدسات,30,6,180,20251206
ايفا بدي سبلاش 240 مل,190,1,190,20251206
ايفا بدي سبلاش 240 مل,155,5,775,20251206
فريدا شاور جل 1200 مل,118.5,1,118.5,20251206
صوفي حفاضات نسائية طويل 16 قطعة,50,1,50,20251206
صوفي حفاضات نسائية طويل 16 قطعة,38.5,2,77,20251206
حجر قدم,20,1,20,20251206
ماي واي مزيل عرق كريم سبرنج 40 مل,23.5,4,94,20251206
صابونة لبان دكر,30,1,30,20251206
ايفا غسول للوجه ومزيل للمكياج 150 مل,60,1,60,20251206
كير اند مور كريم مرطب 125 مل,40.5,1,40.5,20251206
فريدا شاور جل 3 لتر,265,1,265,20251206
ايميليا سيرم للرموش والحواحب,80,1,80,20251206
كير اند مور فازلين مرطب  50 مل,30,1,30,20251205
ليفة سيليكون,50,1,50,20251205
روج ستيك روز جولد 180,65,1,65,20251205
الصاروخ لاصق اظافر,10,1,10,20251205
باليت صبغة شعر,110,1,110,20251205
كريم 21 مرطب 50 مل الماني,90,1,90,20251205
لونا ليب ثيرابي بزبدة الشيا,65,1,65,20251205
نابلسي شاهين صابونة 85 جرام,10,2,20,20251205
اظافر يد,45,1,45,20251205
كوين شفرات 5 قطع,30,1,30,20251205
بنسة شعر جلوريا,15,1,15,20251205
عطور الشامي رول اون,45,1,45,20251205
روز بيري ليب جلوس,45,1,45,20251205
ذا بدي شوب سبلاش 100 مل اوريجينال,150,1,150,20251205
تريشوب حمام كريم كيس 30 مل,15,1,15,20251205
بوبانا شامبو 400 مل,160,1,160,20251205
مايت سينما كومباكت بودر,90,1,90,20251204
خاتم (حرف صغير + اشكال) استانليس,60,1,60,20251204
كلبس فراشة + وردة 2 على كارت,25,1,25,20251204
قفاش مستطيل شفاف الوان,25,1,25,20251204
كلبس كيتي و ارنوب صغير 2 على كارت,20,1,20,20251204
استك ابيض وردة,15,1,15,20251204
تريو مزيل عرق رول اون,45,1,45,20251204
دبوس حجاب سيراميك 3 على كارت,20,1,20,20251204
فينوس شفرات 4 قطع,110,1,110,20251204
سلسلة 2 دور استانليس,130,1,130,20251204
خاتم فراشة استانليس,60,1,60,20251204
خلخال أشكال استانليس,75,1,75,20251204
استك مجموعات صغير 24 قطعة,20,1,20,20251204
حلق فراشة استانليس,45,1,45,20251204
ايفا غسول كولاجين 150 مل,125,1,125,20251204
اليس شفرات وجه 3 ق علبة موف,60,1,60,20251204
شيجلام لفتر انبوبة 100200,35,2,70,20251204
كلبسات شعر بلاستيك,30,1,30,20251204
مسكره بريتي وومان 017,80,1,80,20251204
فازلين شفايف ثيرابي,20,1,20,20251204
شان ليب بالم,90,1,90,20251204
خاتم فري سايز,70,1,70,20251204
خاتم اطفال,10,1,10,20251204
فيانسيه زيت شعر مغذي 175 مل,40,1,40,20251204
كلبس فيونكة,15,1,15,20251204
ايفا بدي لوشن,150,1,150,20251204
شنطة مكياج,15,1,15,20251203
العراب ماء ورد 250 مل,25,1,25,20251203
بانثينول كريم مرطب و ملطف للجلد 30 جرام,45,1,45,20251203
فا رول اون,55,1,55,20251203
بونيه ستان + توكة,55,1,55,20251203
ملمع سندرا 550,50,1,50,20251203
روج سندرا سايل 549,45,1,45,20251203
ساندرا روج استيك 434,40,1,40,20251203
ايسنس برنسيس مسكره,85,1,85,20251203
برفان قلم 35 مل,40,2,80,20251203
برفان قلم 35 مل,40,1,40,20251203
بيوتي بلندر,15,2,30,20251203
بيبي روز تنت سحري,100,1,100,20251203
شيجلام قلم كحل ووتر بروف,65,1,65,20251203
قرص شيت ماسك مضغوط,5,3,15,20251203
فرشاة غسول 2*1,40,1,40,20251203
قطعة دبوس تركي للحجاب,5,1,5,20251203
اسبلاش سيليكتف,180,1,180,20251203
علبة دبوس طرحة مربعة صغيرة,5,1,5,20251203
بنسة شعر جلوريا,15,1,15,20251203
ميني بدي سبلاش 50 مل,40,1,40,20251203
بدي ليشيوس بدي اسبلاش 100 مل,125,2,250,20251203
مايت سينما روج دبدوب,35,1,35,20251203
ميدالية كريز كبيرة,65,1,65,20251203
مايت سينما كومباكت بودر,90,1,90,20251203
كلبس + نظارة,40,1,40,20251203
دوركو شفرات حريمي 5+1,40,1,40,20251203
سانتوس مناديل سحب 550 منديل,25,1,25,20251202
نونو زيت للجسم 200 مل,110,1,110,20251202
طوق لولي ابيض,40,1,40,20251202
ديزورد مسك طهارة,45,1,45,20251202
صن سويت,20,1,20,20251202
شيجلام لفتر انبوبة 100200,35,1,35,20251202
كحل بنجور ماتيك,15,1,15,20251202
تمارا كريم شعر 170 مل,35,1,35,20251202
بيو سوفت حمام كريم,95,1,95,20251202
كير اند مور كريم مرطب  75 مل,35,1,35,20251202
اليس شفرات 3 ق,45,1,45,20251202
بانثينول كريم مرطب و ملطف للجلد 30 جرام,45,1,45,20251202
العراب ماء ورد 250 مل,25,1,25,20251202
سيرم بلوب كبير,210,1,210,20251201
شيجلام لفتر انبوبة 100200,35,1,35,20251201
شيجلام ملمع شفايف 8861,45,1,45,20251201
اماندا مرطب شفاه,30,1,30,20251201
افوفا شفرات للبشرة الحساسة (كيس بينك) 5*1,40,1,40,20251201
مروحة يد,35,2,70,20251201
صوفي حفاضات نسائية طويل جدا 14 قطعة,50,1,50,20251201
ذا بدي شوب سبلاش 100 مل اوريجينال,150,1,150,20251130
جاردينا شراب فوال بدانتيل,25,1,25,20251130
بوبانا ماسك طمي قناع برطمان  400 جرام,75,1,75,20251130
كوكو اسبراي 120 مل,100,1,100,20251130
العروسة مخمرية بكيني باتر,65,1,65,20251129
بونابيلا حمام كريم كيس,20,1,20,20251129
الو ايفا حمام كريم 250 جم,75,1,75,20251129
ربيع الحرمين مكعبات مسك,10,1,10,20251129
ربيع الحرمين مكعبات مسك,10,5,50,20251129
مناديل جيب مبللة,10,1,10,20251129
ملمع سندرا 410,45,1,45,20251129
ملمع سندرا 410,45,1,45,20251129
ايفونا  جل مخمرية جليتر للجسم 100 جرام,55,3,165,20251129
كلينك مناديل ازالة مكياج 133 قطعة,85,1,85,20251129
شيجلام صابونة حواجب,40,1,40,20251129
لافوالا برفان اماراتي 100 مل,210,1,210,20251129
العقيق برفان اماراتي 100 مل,210,1,210,20251129
استيك مجموعات كبير اسود 6 ق,15,1,15,20251129
توكة وردة تريندي منقطة,25,1,25,20251129
تينكل شفرات وجه 3 قطع اوريجينال,110,1,110,20251128
ستيفز كريم تجديد الكولاجين و مرطب الايلاستين للبشرة,45,1,45,20251128
فلورمار قلم حواجب بني,30,1,30,20251128
اليس شفرات 5 موس AS-24,100,1,100,20251128
لارين كحل اسود ووتر بروف,65,1,65,20251128
قفاش فراشة الوان,25,1,25,20251128
فرشاة  مسكرة,5,1,5,20251128
ديما مسك طهارة ابيض+رمان,45,1,45,20251128
بلوب بودرة تشقير شعر 40 جرام + 100 مل,55,1,55,20251128
ايفا كريم تصفيف شعر كيراتين 200 مل,120,1,120,20251128
ستارفيل شيت ماسك,55,1,55,20251127
واتسونز سبلاش 250 مل,75,1,75,20251127
الصاروخ لاصق اظافر,10,1,10,20251127
بيوتي بلندر,15,1,15,20251127
كونسيلر لاست لوك 2019,65,1,65,20251127
فرشاة  مسكرة,5,1,5,20251127
انسام بخور رفيع 2.5 ساعة (عود واحد),3.6,10,36,20251127
انسام بخور رفيع 2.5 ساعة (عود واحد),5,4,20,20251127
قطعة مولفيكس مقاس (3),5.379,58,311.98,20251127
قطعة مولفيكس مقاس (3),7.5,2,15,20251127
لونا ليب ثيرابي 10جرام,45,1,45,20251127
انيزيو شامبو ضد القشرة 250 مل,250,1,250,20251127
علبة دبوس طرحة بيضاوية صغيرة,5,1,5,20251127
تينكل شفرات وجه 3 قطع اوريجينال,110,1,110,20251126
ايمامي زيت شعر 7 اويلز 19 مل,25,1,25,20251126
محفظة حريمي كبسولة,135,1,135,20251126
كوكو واكس,55,1,55,20251126
جومانا حنة اظافر,15,1,15,20251126
ماي واي مزيل عرق كريم سبرنج 40 مل,30,1,30,20251126
اليس بايو سوفت قطن 70 ق,45,1,45,20251125
لونا شاور جل 2 لتر,185,1,185,20251125
العراب ماء ورد 250 مل,25,1,25,20251125
الو ايفا شامبو بالارجان 230 مل,75,1,75,20251125
ذا بدي شوب سبلاش 250 مل,130,1,130,20251125
فاتيكا كريم كبير 190 جم,65,1,65,20251125
شاور جل لوزان 2.25 لتر,75,1,75,20251125
فرشاة بلاشر جولدن روز,45,1,45,20251125
فاتيكا شامبو 360 مل,75,1,75,20251125
فاتيكا شامبو 360 مل,75,1,75,20251125
لاسيدا مناديل مبللة 120 منديل,30,1,30,20251125
نودي بيوتي سكراب شفايف + تنت,25,1,25,20251125
مبرد أظافر,10,1,10,20251125
محفظة حريمي 2 سوستة,120,1,120,20251125
اظافر يد,45,1,45,20251125
قطعة حلق تكة استانليس,35,1,35,20251125
دبلة حريمي استانليس,70,1,70,20251125
بنسة شعر جلوريا,15,2,30,20251125
كوين شفرات 5 قطع,30,1,30,20251125
ميني بدي سبلاش 50 مل,40,1,40,20251125
فرشاة  مسكرة,5,1,5,20251125
طوق لولي ابيض,40,1,40,20251125
كلبس فيونكة بيضاء ستان طويلة,30,1,30,20251125
استك  فيونكة ابيض 2 على كارت,25,1,25,20251125
ايفا سيرم بالنياسيناميد 30 مل,210,1,210,20251125
كير اند مور ليب بالم 4 جرام,35,1,35,20251125
لوزان شامبو و بلسم 1 لتر,65,1,65,20251125
قفاش مستطيل الوان كبير,30,1,30,20251124
نودي بيوتي مخمرية 50 جرام,45,2,90,20251124
كوكو واكس,55,1,55,20251123
قرص شيت ماسك مضغوط,5,2,10,20251123
همس بدي سبلاش,50,1,50,20251123
توكة منقار كريز على الكارت,25,1,25,20251123
عطور الشامي رول اون,45,1,45,20251123
توكة وردة تريندي منقطة,25,1,25,20251123
ايفا كريم شعر بالعسل 185 جرام,85,1,85,20251123
توكة استك 5 على كارت + 5 استك,30,1,30,20251123
لوزان شاور جل 1 لتر,45,1,45,20251123
صوفي الزرقاء حفاضات نسائية طويل جدا جدا 12 قطعة,55,1,55,20251123
روز بيري ايلاينر اسود سائل,62.5,3,187.5,20251123
سجدة بونيه ستان دبل + توكة (علبة كرتون),110,1,110,20251123
ايفا سموكرز معجون اسنان 50 جرام,45,1,45,20251123
الدكتور برفان قلم,40,1,40,20251123
كلوز اب معجون اسنان  100 مل,50,1,50,20251123
ربيع الحرمين مكعبات مسك,10,2,20,20251123
ربيع الحرمين مكعبات مسك,10,1,10,20251123
دهب ليفة كف,35,1,35,20251123
مناديل جيب مبللة,10,1,10,20251123
روج سندرا سايل 549,45,1,45,20251123
دون برفان فرنسي,150,1,150,20251123
خاتم اطفال,10,1,10,20251123
صوفي حفاضات نسائية طويل 16 قطعة,50,1,50,20251123
جيليت بلو تو شفرات,15,1,15,20251123
فرشاة اسنان HASI,30,1,30,20251122
حجر قدم,13,2,26,20251122
حرير سويت,12.5,12,150,20251122
كوكو واكس شيت,55.5,4,222,20251122
وايت مناديل مبللة للاطفال 72 منديل,26.75,2,53.5,20251122
اليس جلافز,34,3,102,20251122
ماسك شفايف,25,1,25,20251122
مرطب لونا للبشرة 50 جرام,27.5,2,55,20251122
شيروسا شامبو 350 مل,65,1,65,20251122
مود شاور جل 750 جرام,65,2,130,20251122
افوفا شفرات حريمي (كيس اخضر) 4 + 1,40,2,80,20251122
ايفا ريسبي شامبو  350 مل,80,3,240,20251122
فاتيكا شامبو 360 مل,54,3,162,20251122
لاسيدا مناديل مبللة 120 منديل,20,3,60,20251122
الو ايفا حمام كريم 250 جم,57,2,114,20251122
بوبانا شيت ماسك كيس,40,1,40,20251122
ايفا اسيتون 100 مل,27.5,3,82.5,20251122
يارا مسك طهارة,45,1,45,20251122
روز جولد ليب بالم,45,1,45,20251122
ايفا سموكرز معجون اسنان 50 جرام,31.5,2,63,20251122
يونو مناديل مبللة للاطفال 120 منديل,21.94,1,21.94,20251122
مرطب لونا للبشرة 20 جرام,12.5,1,12.5,20251122
روز بيري ايلاينر لون بني,52.5,3,157.5,20251122
ام ان ليب لاينر,10.5,10,105,20251122
فرشاة دمج ايشادو,15,2,30,20251122
بيوتي بلندر حجم صغير (كيس) 4*1,22.5,3,67.5,20251122
فرشاة  مسكرة,5,1,5,20251122
مايت سينما روج دبدوب,35,1,35,20251122
استك العاب  + كلبس 8 على كارت,25,2,50,20251122
نايس لايف مناديل جيب 100 منديل,10,1,10,20251122
جرانت مناديل مبللة للاطفال 72 منديل,15.75,1,15.75,20251122
توكة منقار فراشة صغير,15,2,30,20251122
كلبس فراشة ابيض 2 على كارت,30,1,30,20251122
سورتيت alo فيونكة,40,1,40,20251122
افوفا شفرات للبشرة الحساسة (كيس بينك) 5*1,25,2,50,20251122
كارلا روز كونتور 2*1,110,2,220,20251122
حلق فراشة استانليس,25,2,50,20251122
كوكو واكس مناديل شمع,45,1,45,20251121
نودي بيوتي مخمرية 50 جرام,35,2,70,20251121
العود الملكي مخمرية 40 جرام,35,1,35,20251121
روز بيري برايمر جل 20 مل,160,1,160,20251121
لوشن تيسوري 250 مل,85,1,85,20251121
بالمرز كريم 150 جرام,155,1,155,20251121
محفظة حريمي كبسولة,135,1,135,20251121
عطور الشامي رول اون,45,1,45,20251121
استيك مجموعات كبير اسود 6 ق,15,1,15,20251121
برفان 60 مل,60,1,60,20251121
لونا صابون جلسرين 100 جرام,45,1,45,20251121
خاتم تريبل استانليس,70,1,70,20251121
توكة منقار فراشة صغير,15,2,30,20251121
استك TK 2,25,1,25,20251121
استك ابيض صغير  كيس,10,1,10,20251121
كلبس كيتي نجمة بلاستيك 2 على كارت,20,1,20,20251121
اوريانا برفان 75 مل,220,1,220,20251121
فرشاة  مسكرة,2.91,1,2.91,20251121
كير لاين لاصقة انف (قطعة),15,1,15,20251121
شراب رجالي,10,1,10,20251121
شراب حريمي طويل,15,2,30,20251121
شراب حريمي قصير,10,15,150,20251121
استيك شعر الوان (عمود صغير),5,2,10,20251121
شراب فوال سادة,10,4,40,20251121
شراب رجالي قصير,15,3,45,20251121
شراب فوال منقوش,10,3,30,20251121
جاردينا شراب فوال بدانتيل,15,2,30,20251121
بوبانا غسول عرض 2*1 (150 مل + 50 مل),85,1,85,20251121
الو ايفا حمام كريم 250 جم,75,1,75,20251121
باليت صبغة شعر,110,1,110,20251121
سنسوداين معجون أسنان 50 مل,60,1,60,20251121
سكراب كاندي مارشميلو,35,2,70,20251121
ستارفيل غسول جل 200 مل,82,1,82,20251121
بيو سوفت حمام كريم,95,1,95,20251121
وايت مناديل ازالة مكياج 80 قطغة,55,1,55,20251121
ستارفيل شيت ماسك,55,1,55,20251121
لاصق حبوب,40,1,40,20251121
دراكون رول اون 1,75,1,75,20251121
كوكو واكس شيت,75,1,75,20251121
صابونة لبان دكر,30,1,30,20251121
فرشاة اسنان HASI,30,1,30,20251121
اليس فرشاة شعر خشب,135,1,135,20251120
بيور فوت باودر,25,1,25,20251120
انفنيتي رول اون 80 مل,120,1,120,20251120
ايفا كريم مرطب 170 جم,55,1,55,20251120
حلق 3*1,30,1,30,20251120
روز بيري كحل,65,1,65,20251120
فرشاة بلاشر جولدن روز,45,2,90,20251120
فلومار اكلادور 16 مل,20,1,20,20251120
كونسيلر لاست لوك 2019,65,1,65,20251120
بيوتي بلندر,15,2,30,20251120
ديما مسك طهارة ابيض+رمان,45,1,45,20251120
استشوار جي ماكس 9922-9933,600,1,600,20251120
باليت صبغة شعر,110,1,110,20251120
بدي ليشيوس رول اون,60,1,60,20251120
واتسونز سبلاش 250 مل,75,1,75,20251120
يارا مسك طهارة,45,1,45,20251120
طوق لولي الوان,25,1,25,20251120
جرانت مناديل مبللة للاطفال 72 منديل,25,1,25,20251120
طقم فرش مكياج صغير,60,1,60,20251120
جولي فرشاة شعر مربعة,50,1,50,20251120
روز بيري ايلاينر لون اسود,100,1,100,20251120
توكة منقار كريز على الكارت,25,1,25,20251119
دبوس حجاب سيراميك 3 على كارت,20,2,40,20251119
علبة دبوس طرحة بيضاوية صغيرة,5,2,10,20251119
منقار فيونكة 2 على كارت,25,1,25,20251119
استك مجموعات صغير 24 قطعة,20,1,20,20251119
استك الوان 3,15,1,15,20251119
قطعة دبوس تركي للحجاب,5,2,10,20251119
ليفين عرض شامبو+ بلسم 400 مل,155,1,155,20251119
كلبس تيكتاك اشكال ملون,10,1,10,20251119
كلبس ابيض 2 على كارت,20,1,20,20251119
كلبس 10 على كارت,30,1,30,20251119
طوق فراشة معدن,40,1,40,20251119
طوق فراشة معدن,40,1,40,20251119
شاور كاب ووتر بروف (كيس),20,1,20,20251119
نانو تريت رول اون 50 مل,85,1,85,20251119
خاتم فضي اشكال استانليس,50,1,50,20251119
ميدالية مفتاح شخصيات كرتونية,25,1,25,20251119
قفاش فراشة الوان,25,1,25,20251119
طوق لولي ابيض,40,1,40,20251119
سورتيت اطفال فيونكة,35,2,70,20251119
استك ابيض وردة,15,1,15,20251119
كلبس فيونكة جبير بيضاء,25,1,25,20251119
كلبس فيونكة جبير بيضاء,25,1,25,20251119
كلبس فيونكة جبير بيضاء,25,1,25,20251119
ديزورد مسك طهارة,45,1,45,20251119
فايف دي لاصقة تبييض الاسنان (قطعة),15,2,30,20251119
فرشاة ظهر خشب,75,1,75,20251119
ستارفيل مزيل مكياج 100 مل,75,1,75,20251119
ملمع سندرا 410,45,1,45,20251119
فيلفيت مناديل ازالة ميكياج  100 قطعة,65,1,65,20251119
المسواك معجون اسنان 50 +10 جم,25,1,25,20251119
فوطة ميكرو فايبر,60,1,60,20251119
حلق 3*1,30,1,30,20251119
استك لؤلؤ,25,1,25,20251119
خاتم اطفال,10,3,30,20251118
حافظة عدسات فاكيوم,25,1,25,20251118
كونسيلر لاست لوك 2019,65,1,65,20251118
كريم اساس روز جولد 317,150,1,150,20251118
كريم اساس روز جولد 316,150,1,150,20251118
لاشير مثبت مكياج 13,85,1,85,20251118
شيجلام روج خشب,35,1,35,20251118
ستارفيل مزيل مكياج 100 مل,75,1,75,20251118
الدكتور برفان قلم,40,1,40,20251118
طوق ابيض ورده,30,1,30,20251118
طوق لولي الوان,25,1,25,20251118
فيت مي كونسيلر,80,1,80,20251118
استيك عمود (علبة),35,1,35,20251118
دير جل مرطب للوجه والرقبة 60 جرام,250,1,250,20251118
كلبس نظارة,15,1,15,20251118
كلبس تيكتاك اشكال ملون,10,1,10,20251118
فلورمار روج خشب,35,1,35,20251118
كارلا روز كونتور 2*1,145,1,145,20251118
روز بيري كريم اساس,220,1,220,20251118
روز بيري لوس باودر 0970,190,1,190,20251118
طقم مشط 8*1,55,1,55,20251117
هير دو شامبو 800 مل,70,1,70,20251117
كلبس تيكتاك اشكال ملون,10,1,10,20251116
الدكتور برفان قلم,40,1,40,20251116
افوفا سويت عجينة,30,1,30,20251116
كونسيلر سندرا 553,60,1,60,20251116
ملمع سندرا 550,50,1,50,20251115
مناديل جيب مبللة,10,1,10,20251115
خاتم اطفال,10,2,20,20251115
ديرما بلاننج,5,2,10,20251115
ليفين شاور جل 750 مل,85,1,85,20251115
روز بيري ليكويد بلاشر,100,1,100,20251115
العود الملكي مخمرية 40 جرام,35,1,35,20251115
اظافر يد,45,1,45,20251115
عطور الشامي رول اون,45,1,45,20251115
دبوس حجاب سيراميك 3 على كارت,20,1,20,20251114
بدي ليشيوس بدي اسبلاش 100 مل,125,1,125,20251114
اظافر يد,45,1,45,20251114
جهاز شمع dsp 1*1,135,1,135,20251114
انيزيو غسول جل للوجه 200 مل,250,1,250,20251114
كوكو واكس مناديل شمع,45,1,45,20251114
سجدة توكة ستان,25,1,25,20251114
كوكو واكس,55,1,55,20251114
فريش توك معطر فم 20 مل,85,1,85,20251114
اماندا مرطب شفاه,30,1,30,20251114
هير دو شامبو 800 مل,70,1,70,20251114
خاتم فضي اشكال استانليس,50,1,50,20251114
شيجلام صابونة حواجب 50 جرام,65,1,65,20251114
فايف دي لاصقة تبييض الاسنان (قطعة),15,2,30,20251114
بريتي وومن مناديل ازالة مكياج,5,2,10,20251114
ايميليا سيرم للرموش والحواحب,80,1,80,20251114
فريدا شاور جل 650 مل,90,1,90,20251114
خاتم وعد,25,1,25,20251114
بانثينول كريم مرطب و ملطف للجلد 30 جرام,45,1,45,20251114
ايميليا هير ميست,95,1,95,20251114
ربيع الحرمين مكعبات مسك,10,1,10,20251114
ربيع الحرمين مكعبات مسك,10,1,10,20251114
لاسيدا مناديل مبللة 120 منديل,30,1,30,20251114
بونابيلا حمام كريم كيس,20,1,20,20251114
بوبانا ماسك طمي قناع برطمان  400 جرام,75,1,75,20251114
فاتيكا حمام كريم 1 كيلو,135,1,135,20251114
مخمرية مزيل عرق ديار القرشي,35,1,35,20251113
واتسونز سبلاش 250 مل,75,1,75,20251113
روز بيري كحل,65,1,65,20251113
روز بيري كحل,65,1,65,20251113
براية كحل,15,1,15,20251113
حرير سويت,25,2,50,20251113
شاور كاب ووتر بروف (كيس),20,1,20,20251113
شيجلام قلم كحل ووتر بروف,65,1,65,20251113
سلسلة 2 دور استانليس,130,1,130,20251113
طقم سلسله + حلق استانليس,60,1,60,20251113
حلق 3 قطع استانليس على كارت,125,1,125,20251113
كحل جرس الماني,25,1,25,20251113
فلورمار قلم حواجب بني,30,1,30,20251113
تريو مزيل عرق رول اون,45,1,45,20251112
اظافر يد,45,1,45,20251112
روز بيري كحل ووتر بروف,65,1,65,20251112
روز بيري ايلاينر لون اسود,100,1,100,20251112
مايت سينما ايلاينر,80,1,80,20251112
شيجلام صابونة حواجب,40,1,40,20251112
ساندرا ليب جلوس شفاف,45,1,45,20251112
جيلي بيكيني بتر 50 جرام,80,1,80,20251112
مجموعة دبوس مشبك,5,1,5,20251112
ميدالية مفتاح شخصيات كرتونية,25,1,25,20251112
ساندرا ليب بالم,50,1,50,20251112
مايت سينما فيلر شفايف  1999,55,1,55,20251112
روج سايل رومانتيك ماط 3231,45,1,45,20251112
ليب بالم تاناكو كوري,25,1,25,20251112
ايلاينر ام ان ديناميك 4134,85,1,85,20251112
فلومار اكلادور 16 مل,20,2,40,20251112
كحل ام ان 161,20,1,20,20251111
ماي واي كيدي برفان اطفال,85,1,85,20251111
ايفا بدي سبلاش 240 مل,190,1,190,20251111
جونسون بودرة اطفال 200 جم,190,1,190,20251111
قطعة دبوس تركي للحجاب,5,2,10,20251111
علبة دبوس طرحة بيضاوية صغيرة,5,1,5,20251111
علبة دبوس طرحة مربعة صغيرة,5,1,5,20251111
مايت سينما روج,45,1,45,20251110
ors  زيت زيتون اسبراي ملمع شعر 250 مل,78,1,78,20251110
AM اسبلاش 150 مل,85,1,85,20251110
خاتم توينز استانليس,70,1,70,20251110
سورتيت عريض منقوش,35,1,35,20251110
استك مجموعات صغير 24 قطعة,20,2,40,20251110
اسبلاش سيليكتف,180,1,180,20251110
مايت سينما ليفتر جلوس كريستال,55,1,55,20251110
مخمرية تشيز كيك,40,1,40,20251110
ليفين كريم شعر 150 جرام,60,1,60,20251110
صوفي الزرقاء حفاضات نسائية طويل جدا جدا 12 قطعة,55,1,55,20251110
الدكتور برفان قلم,40,2,80,20251110
الو ايفا حمام كريم 250 جم,75,1,75,20251110
كابكسي سيرم رموش 10 مل,450,1,450,20251110
الو ايفا شامبو بالارجان 230 مل,75,1,75,20251110
مسكره ام ان 344,80,1,80,20251110
روج جلوس شفايف لاست لوك 2005,45,1,45,20251110
مناديل جيب مبللة,10,1,10,20251110
كير اند مور كريم مرطب  75 مل,35,1,35,20251109
فلامنجو شفرات,30,2,60,20251109
توكة وردة تريندي,25,1,25,20251109
روز جولد ليب بالم,45,1,45,20251109
سجدة توكة ستان,25,1,25,20251109
فلورمار روج خشب,35,1,35,20251109
ام ان ايلاينر روز جولد,85,2,170,20251109
بدي ليشيوس بدي اسبلاش 100 مل,125,1,125,20251109
مايت سينما روج,45,1,45,20251109
خاتم فراشة استانليس,60,1,60,20251108
ام ان قلم حواجب  مشط,20,1,20,20251108
سوبر كيدز مناديل 72 منديل,75,1,75,20251108
نايس لايف مناديل جيب 100 منديل,10,1,10,20251108
وايت مناديل مبللة للاطفال 72 منديل,45,1,45,20251108
فاتيكا كريم شعر 125 مل,55,1,55,20251108
فريدا شاور جل 3 لتر,300,1,300,20251108
ايفا غسول للوجه ومزيل للمكياج 150 مل,60,1,60,20251108
بدي ليشيوس رول اون,60,1,60,20251108
ربيع الحرمين مكعبات مسك,5.416,24,129.98,20251108
فاتيكا شامبو 360 مل,75,1,75,20251108
بريتي وومن مناديل ازالة مكياج,5,5,25,20251107
اكسلانت جل 500 جرام,45,1,45,20251107
تناية رموش معدن,30,1,30,20251107
مايت سينما مسكرة دبل اكستند ووتر بروف,85,1,85,20251107
فايف دي لاصقة تبييض الاسنان (قطعة),15,2,30,20251107
الدكتور برفان قلم,35,1,35,20251107
فاتيكا حمام كريم كيس 35 جم,15,3,45,20251107
صن سويت,20,1,20,20251107
بدي ليشيوس بدي اسبلاش 100 مل,125,1,125,20251106
علبة دبوس طرحة بيضاوية صغيرة,5,2,10,20251106
دبوس حجاب سيراميك 3 على كارت,20,1,20,20251106
خاتم توينز استانليس,70,1,70,20251106
نابلسي شاهين صابونة 85 جرام,10,1,10,20251106
الدكتور برفان قلم,25,28,700,20251106
ايفونا  جل مخمرية جليتر للجسم 100 جرام,42.5,12,510,20251106
يارا مسك طهارة,23.333,12,280,20251106
فرشاة ظهر خشب,75,1,75,20251106
روز جولد ليب بالم,45,1,45,20251106
فاتيكا شامبو كيس 6 مل,1.66,9,14.94,20251106
دير رول اون,190,1,190,20251106
ليلاك جل مرطب 50 مل,220,1,220,20251106
مايت سينما بودرة مائية,135,1,135,20251106
د / عربي سمايل هيفين  بكيني بتر 500 مل,190,1,190,20251106
بانثينول كريم مرطب و ملطف للجلد 30 جرام,26,15,390,20251106
بانثينول كريم مرطب و ملطف للجلد 30 جرام,45,1,45,20251106
ربيع الحرمين مكعبات مسك,5.416,24,129.98,20251106
باليت صبغة شعر,110,1,110,20251106
ايفا اسيتون 100 مل,45,1,45,20251106
بوبانا كريم اليدين مرطب 50 مل,60,1,60,20251106
مسكره ام ان معدن زرقاء 323,80,1,80,20251106
مود شاور جل 750 جرام,80,1,80,20251106
اليس شفرات وجه 3 ق علبة موف,60,1,60,20251105
كونسيلر سندرا 553,60,1,60,20251105
ماكينة حلاقة رجالي ASCO,10,1,10,20251105
بونابيلا حمام كريم كيس,15,1,15,20251105
مناديل جيب مبللة,10,1,10,20251105
حجر قدم,20,1,20,20251105
نتائج الطبيعة كريم تفتيح الجسم 35 جرام,15,1,15,20251105
تريشوب حمام كريم كيس 30 مل,15,1,15,20251105
shiny فرشاة اسنان كبار,20,1,20,20251105
نايس لايف مناديل جيب 100 منديل,10,1,10,20251105
مراية مكياج,30,1,30,20251105
بوبانا غسول بشرة 50 مل,35,1,35,20251105
سيلكا فرشاة فك تشابك,35,1,35,20251105
توكة منقار كريز على الكارت,25,1,25,20251105
حلق عملة استانليس,70,1,70,20251104
تاج فضي معدن صغير,50,1,50,20251104
شيجلام مسكرة شفافة,55,1,55,20251104
اماندا مرطب شفاه,30,1,30,20251104
روز جولد ليب بالم,45,1,45,20251104
ملقاط ذهبي,30,1,30,20251104
لوكس شاور جل 500 مل,105,1,105,20251104
الوفيرا جل صبار 250 مل,25,1,25,20251104
ديفول شامبو زبدة الشيا 250 مل,110,1,110,20251104
دون برفان فرنسي,150,1,150,20251104
ملقاط إيطالي جراب جلد,65,1,65,20251104
مقص جاكوار باكستاني يد بلاستيك,170,1,170,20251104
ايفا ريسبي شامبو  350 مل,120,1,120,20251104
افوفا شفرات حريمي (كيس اخضر) 4 + 1,40,4,160,20251103
فلومار اكلادور 16 مل,20,1,20,20251103
ايسنس برنسيس مسكره,45,3,135,20251103
بدي ليشيوس رول اون,43,6,258,20251103
تولين سبلاش سو سيكسي,125,1,125,20251103
مبرد 6*1,15,3,45,20251103
لونا مرطب يد وجسم 75 جم,45,3,135,20251103
فريدا معطر جو,48,3,144,20251103
انفنيتي رول اون 80 مل,72.5,4,290,20251103
اليس فرشاة شعر خشب,135,1,135,20251103
اليس فرشاة شعر خشب,95,2,190,20251103
هير دو سيرم للشعر 120 مل,150,1,150,20251103
صوفي الزرقاء حفاضات نسائية طويل جدا جدا 12 قطعة,55,1,55,20251103
مايت سينما مسكرة دبل اكستند ووتر بروف,58,1,58,20251103
طوق لولي اسود,20,1,20,20251103
طوق لولي سكري,20,1,20,20251103
كاريت ليب استيك,35,4,140,20251103
روز جولد ليب بالم,30,6,180,20251103
مايت سينما بلاشر استيك,55,4,220,20251103
ساندرا ليب بالم,40,6,240,20251103
قصافة اطفال,10,3,30,20251103
مراية مكياج,15,6,90,20251103
كيكو روج خشب,15,1,15,20251103
ليفة سيليكون دبل,38,3,114,20251103
فرشاة ظهر خشب,60,3,180,20251103
فرشاة  مسكرة,2.91,12,34.92,20251103
مايت سينما مسكرة ووتر بروف ULTRA BLACK,58,1,58,20251103
جولد بيوتي مسكرة دبل,75,3,225,20251103
مايت سينما مسكرة ووتر بروف BIG EYES,58,1,58,20251103
فايف دي لاصقة تبييض الاسنان (قطعة),8,30,240,20251103
كير لاين لاصقة انف (قطعة),10,17,170,20251103
سوب اند جلوري جلافز 2 قطعة,110,2,220,20251103
كوول غسول يومي 215 مل,415,1,415,20251103
ديزورد مسك طهارة,30,4,120,20251103
رومانتيك مات ليب فيلر,40,3,120,20251103
زاك رول اون 50 مل,48,3,144,20251103
فلورمار روج خشب,12.5,7,87.5,20251103
ليزر روج خشب,35,1,35,20251102
قطعة حلق تكة استانليس,35,1,35,20251102
حلق 3 * 1 استانليس على كارت,45,1,45,20251102
الو ايفا كريم شعر بالصبار 45 جرام,35,1,35,20251102
ايفا كريم شعر بالعسل 45 جرام,35,1,35,20251102
سلسلة بلغاري استانليس,125,1,125,20251102
حلق دلاية استانليس,80,1,80,20251102
استك الوان 3,15,1,15,20251102
حلق وردة استانليس,50,1,50,20251102
قطعة دبوس تركي للحجاب,5,2,10,20251102
نايلا سبراي اماراتي 200 مل,150,1,150,20251102
سيتواه لاصقة بثور انف 3 قطع,75,1,75,20251102
لافوالا برفان اماراتي 100 مل,210,1,210,20251102
سكراب النيلة الزرقاء المغربي,45,1,45,20251102
علبة دبوس طرحة مربعة صغيرة,5,1,5,20251102
ايفا كريم مرطب يدين 60 مل,65,1,65,20251102
ستاركي كريم مرطب 150 مل,35,1,35,20251102
ارجنتو غسول عرض 2*1,295,1,295,20251102
ميني بيوتي بلندر 4 قطع,25,1,25,20251102
دبوس حجاب 4 على كارت,20,1,20,20251102
كولاجرا رول اون,120,1,120,20251102
العود الملكي مخمرية 40 جرام,35,1,35,20251102
بيزلين مزيل عرق رول اون 50 مل,190,2,380,20251102
بيزلين مزيل عرق رول اون 50 مل,250,1,250,20251102
طوق لولي ابيض,40,1,40,20251102
طوق لولي اسود,20,1,20,20251102
قطعة اليس شفرات بينك 12 قطعة,15,1,15,20251102
مايت سينما مسكرة دبل اكستند ووتر بروف,85,1,85,20251102
سيبال مسكرة ميجا لاش اوريجنال,290,1,290,20251102
طوق فراشة معدن,40,1,40,20251102
ماسك قدم كوري,240,1,240,20251102
ماسك قدم كوري,240,1,240,20251102
بريتي وومن مناديل ازالة مكياج,5,1,5,20251102
مشط حراري,15,1,15,20251102
صابونة لبان دكر,30,1,30,20251102
حجر قدم,20,1,20,20251102
فرش ايشادو,15,1,15,20251102
ابرة بثور,15,1,15,20251102
حرير سويت,25,1,25,20251102
مايت سينيما بلاشر  1123,50,1,50,20251102
ايفا بدي لوشن,150,1,150,20251102
فرشاة شعر بيبي BDL 5058,35,1,35,20251102
ايسنس لوشن جليتري,75,1,75,20251102
بريتي وومن مصحح  3 لون,65,1,65,20251102
دندل اعواد قطن 100 عود,15,1,15,20251102
حلق 3*1,30,1,30,20251102
حلق 3*1,30,1,30,20251102
بوبانا سكراب 300 جرام,70,1,70,20251102
سيرو بايب شامبو 300 مل,210,1,210,20251102
سيرو بايب هير ماسك 225 جرام,285,1,285,20251102
ايفا شامبو كيراتين انبوبة 230 مل,110,1,110,20251102
مناديل جيب مبللة,10,2,20,20251102
مناديل جيب مبللة,10,1,10,20251102
مناديل جيب مبللة,10,2,20,20251102
شيجلام روج خشب,35,1,35,20251102
روج سندرا سايل 549,45,1,45,20251102
روج سندرا سايل 518,45,1,45,20251102
روج سندرا سايل 518,45,1,45,20251102
بليس ليف ان كريم للشعر الكيرلي 450 مل,105,1,105,20251102
ستارفيل غسول جل 200 مل,125,1,125,20251102
كحل بنجور ماتيك,15,1,15,20251102
كحل بنجور ماتيك,15,1,15,20251102
كحل بنجور ماتيك,15,1,15,20251102
كحل بنجور ماتيك,15,1,15,20251101
بيلا سبلاش 125 مل,35,3,105,20251101
بونابيلا حمام كريم كيس,15,1,15,20251101
غارنييه صبغة شعر,145,1,145,20251101
بوبانا لوشن انبوبة 240 مل,155,1,155,20251101
بدي ليشيوس رول اون,60,1,60,20251101
مينك كريم شعر 250 مل,50,1,50,20251101
ساندرا بلاشر سايل,55,1,55,20251101
بريتي وومن مصحح  3 لون,65,1,65,20251101
ذا بدي شوب سبلاش 250 مل,130,1,130,20251101
المسواك معجون اسنان 50 +10 جم,25,1,25,20251101
مزيل طلاء اظافر,20,1,20,20251101
كلبس وردة فسفور,25,1,25,20251101
بريتي وومن مناديل ازالة مكياج,5,1,5,20251101
كلبس تيكتاك اشكال ملون,10,3,30,20251101
خمرة برفان 100 مل,250,1,250,20251101
كلبس فيونكة بيضاء ستان طويلة,30,1,30,20251101
لونا كريم مرطب لليد و الجسم 300 جرام,180,1,180,20251101
انيزيو غسول جل للوجه 200 مل,250,1,250,20251101
مروحة يد,35,1,35,20251101
لونا ليب ثيرابي 10جرام,45,1,45,20251101
ام ان قلم حواجب  مشط,20,1,20,20251101
علبة دبوس طرحة مربعة صغيرة,5,1,5,20251101
دبوس حجاب سيراميك 3 على كارت,20,1,20,20251101
علبة دبوس طرحة بيضاوية صغيرة,5,2,10,20251101
تريو مزيل عرق رول اون,45,1,45,20251101
اسبلاش ذهبي 250 مل,75,1,75,20251101
خاتم توينز استانليس,70,1,70,20251101
خاتم عقلة,20,1,20,20251101
جواشا حجر رخام,40,1,40,20251031
فلورمار روج خشب,35,1,35,20251031
ors  ارجان اسبراي ملمع شعر 250 مل,135,1,135,20251031
ام ان قلم حواجب  مشط,20,1,20,20251031
مايت سينما روج دبدوب,35,1,35,20251031
قفاش كوري دائري تريند,30,1,30,20251031
مايت سينما مسكرة شوكولاتة ووتر بروف,85,1,85,20251031
ميدالية مفتاح ستيتش,25,1,25,20251031
خاتم (حرف صغير + اشكال) استانليس,60,1,60,20251031
المسواك معجون اسنان 50 +10 جم,25,1,25,20251031
ايفا كريم مرطب 50 جم,30,1,30,20251031
فرشاة شعر ار جي 189 مستورد,75,1,75,20251031
باليت صبغة شعر,110,1,110,20251031
كحل ام ان 161,20,1,20,20251031
مسكره بريتي وومان 021,80,1,80,20251031
ليدي موديل روج خشب 70,35,1,35,20251030
روج سندرا سايل 549,45,1,45,20251030
اكلادور فيت مي,25,1,25,20251030
شيجلام اكلادور,15,1,15,20251030
فرشاة بلاشر بروفيشينال 1866,50,1,50,20251030
ديما مسك طهارة ابيض+رمان,45,1,45,20251030
كير اند مور بدي لوشن  150مل,75,1,75,20251030
عدسات فريش ليدي,90,1,90,20251030
حلق 3*1,30,1,30,20251030
خاتم اطفال,10,1,10,20251030
بريتي وومان روج  دبل,50,1,50,20251030
استك 551-31,25,1,25,20251030
طوق,25,1,25,20251030
مايت سينما روج دبدوب,35,1,35,20251030
كلبس تيكتاك اشكال ملون,10,1,10,20251030
ايفر بيوتي تنت سحري 30 مل,110,1,110,20251030
انيزيو شامبو و بلسم لتساقط الشعر 250 مل,240,1,240,20251030
بدي ليشيوس بدي اسبلاش 100 مل,125,1,125,20251030
بنسة شعر جلوريا,15,1,15,20251030
العقيق برفان اماراتي 100 مل,210,1,210,20251030
علبة دبوس طرحة مربعة صغيرة,5,1,5,20251030
رسومات حنة و تاتو,15,1,15,20251030
غويشه فراشه استانليس,100,1,100,20251030
قطعة حلق تكة استانليس,35,1,35,20251030
ايمامي زيت شعر 7 اويلز 19 مل,25,1,25,20251030
خلخال أشكال استانليس,75,1,75,20251030
تريو مزيل عرق رول اون,45,2,90,20251029
املا زيت شعر 90 مل,65,1,65,20251029
شيجلام مسكرة شفافة,55,1,55,20251029
قطعة اليس شفرات بينك 12 قطعة,15,1,15,20251029
قطعة اليس شفرات بينك 12 قطعة,15,1,15,20251029
صابونة لبان دكر,30,1,30,20251029
كيس بيوتي ليب سيرم,45,2,90,20251029
لاسيدا مناديل مبللة 120 منديل,30,1,30,20251029
كير اند مور كريم مرطب  75 مل,35,1,35,20251029
افوفا شفرات حريمي (كيس اخضر) 4 + 1,60,1,60,20251028
فلامنجو شفرات,30,1,30,20251028
ايسنس برنسيس مسكره,65,1,65,20251028
كيس بيوتي ليب سيرم,45,1,45,20251028
كيس بيوتي ليب سيرم,45,1,45,20251028
اسبراي تفتيح كوري,200,1,200,20251028
مايت سينما مسكرة شوكولاتة ووتر بروف,85,1,85,20251028
شيجلام قلم كحل ووتر بروف,65,1,65,20251028
قرص شيت ماسك مضغوط,5,1,5,20251028
اصداف اسبراي 200 مل,110,1,110,20251028
علبة دبوس طرحة بيضاوية صغيرة,5,1,5,20251028
ام ان ديب ايلاينر,65,1,65,20251028
اسبلاش سيليكتف,180,1,180,20251027
بونيه ستان,55,1,55,20251027
ساندرا ليب جلوس شفاف,45,1,45,20251027
ميدالية نجمة البحر,60,1,60,20251027
مويست 1 غسول فوم للبشرة الدهنية 150 مل,200,1,200,20251027
كلينك مناديل ازالة مكياج 133 قطعة,85,1,85,20251027
بريتي وومن مناديل ازالة مكياج,5,1,5,20251027
فاتيكا زيت شعر 90 مل,20,1,20,20251027
الصاروخ لاصق اظافر,10,1,10,20251027
باليت صبغة شعر,110,1,110,20251026
مويست لوشن بدي ميلك بخاخ 300 مل,260,1,260,20251026
شيجلام ملمع شفايف 8861,45,1,45,20251026
بريتي وومن روج ستيك,40,1,40,20251026
فلومار اكلادور 16 مل,20,2,40,20251026
حجر قدم,20,1,20,20251026
طوق,25,2,50,20251026
ستارفيل شيت ماسك,55,1,55,20251026
تريشوب حمام كريم كيس 30 مل,15,1,15,20251026
GK هير ماسك 35 جرام,15,1,15,20251026
تاتو الوان,25,1,25,20251026
مايت سينما روج دبدوب,35,1,35,20251026
قفاش كوري دائري تريند,30,2,60,20251026
يوكو ملح حليب 300 جرام,65,1,65,20251026
مايت سينما ليفتر جلوس كريستال,55,1,55,20251026
سلسلة كريز ظهر حية استانليس,125,1,125,20251025
سلسلة كريز ظهر حية استانليس,125,1,125,20251025
ساندرا ليب جلوس شفاف,45,1,45,20251025
ام ان قلم حواجب  مشط,20,1,20,20251025
هير روتس سيرم 50 مل,350,1,350,20251025
اماندا مرطب شفاه,30,2,60,20251025
دودو روز هايلايتر 10 جرام,85,1,85,20251025
علبة دبوس طرحة مربعة صغيرة,5,2,10,20251025
بنسة شعر جلوريا,15,1,15,20251025
ليزر روج خشب,35,1,35,20251025
محفظة حريمي 2 سوستة,120,1,120,20251025
طوق بسنون اسود بلولي,25,1,25,20251025
استيك عمود (علبة),35,1,35,20251025
ميدالية لابوبو,70,2,140,20251025
بريانكا هير واكس استيك 40 مل,100,1,100,20251025
مجموعة دبوس مشبك,5,2,10,20251025
كلينك مناديل ازالة مكياج 133 قطعة,85,1,85,20251025
كيكو دبل روج,90,2,180,20251025
حلق 3*1,30,1,30,20251025
شنطة مكياج,15,1,15,20251025
كريم اساس مونايا انبوبه,65,1,65,20251025
كحل ام ان 161,20,1,20,20251025
كحل بنجور ماتيك,15,1,15,20251025
باليت صبغة شعر,110,2,220,20251025
فاتيكا شامبو 360 مل,75,1,75,20251025
فاتيكا شامبو 360 مل,75,1,75,20251025
مناديل جيب مبللة,10,1,10,20251025
فاتيكا شامبو 360 مل,75,1,75,20251024
ربيع الحرمين مكعبات مسك,10,3,30,20251024
دارلين كعب غزال 150 مل,30,1,30,20251024
صوفي حفاضات نسائية طويل 16 قطعة,50,1,50,20251024
سلاكة اذن  خشب شكل قلب,15,1,15,20251024
الو ايفا بديل الزيت بخلاصة الصبار 250 مل,90,1,90,20251024
كير اند مور غسول 150 مل,70,1,70,20251024
شيروسا شامبو 350 مل,85,1,85,20251024
مينك شامبو 400 مل,60,1,60,20251024
نتائج الطبيعة بديل زيت 35 جرام,15,2,30,20251024
توكة منقار فراشة صغير,15,2,30,20251024
استيك عمود (علبة),35,1,35,20251024
كلبس فيونكة جبير بيضاء,25,1,25,20251024
استك مجموعات صغير 24 قطعة,20,1,20,20251024
علبة دبوس طرحة بيضاوية صغيرة,5,1,5,20251024
ويت ايفر مصحح حواجب,50,1,50,20251024
روز جولد تنت جيلي ستيك,80,1,80,20251023
فير اند لفلي كريم 40 جرام,45,1,45,20251023
ارت اسبراي اماراتي 200 مل,150,1,150,20251023
كوين شفرات 5 قطع,30,1,30,20251023
استيك مجموعات كبير اسود 6 ق,15,1,15,20251023
شيت ماسك كوري,35,1,35,20251023
التيس كريم جل سيكا 50 مل,350,1,350,20251023
فا رول اون,55,1,55,20251023
كولاجرا رول اون رجالي 60 مل,110,1,110,20251023
باليت صبغة شعر,70,5,350,20251023
فوج اسبراي 120 مل,110,1,110,20251023
فلامنجو شفرات,30,1,30,20251023
مخمرية مزيل عرق ديار القرشي,35,1,35,20251022
بوبانا شيت ماسك كيس,40,1,40,20251022
دندل اعواد قطن 100 عود,15,1,15,20251022
كلبس,35,2,70,20251022
ليفين شاور جل 750 مل,85,1,85,20251022
كلبس فيونكة جبير بيضاء,25,1,25,20251022
ميدالية لابوبو,70,2,140,20251022
علبة دبوس طرحة بيضاوية صغيرة,5,1,5,20251022
دبوس حجاب سيراميك 3 على كارت,20,1,20,20251022
توكة شعر كريز,20,1,20,20251022
سيلكا فرشاة فك تشابك,35,1,35,20251022
محفظة حريمي كبسولة,135,1,135,20251022
حلق 3 * 1 استانليس على كارت,45,1,45,20251022
ايفا صابونة جلسرين  120 جرام,45,1,45,20251022
كريم 21 مرطب 50 مل الماني,90,1,90,20251022
شيجلام مسكرة شفافة,55,1,55,20251021
ايفا كريم شعر بالصبار 185 جرام,85,1,85,20251021
صوفي حفاضات نسائية طويل جدا 14 قطعة,50,1,50,20251021
شيت ماسك كولاجين,35,1,35,20251021
بانثينول كريم مرطب و ملطف للجلد 30 جرام,45,1,45,20251021
بونابيلا حمام كريم كيس,15,1,15,20251021
روج سحري اخضر,20,1,20,20251021
افوفا شفرات حريمي (كيس اخضر) 4 + 1,60,1,60,20251020
مسكره بريتي وومان 008,80,1,80,20251020
كلوز اب معجون اسنان  100 مل,50,1,50,20251020
مناديل جيب مبللة,10,1,10,20251020
خاتم اطفال,10,1,10,20251020
لاصق حبوب,40,1,40,20251020
فوطة ميكرو فايبر,60,1,60,20251020
كلبس,35,2,70,20251020
كلبس فيونكة,15,1,15,20251020
طوق,25,1,25,20251020
انفنيتي رول اون 80 مل,90,1,90,20251020
نايس لايف مناديل جيب 100 منديل,10,2,20,20251020
استيك عمود (علبة),35,1,35,20251020
هيربال ايسنسز شامبو 400 مل,310,1,310,20251020
سورتيت اطفال وردة,25,1,25,20251020
هيربال ايسنسز بلسم 400 مل,370,1,370,20251020
شيري مشط خشب,25,1,25,20251020
ماسك قدم كوري,240,1,240,20251020
تينكل شفرات وجه 3 قطع اوريجينال,110,1,110,20251020
سورتيت اطفال سادة الوان,25,1,25,20251020
صن سويت,20,2,40,20251020
منقار فيونكة 2 على كارت,25,1,25,20251020
سيتواه لاصقة بثور انف 3 قطع,75,1,75,20251020
كوكو واكس,55,1,55,20251020
هير روتس هير ماسك 150 مل,310,1,310,20251020
نودي بيوتي سكراب شفايف + تنت,25,1,25,20251019
بونيتا فرشاة مربعة للشعر الكيرلي,30,1,30,20251019
همس بدي سبلاش,50,1,50,20251019
بونيه ستان,55,1,55,20251019
كير اند مور ليب بالم 4 جرام,35,1,35,20251019
بريتي وومن مناديل ازالة مكياج,5,1,5,20251019
املاح باديكير فوارة 950 جم,30,1,30,20251019
كير اند مور فازلين مرطب  50 مل,30,1,30,20251019
ستارفيل صابونة حبوب 90 جرام,50,1,50,20251019
سبلاش 125 مل,35,1,35,20251019
ليب بالم تاناكو كوري,25,1,25,20251019
فلومار اكلادور 16 مل,20,2,40,20251019
كحل بنجور ماتيك,15,1,15,20251019
فلومار اكلادور 16 مل,20,1,20,20251018
افوفا شفرات حريمي (كيس اخضر) 4 + 1,60,1,60,20251018
بيو سوفت حمام كريم,75,2,150,20251018
شيجلام ملمع شفايف 8861,45,1,45,20251018
شراب سيليكون لوكس كبير,65,1,65,20251018
بايجن صبغة حواجب,85,1,85,20251018
ايفا اسيتون 100 مل,45,1,45,20251018
الصاروخ لاصق اظافر,10,2,20,20251018
الو ايفا شامبو بالارجان 230 مل,61,2,122,20251018
الو ايفا بلسم ارجان 230 مل,61.5,2,123,20251018
حجر قدم,20,1,20,20251018
ماي واي_ماي فوت كريم كعب 40 مل,25,1,25,20251018
اليجانس اسبراي 150 مل,83.5,1,83.5,20251018
فريدا شاور جل 650 مل,71.5,2,143,20251018
الو ايفا حمام كريم 250 جم,57,3,171,20251018
فريدا شاور جل 1200 مل,118.5,1,118.5,20251018
مولبد حفاضات نسائية 18 ق,42.53,1,42.53,20251018
ليفين مرطب للبشرة 5 مل,5,5,25,20251018
ميدالية لابوبو,70,2,140,20251018
صوفي الزرقاء حفاضات نسائية طويل جدا جدا 12 قطعة,44.5,4,178,20251018
صوفي حفاضات نسائية طويل جدا 14 قطعة,39,2,78,20251018
سنيور كريم شعر 225 جرام,32,1,32,20251018
سنيور كريم لتصفيف الشعر 200 جرام,31.11,2,62.22,20251018
فاتيكا شامبو كيس 6 مل,0.75,20,15,20251018
العود الملكي مخمرية 40 جرام,35,1,35,20251018
نابلسي شاهين صابونة 85 جرام,4.75,3,14.25,20251018
ايفا كريم تشققات الكعبين 60 مل,70,1,70,20251018
ام ان قلم حواجب  مشط,20,1,20,20251017
روز بيري ايلاينر لون اسود,100,1,100,20251017
استيك مجموعات كبير اسود 6 ق,15,1,15,20251017
جواشا حجر رخام,40,1,40,20251017
كحل جرس الماني,25,1,25,20251017
اظافر يد,45,1,45,20251017
اظافر يد,45,1,45,20251017
توكة طاووس,40,2,80,20251017
طوق ابيض ورده,30,1,30,20251017
نونو زيت للجسم 200 مل,110,1,110,20251017
سيبال قلم كحل كوزي اوريجنال الماني,210,1,210,20251017
كلبس نظارة,15,1,15,20251017
كلبس نظارة,15,2,30,20251017
ايفا بدي سبلاش 240 مل,190,1,190,20251017
مزيل طلاء اظافر,20,1,20,20251017
بريتي وومن مناديل ازالة مكياج,5,7,35,20251017
ايفا تونر بالكولاجين 200 مل,195,1,195,20251017
خاتم اطفال,10,2,20,20251017
مناديل جيب مبللة,10,2,20,20251017
ماكينة حلاقة رجالي ASCO,10,1,10,20251017
كريم اساس مونايا انبوبه,65,1,65,20251016
اليس بايو سوفت قطن 70 ق,45,1,45,20251016
ام ان كحل ماتك,70,1,70,20251016
علبة توك 3*1 صغيرة,30,1,30,20251016
كلبس تيكتاك اشكال ملون,10,2,20,20251016
مايت سينما روج دبدوب,35,1,35,20251016
فلورمار روج خشب,35,1,35,20251016
AM اسبلاش 150 مل,85,1,85,20251016
مزيل ميك اب مناديل,25,1,25,20251016
ميني بدي سبلاش 50 مل,30,1,30,20251015
ايفا كريم مرطب 20 جرام,15,1,15,20251015
سورتيت alo عريض سادة,35,1,35,20251015
دبلة حريمي استانليس,70,1,70,20251015
ايفا بدي سكراب 250 جرام,105,1,105,20251015
فيت مي كونسيلر,80,1,80,20251015
اسورة فلسطين,15,1,15,20251015
ساندرا روج استيك جيلاتين (سحري),45,1,45,20251015
ميدالية كريز كبيرة,65,1,65,20251015
ميدالية مفتاح ستيتش,25,1,25,20251015
قفاش فراشة تريندي,25,1,25,20251015
بريتي وومن مناديل ازالة مكياج,5,2,10,20251015
فرشاة اسنان HASI,30,1,30,20251015
ستارفيل مزيل مكياج 200 مل,125,1,125,20251015
ايسنس مسكرة اوريجينال,250,1,250,20251015
خاتم فري سايز,70,1,70,20251015
فا رول اون,55,1,55,20251015
بيلا سبلاش 125 مل,35,1,35,20251015
شيجلام ليب جلوس انبوبة,40,1,40,20251015
بيوتي بلندر,15,1,15,20251015
شيجلام روج خشب,35,1,35,20251015
روج خشب ارت سكين 971078,35,1,35,20251015
كولاجرا غسول 200 مل انبوبة,160,1,160,20251015
كير اند مور كريم مرطب  75 مل,35,1,35,20251014
برفان قلم 35 مل,40,1,40,20251014
نتائج الطبيعة كريم اطالة الشعر 35 جرام,15,1,15,20251014
ذا بدي شوب سبلاش 100 مل اوريجينال,150,1,150,20251014
كلبس فيونكة جبير بيضاء,25,1,25,20251014
خاتم عقلة,20,1,20,20251014
ايمامي زيت شعر 7 اويلز 19 مل,25,1,25,20251014
روز بيري ليب جلوس,45,1,45,20251014
قفاش وردة تريندي صغير,10,3,30,20251013
جواشا حجر رخام,40,1,40,20251013
جواشا حجر رخام,22,6,132,20251013
دبلة حريمي استانليس,70,1,70,20251013
دبلة حريمي استانليس,70,1,70,20251013
بيبي روز تنت سحري,70,2,140,20251013
هيربال سنسيشن شامبو 600 مل,80,1,80,20251013
قطعة اليس شفرات بينك 12 قطعة,15,1,15,20251013
ذا بدي شوب سبلاش 100 مل اوريجينال,115,3,345,20251013
مايت سينما كومباكت بودر,62.5,5,312.5,20251013
بريانكا هير واكس استيك 40 مل,72.5,1,72.5,20251013
مايت سينما مسكرة دبل اكستند ووتر بروف,55,1,55,20251013
اليس شفرات (حواجب + بكيني + جسم) 3 * 1,65,1,65,20251013
مايت سينما مسكرة شوكولاتة ووتر بروف,56,2,112,20251013
ميدالية لابوبو,70,1,70,20251013
الصاروخ لاصق اظافر,5,10,50,20251013
دهب ليفة كف,35,1,35,20251013
غارنييه صبغة شعر,111,1,111,20251013
الو ايفا بديل الزيت بخلاصة الصبار 250 مل,69,2,138,20251013
توكة وردة تريندي,25,1,25,20251013
الو ايفا بلسم ارجان 230 مل,61,2,122,20251013
اليس فرشاة شعر خشب,105,1,105,20251013
اليجانس اسبراي 150 مل,110,1,110,20251013
فريدا شاور جل 650 مل,80,1,80,20251013
كوكو واكس شيت,75,1,75,20251013
فريدا شاور جل 1200 مل,145,1,145,20251012
حرير سويت,25,1,25,20251012
دابر املا  شامبو 190 مل,55,1,55,20251012
فوطة ميكرو فايبر,60,1,60,20251012
لاصق حبوب,40,1,40,20251012
لاصق حبوب,40,1,40,20251012
سيرم ايمليا كالسيوم للاظافر,80,1,80,20251012
الو ايفا بديل الزيت بخلاصة الصبار 250 مل,90,1,90,20251012
الو ايفا شامبو بالارجان 230 مل,75,1,75,20251012
ايفا كريم مرطب 50 جم,30,1,30,20251012
بونابيلا حمام كريم كيس,15,1,15,20251012
كراب سبراي الوان,80,1,80,20251012
ربيع الحرمين مكعبات مسك,10,2,20,20251012
فاتيكا شامبو 360 مل,75,1,75,20251012
مناديل جيب مبللة,10,1,10,20251012
مناديل جيب مبللة,10,1,10,20251012
دراكون عرض صن سكرين + رول أون 60 مل,280,1,280,20251012
افوفا سويت عجينة,30,3,90,20251012
ايفا بلسم كيرلي انبوبة 230 مل,125,1,125,20251012
روج جلوس شفايف لاست لوك 2005,45,1,45,20251012
روج جلوس شفايف لاست لوك 2005,45,1,45,20251012
شيجلام اكلادور,15,1,15,20251012
ميدالية كريز كبيرة,65,1,65,20251012
تاتو الوان,25,1,25,20251012
سانتوس مناديل سحب 550 منديل,25,1,25,20251012
استك العاب الوان 5 على كارت,25,4,100,20251012
طوق لولي ابيض,40,1,40,20251012
كلينك مناديل ازالة مكياج 50 قطعة,55,1,55,20251012
كلينك مناديل ازالة مكياج 133 قطعة,85,1,85,20251012
تريشوب حمام كريم كيس 30 مل,15,1,15,20251012
ليه كاريتييه حمام كريم كيس 35 مل,15,1,15,20251012
لوزان شامبو و بلسم 1 لتر,65,1,65,20251012
قرص شيت ماسك مضغوط,5,1,5,20251012
فريش توك معطر فم 20 مل,85,1,85,20251012
ارت اسبراي اماراتي 200 مل,150,1,150,20251012
كوكو واكس مناديل شمع,45,1,45,20251012
مولبد حفاضات نسائية عرض 2 عبوة 28 ق,110,1,110,20251012
افوفا شفرات للبشرة الحساسة (كيس بينك) 5*1,40,1,40,20251012
استك ستان الوان سادة,20,1,20,20251012
استك ستان الوان سادة,20,1,20,20251012
ايمامي زيت شعر 7 اويلز 19 مل,25,1,25,20251012
اسبلاش سيليكتف,180,1,180,20251012
اسبلاش سيليكتف,180,1,180,20251012
كحل جرس الماني,25,1,25,20251012
استيك مجموعات كبير اسود 6 ق,10,1,10,20251012
فينوس شفرات 4 قطع,110,1,110,20251012
علبة دبوس طرحة بيضاوية صغيرة,5,1,5,20251012
بكر شعر 3 قطعة,30,1,30,20251011
بيوتي بلندر,15,1,15,20251011
مويست ميلكي غسول بخاخ 200 مل,175,1,175,20251011
ديما مسك طهارة ابيض+رمان,45,1,45,20251010
واتسونز بدي سبلاش حليبي 250 مل,150,1,150,20251010
روج ستيك روز جولد 180,65,2,130,20251010
بيلا سبلاش 125 مل,35,1,35,20251010
ايفا ريسبي شامبو  350 مل,120,1,120,20251010
بيو سوفت حمام كريم,85,1,85,20251010
الو ايفا بديل الزيت بخلاصة الصبار 250 مل,90,1,90,20251010
دون برفان ميني 30 مل,150,1,150,20251010
بريتي وومن مصحح  3 لون,65,1,65,20251010
جلوري حنة أكياس,40,2,80,20251010
الو ايفا بلسم ارجان 230 مل,75,1,75,20251010
سورتيت alo عريض سادة,35,1,35,20251010
سورتيت alo عريض سادة,35,1,35,20251010
فلورمار روج خشب,30,1,30,20251010
علبة دبوس طرحة بيضاوية صغيرة,5,1,5,20251010
تريو مزيل عرق رول اون,45,1,45,20251010
سكراب النيلة الزرقاء المغربي,45,1,45,20251010
ايفا بدي ميست جليتري 150 مل,200,1,200,20251010
صابونة هارموني,25,1,25,20251010
مايت سينما بودرة  3*1,125,1,125,20251010
ليفين شاور جل 750 مل,85,1,85,20251010
دير جل مرطب للوجه والرقبة 60 جرام,250,1,250,20251009
مشط دبل بلاستيك,35,1,35,20251009
كلبس فيونكة بيضاء ستان طويلة,30,1,30,20251009
جلافز استحمام قطعة واحدة,12,3,36,20251009
ذا بدي شوب سبلاش 100 مل اوريجينال,150,1,150,20251009
ميدالية كريز كبيرة,65,1,65,20251009
استيك عمود (علبة),35,1,35,20251009
ساندرا ليب جلوس شفاف,45,1,45,20251009
مايت سينما ليب جلوس,35,1,35,20251009
اماندا مرطب شفاه,30,1,30,20251009
ايفا كريم مرطب يدين 60 مل,55,1,55,20251009
قرص شيت ماسك مضغوط,1.75,4,7,20251009
ام ان مسكرة حواجب,75,1,75,20251009
العود الملكي مخمرية 40 جرام,35,1,35,20251009
مروحة يد,35,1,35,20251009
صابونة هارموني,25,2,50,20251009
لافوالا برفان اماراتي 100 مل,210,1,210,20251009
فلورمار قلم حواجب بني,30,1,30,20251009
شيلز اسبراي اماراتي 175 مل,85,1,85,20251009
فلورمار روج خشب,30,1,30,20251009
ايفا كريم شعر بالصبار 185 جرام,85,1,85,20251009
سورتيت alo عريض سادة,35,2,70,20251009
سورتيت alo عريض سادة,35,1,35,20251009
جواشا حجر رخام,40,1,40,20251009
شنطة مكياج,15,1,15,20251009
مايت سينيما بلاشر  1123,50,1,50,20251009
مزيل طلاء اظافر,11,2,22,20251009
فريدا شاور جل 1200 مل,118.5,1,118.5,20251009
فريدا هاند وش,80,1,80,20251009
كوكو سويت كرتون,30,1,30,20251009
ايفا بدي سبلاش 240 مل,156,2,312,20251009
اسبراي تفتيح كوري,200,1,200,20251009
فوطة ميكرو فايبر,35,3,105,20251009
بونيه ستان + توكة,55,1,55,20251009
الو ايفا شامبو بالارجان 230 مل,64,1,64,20251009
فا رول اون,55,1,55,20251009
شيجلام روج خشب,30,1,30,20251009
برفان قلم 35 مل,40,1,40,20251009
شيجلام ليب جلوس انبوبة,40,1,40,20251009
ليب بالم تاناكو كوري,25,1,25,20251009
شيجلام لفتر انبوبة 100200,30,1,30,20251009
الو ايفا زيت 255 مل,85,1,85,20251009
ايفا اسيتون 100 مل,27.5,3,82.5,20251009
ديما مسك طهارة ابيض+رمان,45,1,45,20251009
ديما مسك طهارة ابيض+رمان,45,1,45,20251009
ربيع الحرمين مكعبات مسك,10,1,10,20251009
اليس قصافة اظافر مستوردة صلب,65,1,65,20251009
بونابيلا حمام كريم كيس,15,1,15,20251009
لاسيدا مناديل مبللة 120 منديل,20,2,40,20251008
بايجن صبغة حواجب,85,1,85,20251008
برفان اغراء جليتر,150,1,150,20251008
بلاشر ستيك كيس بيوتي 51050,70,1,70,20251008
برفان قلم 35 مل,25,12,300,20251008
اليس شفرات وجه 3 ق علبة موف,42,2,84,20251008
كحل ام ان 161,20,2,40,20251008
فا رول اون,55,1,55,20251008
بكيني بالم اوريجينال,100,1,100,20251008
بريتي وومان روج  دبل,50,1,50,20251008
مناديل اسيتون,15,5,75,20251008
ايفا بدي سبلاش 240 مل,156,1,156,20251008
وايت مناديل مبللة للاطفال 72 منديل,26.75,1,26.75,20251008
فريدا شاور جل 1200 مل,118.5,1,118.5,20251008
شنطة مكياج,15,2,30,20251008
فريدا شاور جل 3 لتر,265,1,265,20251008
اليجانس اسبراي 150 مل,83.5,1,83.5,20251008
قفاش فيونكة,25,1,25,20251008
سورتيت alo عريض سادة,35,1,35,20251008
سورتيت alo عريض سادة,35,2,70,20251008
جواشا حجر رخام,40,1,40,20251008
ليه كاريتييه كريم شعر 180 مل,75,1,75,20251008
فلورمار روج خشب,30,1,30,20251008
ايفا كريم شعر بالعسل 45 جرام,35,1,35,20251008
علبة دبوس طرحة مربعة صغيرة,5,1,5,20251008
برطمان املاح طبيعيه للبادكير,25,1,25,20251008
مايت سينما روج,45,1,45,20251008
ارينا مناديل سحب 550 منديل,17.333,2,34.67,20251008
العود الملكي مخمرية 40 جرام,35,1,35,20251008
مايت سينما مسكرة ووتر بروف,85,1,85,20251008
اليس شفرات وجه 3 ق علبة بيينك,44,3,132,20251008
قرص شيت ماسك مضغوط,1.75,11,19.25,20251008
استيك عمود (علبة),35,1,35,20251008
لارين كحل اسود ووتر بروف,35,2,70,20251008
ذا بدي شوب سبلاش 100 مل اوريجينال,125,1,125,20251008
سانتوس مناديل سحب 550 منديل,13.666,3,41,20251008
ساندرا روج استيك جيلاتين (سحري),31,4,124,20251008
شاور كاب ووتر بروف (كيس),9,3,27,20251008
جرانت مناديل مبللة للاطفال 72 منديل,15.75,1,15.75,20251008
سوبر كيدز مناديل 72 منديل,55,4,220,20251008
نايس لايف مناديل جيب 100 منديل,5.8,8,46.4,20251008
فيكتوريا سيكرت برفان 100 مل,200,1,200,20251008
كلبس فيونكة بيضاء ستان طويلة,30,1,30,20251007
استك ابيض ستان + فرو,25,1,25,20251007
كلبس فيونكة جبير بيضاء,25,1,25,20251007
ميدالية مفتاح لابوبو,25,1,25,20251007
ليه كاريتييه حمام كريم كيس 35 مل,15,1,15,20251007
شيجلام مسكرة دبل,85,1,85,20251007
اسورة مسمار استانليس,75,1,75,20251007
صابونة لبان دكر,30,1,30,20251007
كليوباترا بلسم 500 مل,60,1,60,20251007
شنطة مكياج,15,1,15,20251007
مناديل جيب مبللة,10,1,10,20251007
بوبانا مزيل عرق رول اون 50 مل,65,1,65,20251006
مقص معدن على كارت 004,25,1,25,20251006
دابر املا  شامبو 190 مل,55,1,55,20251006
ايفا بدي سكراب 250 جرام,105,1,105,20251006
سورتيت alo عريض سادة,25,10,250,20251006
توكة شعر كريز,20,1,20,20251006
علبة دبوس طرحة مربعة صغيرة,5,1,5,20251006
طوق alo,30,1,30,20251006
العقيق برفان اماراتي 100 مل,210,1,210,20251006
لونا ليب ثيرابي 10جرام,45,1,45,20251006
استيك عمود (علبة),35,1,35,20251006
اسورة فلسطين,10,12,120,20251006
انفيكتوس برفان 100 مل,200,1,200,20251006
علبة دبوس طرحة مربعة كبيرة,10,1,10,20251005
اورال لايت فرشاة اسنان ميديم,30,1,30,20251005
لونا صابون كبريت 10%,30,1,30,20251005
اليس ليفة مغربية,45,1,45,20251005
بندولين شامبو اطفال 250 مل,145,1,145,20251005
تمارا كريم شعر 110 مل,25,1,25,20251005
لافوالا برفان اماراتي 100 مل,210,1,210,20251005
نايلا سبراي اماراتي 200 مل,150,1,150,20251005
ايمامي زيت شعر 7 اويلز 19 مل,25,1,25,20251005
مينك حمام كريم 500 مل,70,1,70,20251005
سبلاش 125 مل,35,1,35,20251005
بوبانا صابون مغربي 500 جرام,75,1,75,20251005
غارنييه صبغة شعر,130,1,130,20251004
مود شاور جل 750 جرام,80,1,80,20251004
كحل ام ان 161,20,1,20,20251004
شيجلام اكلادور,15,1,15,20251004
اليس جلافز,55,1,55,20251004
شان كريم مرطب,150,1,150,20251004
تناية رموش معدن,30,1,30,20251004
مان لوك كريم حلاقة  40 جم,30,1,30,20251004
تينكل شفرات وجه 3 قطع,20,1,20,20251004
مولبد حفاضات نسائية الترا رفيعة طويل جدا 14 ق,55,1,55,20251004
فيانسيه كريم بخاخ 240 مل,55,1,55,20251004
فلورمار روج خشب,30,1,30,20251004
جواشا حجر رخام,40,1,40,20251004
سورتيت alo فيونكة,40,3,120,20251004
صن سويت,20,1,20,20251004
عطور الشامي رول اون,45,1,45,20251004
علبة دبوس طرحة بيضاوية صغيرة,5,1,5,20251004
ديسار رول اون 50 مل,140,1,140,20251004
فيبيكس رول اون 48 ساعة 50 مل,60,1,60,20251004
كريم ديسار تفتيح للعين 25 جرام,110,1,110,20251004
اماندا مرطب شفاه,30,1,30,20251004
نتائج الطبيعة كريم اطالة الشعر 35 جرام,15,1,15,20251004
مشط بلاستيك,20,1,20,20251004
جيرلز استك فيونكة 4*1,15,1,15,20251004
استك لولي 3*1,15,1,15,20251004
استك ابيض صغير  كيس,10,1,10,20251004
مايت سينما روج دبدوب,35,1,35,20251004
كلبس فيونكة جبير بيضاء,25,1,25,20251004
قفاش مستطيل شفاف الوان,25,1,25,20251004
طوق ابيض ورده,30,1,30,20251004
مجموعة دبوس مشبك,2.5,69,172.5,20251004
استيك عمود (علبة),35,1,35,20251003
طوق لولي اسود,20,1,20,20251003
كلبس فيونكة تل ابيض 2 على كارت,30,1,30,20251003
كلبس فيونكة الوان صغير 2 على كارت,20,1,20,20251003
توكة منقار فراشة صغير,15,2,30,20251003
توكة منقار فراشة صغير,15,1,15,20251003
توكة منقار فراشة صغير,15,1,15,20251003
توكة منقار فراشة صغير,15,1,15,20251003
فرشاة بلاشر صغيرة,60,1,60,20251003
اكياس جل 13 مل,5,4,20,20251003
علبة دبوس طرحة مربعة كبيرة,10,1,10,20251003
اورال لايت فرشاة اسنان ميديم,30,1,30,20251003
ام ان قلم حواجب  مشط,20,1,20,20251003
كوكو واكس,55,1,55,20251003
مروحة يد,35,1,35,20251003
شيجلام مسكرة شفافة,55,1,55,20251003
ستيفز كريم تجديد الكولاجين و مرطب الايلاستين للبشرة,45,1,45,20251003
سورتيت alo فيونكة,40,1,40,20251003
سورتيت alo عريض سادة,35,1,35,20251003
املاح استحمام فوارة تريند 850 جرام,35,1,35,20251003
اسبلاش سيليكتف,180,1,180,20251003
قفاش وردة تريندي صغير,10,1,10,20251003
قفاش وردة تريندي 3 على كارت,40,1,40,20251003
حلق 3 قطع استانليس على كارت,125,1,125,20251003
حرير سويت,25,1,25,20251003
ام ان كحل ماتك,70,1,70,20251003
كلبس,35,1,35,20251003
الوفيرا جل صبار 250 مل,25,1,25,20251003
ايفا كريم تصفيف شعر كيراتين 200 مل,120,1,120,20251003
صابونة لبان دكر,30,1,30,20251003
املاح باديكير فوارة 950 جم,30,1,30,20251003
خاتم وعد,25,1,25,20251003
سلسلة mka,35,2,70,20251003
دوركو شفرات 5 + 1,30,1,30,20251003
كحل ام ان 161,20,1,20,20251003
افوفا شفرات حريمي (كيس اخضر) 4 + 1,60,1,60,20251003
روج ستيك روز جولد 180,65,1,65,20251003
بلاشر ستيك كيس بيوتي 51050,70,1,70,20251003
ليب بالم تاناكو كوري,25,1,25,20251003
مناديل جيب مبللة,10,2,20,20251003
مناديل جيب مبللة,10,1,10,20251003
بدي ليشيوس رول اون,60,1,60,20251003
ايفا رول اون مزيل رائحة عرق,100,1,100,20251002
كير اند مور كريم مرطب  75 مل,35,1,35,20251002
مناديل جيب مبللة,10,1,10,20251002
سكراب كاندي مارشميلو,65,1,65,20251002
كير اند مور بدي لوشن  150مل,75,1,75,20251002
ليلاك سيرم بشرة نياسيناميد 30 مل,340,1,340,20251002
ايفا بلسم ريسبي 350 مل,120,1,120,20251002
روج جلوس شفايف لاست لوك 2005,45,1,45,20251002
ايسنس برنسيس مسكره,65,1,65,20251002
فلومار اكلادور 16 مل,20,1,20,20251002
ستارفيل صابونة حبوب 90 جرام,50,1,50,20251002
هدى بيوتي طقم فرش,80,1,80,20251002
ايفا ريسبي لوشن بخاخ 370 مل,175,1,175,20251002
ام ان كحل ماتك,70,1,70,20251002
افوفا بدي سبلاش ميني,45,1,45,20251002
توكة وردة تريندي منقطة,25,1,25,20251002
جواشا حجر رخام,40,1,40,20251002
استك الوان 3,15,1,15,20251002
انيزيو صن سكرين كريم جل 50 جرام,225,1,225,20251002
انيزيو لوشن مرطب للجسم 150 مل,270,1,270,20251002
جلافز استحمام RS,55,1,55,20251002
مروحة يد,35,1,35,20251002
روز بيري لوس باودر 0970,190,1,190,20251002
كلبس تيكتاك اشكال ملون,10,2,20,20251002
نونو زيت للجسم 100 مل,65,1,65,20251002
كلبس 10 على كارت,30,1,30,20251002
كلبس فيونكة الوان صغير 2 على كارت,20,1,20,20251001
ميدالية لابوبو,70,1,70,20251001
مشط بلاستيك,20,1,20,20251001
مس دور كريم مرطب,45,1,45,20251001
انيزيو صن سكرين كريم جل 50 جرام,225,1,225,20251001
افوفا شفرات للبشرة الحساسة (كيس بينك) 5*1,40,1,40,20251001
قطعة دبوس حجاب,5,2,10,20251001
محفظة حريمي 2 سوستة,120,1,120,20251001
قفاش وردة تريندي 3 على كارت,40,1,40,20251001
ايفا كريم شعر بالعسل 185 جرام,85,1,85,20251001
دبوس حجاب سيراميك 3 على كارت,20,1,20,20251001
شيلز اسبراي اماراتي 175 مل,85,1,85,20251001
علبة دبوس طرحة بيضاوية صغيرة,5,1,5,20251001
طوق alo,30,1,30,20251001
منقار فيونكة 2 على كارت,25,1,25,20251001
افوفا بدي سبلاش ميني,45,1,45,20251001
جلوري حنة أكياس,40,1,40,20251001
طوق,25,2,50,20251001
ايفا بدي لوشن,150,1,150,20251001
ايفا بدي لوشن,150,1,150,20251001
تينكل شفرات وجه 3 قطع,20,1,20,20251001
كلبس  TK,25,1,25,20251001
تناية رموش معدن,30,1,30,20251001
جورجينا برفان 100 مل,380,1,380,20251001
اليس جلافز,55,1,55,20251001
اليس جلافز,55,1,55,20251001
مسكره ام ان معدن زرقاء 323,80,1,80,20251001
شيجلام ليب جلوس انبوبة,40,1,40,20251001
باليت صبغة شعر,95,1,95,20251001
كلوز اب معجون اسنان  100 مل,50,1,50,20251001
كلوز اب معجون اسنان  100 مل,50,1,50,20251001
زيرو فريز حمام كريم,220,1,220,20251001
سكراب كاندي مارشميلو,65,1,65,20251001
ايفا شاور كريم استحمام 250 مل,100,1,100,20251001
فيكتوريا سيكريت سبلاش  سيم اوريجنال 250 مل,130,1,130,20251001
واتسونز سبلاش 250 مل,75,1,75,20251001
بوبانا شيت ماسك كيس,40,1,40,20250930
غارنييه صبغة شعر,130,1,130,20250930
روج ستيك روز جولد 180,65,1,65,20250930
تاتو اسود,5,1,5,20250930
صابونة لبان دكر,30,1,30,20250930
اليس مشط خشب,40,1,40,20250930
بنسة شعر جلوريا,15,1,15,20250930
استك ستان ابيض سادة,15,1,15,20250930
نودي بيوتي سكراب شفايف + تنت,25,1,25,20250930
ميدالية مفتاح ستيتش,25,1,25,20250930
ميدالية مفتاح شخصيات كرتونية,25,1,25,20250929
نودي بيوتي سكراب شفايف + تنت,25,1,25,20250929
بيور سبورت مزيل عرق ستيك 85 جرام,180,1,180,20250929
كولاجرا رول اون,120,1,120,20250928
مروحة يد,35,1,35,20250928
مروحة يد,35,1,35,20250928
اسبلاش سيليكتف,180,1,180,20250928
ملقاط ذهبي,30,1,30,20250928
استك العاب الوان 5 على كارت,25,1,25,20250928
دودج ليف ان كريم  450 جم,80,1,80,20250928
بدي ليشيوس رول اون,60,1,60,20250928
كولاجرا تفتيح بكيني عرض غسول + كريم,250,1,250,20250926
بونابيلا حمام كريم كيس,15,2,30,20250926
بندولين مناديل 70 ق,75,1,75,20250926
بيو سوفت حمام كريم,85,1,85,20250926
روج سحري اخضر,20,1,20,20250926
ايفا ريسبي شامبو  350 مل,120,1,120,20250926
الو ايفا بلسم ارجان 230 مل,75,1,75,20250926
ايفا غسول للوجه ومزيل للمكياج 150 مل,60,1,60,20250926
مايت سينما بلاشر بودر,55,1,55,20250926
فازلين بيور 30 مل,15,1,15,20250926
فرشاة شعر ار جي 193 مستورد,75,1,75,20250926
سلاكة اذن  خشب شكل قلب,15,1,15,20250926
بونابيلا كريم تصفيف شعر200 جرام,190,1,190,20250926
فرشاة بلاشر صغيرة,60,1,60,20250926
انيزيو شامبو و بلسم لتساقط الشعر 250 مل,240,1,240,20250926
اماندا مرطب شفاه,30,1,30,20250926
مروحة يد,35,1,35,20250925
سلسلة حرف+قلب 2 دور استانليس,125,1,125,20250925
بكر شعر 3 قطعة,30,1,30,20250925
استك الوان 3,15,1,15,20250925
علبة دبوس طرحة بيضاوية صغيرة,5,1,5,20250925
شيري مشط خشب,25,1,25,20250925
اكياس جل 13 مل,5,2,10,20250925
باودر باف مثلثة,30,1,30,20250925
استك لولي 3*1,15,1,15,20250925
كلبس تيكتاك ابيض سادة 4 على كارت,15,1,15,20250925
كلبس فيونكة ابيض 2 على كارت,25,1,25,20250925
كلبس فيونكة جبير بيضاء,25,1,25,20250925
استيك عمود (علبة),35,1,35,20250925
تينكل شفرات وجه 3 قطع,20,1,20,20250925
فلامنجو شفرات,30,1,30,20250925
روج سندرا سايل 549,45,1,45,20250925
بدي ليشيوس رول اون,60,1,60,20250925
لاكشري بدي سبلاش 200 مل,160,1,160,20250924
روج سحري اخضر,20,1,20,20250924
فريدا شاور جل 650 مل,80,2,160,20250924
الو ايفا حمام كريم 250 جم,70,2,140,20250924
اليس فرشاة خشب + فرشاة بيبي هير,180,1,180,20250924
العود الملكي كريم شعر 110 جرام,55,1,55,20250924
برفان 60 مل,60,1,60,20250924
اسورة اشكال استانليس,70,1,70,20250924
روز بيري ايلاينر لون اسود,100,1,100,20250924
فير اند لفلي كريم 40 جرام,45,2,90,20250924
العود الملكي مخمرية 40 جرام,35,2,70,20250924
الو ايفا شامبو جولد ارجان,135,1,135,20250924
اماندا مرطب شفاه,30,1,30,20250923
ام ان قلم حواجب  مشط,20,1,20,20250923
دبوس حجاب سيراميك 3 على كارت,6,8,48,20250923
علبة دبوس طرحة مربعة صغيرة,1.75,1,1.75,20250923
استك ابيض كيس,25,1,25,20250923
قفاش مستطيل الوان كبير,30,1,30,20250923
طوق كيتي,20,1,20,20250923
الو ايفا حمام كريم 250 جم,70,1,70,20250923
ايفا بدي لوشن,150,1,150,20250923
الوفيرا جل صبار 250 مل,25,1,25,20250923
استك الوان كيس,15,1,15,20250923
ملمع سندرا 550,50,1,50,20250923
مود شاور جل 750 جرام,80,1,80,20250923
بدي ليشيوس رول اون,60,1,60,20250923
مناديل جيب مبللة,10,1,10,20250922
بيوتي بلندر,15,1,15,20250922
بلاشر ستيك كيس بيوتي 51050,70,1,70,20250922
فلومار اكلادور 16 مل,20,6,120,20250922
اكلادور فيت مي,25,3,75,20250922
ابرة بثور,15,1,15,20250922
خاتم اكسسوار,35,1,35,20250922
روز بيري قلم حواجب دبل ثابت,125,1,125,20250922
روز بيري كحل,65,1,65,20250922
توكة منقار فراشة صغير,15,2,30,20250922
سيبال قلم كحل كوزي اوريجنال الماني,210,1,210,20250922
علبة توك 3*1 صغيرة,30,1,30,20250922
قفاش فراشة تريندي,25,1,25,20250922
طوق بسنون اسود بلولي,25,1,25,20250922
كلبس فراشة + وردة 2 على كارت,25,1,25,20250922
نانو تريت رول اون 50 مل,65,2,130,20250922
نانو تريت رول اون 50 مل,85,1,85,20250922
ميدالية لابوبو,70,1,70,20250922
علبة دبوس طرحة مربعة صغيرة,5,1,5,20250922
علبة دبوس طرحة مربعة صغيرة,5,1,5,20250922
دبوس حجاب سيراميك 3 على كارت,10,1,10,20250922
طوق alo,30,1,30,20250922
كتافة,80,1,80,20250922
برفان 60 مل,60,1,60,20250922
اسورة مسمار استانليس,65,1,65,20250922
استك مجموعات صغير 24 قطعة,15,2,30,20250922
قفاش وردة تريندي 3 على كارت,40,1,40,20250922
اظافر يد,45,1,45,20250922
اظافر يد,45,1,45,20250922
اظافر يد,45,1,45,20250922
سلسلة حرف+قلب استانليس,120,1,120,20250922
ام ان بودرة حواجب ذهبي,75,1,75,20250922
شيجلام مسكرة شفافة,55,1,55,20250922
جلافز استحمام RS,55,1,55,20250921
صفا كون حنة اظافر حمراء سعودية 6 جرام,50,1,50,20250921
ام ان بودرة حواجب رباعية,65,1,65,20250921
اظافر يد,45,1,45,20250921
اسورة اشكال استانليس,70,1,70,20250921
ايفا بدي سكراب 250 جرام,105,1,105,20250921
بونيه ستان,55,1,55,20250921
خاتم فضي اشكال استانليس,50,1,50,20250921
اسورة الاهلي,10,1,10,20250921
كلبس فيونكة تل ابيض 2 على كارت,30,1,30,20250921
كلبس فيونكة بيضاء ستان طويلة,30,1,30,20250921
اظافر يد اطفال سيليكون,30,1,30,20250921
كلبس 10 على كارت,30,1,30,20250921
قفاش مستطيل شفاف الوان,25,1,25,20250921
كلبس فيونكة جبير بيضاء,25,1,25,20250921
كلبس فيونكة ابيض 2 على كارت,25,2,50,20250921
كلبس تيكتاك ابيض سادة 4 على كارت,15,1,15,20250921
طوق كيتي,20,1,20,20250921
ليفين مرطب للبشرة 5 مل,5,1,5,20250921
كيس بيوتي ليب سيرم,40,1,40,20250921
خاتم اطفال,10,1,10,20250921
بانثينول كريم مرطب و ملطف للجلد 30 جرام,45,1,45,20250921
ماي واي مزيل عرق كريم سبرنج 40 مل,30,1,30,20250921
جيليت بلو تو شفرات,15,1,15,20250921
الو ايفا حمام كريم 250 جم,70,1,70,20250921
ازها رول اون 60 مل,190,1,190,20250921
حرير سويت,25,1,25,20250921
مناديل جيب مبللة,10,1,10,20250921
ربيع الحرمين مكعبات مسك,10,1,10,20250921
باليت صبغة شعر,95,1,95,20250921
بوبانا مرطب زبدة شفايف,60,1,60,20250921
كيس بيوتي ليب سيرم,40,1,40,20250920
كلبس فيونكة ابيض 2 على كارت,25,2,50,20250920
كلبس 10 على كارت,30,1,30,20250920
كلبس فيونكة بيضاء ستان طويلة,30,1,30,20250920
اسورة الاهلي,5,24,120,20250920
فرشاة معدن لمساج فروة الراس,10,1,10,20250920
ميدالية موبايل,10,12,120,20250920
ملقاط ذهبي,15,11,165,20250920
علبة دبوس طرحة بيضاوية صغيرة,5,1,5,20250920
املاح استحمام فوارة تريند 850 جرام,35,1,35,20250920
مروحة يد,35,1,35,20250920
ساندرا ليب جلوس شفاف,45,1,45,20250920
ام ان قلم حواجب  مشط,20,1,20,20250919
ام ان قلم حواجب  مشط,20,1,20,20250919
ستارفيل رول اون تأخير نمو الشعر,160,1,160,20250919
ماي واي فلورو فحم معجون,55,1,55,20250919
ايمامي زيت شعر 7 اويلز 19 مل,25,1,25,20250919
دبوس حجاب سيراميك 3 على كارت,10,1,10,20250919
صابونة هارموني,25,1,25,20250919
همس بدي سبلاش,50,1,50,20250919
صانسيلك عرض شامبو+ بلسم 350 جرام,185,1,185,20250919
استيك عمود (علبة),35,1,35,20250919
كلبس فيونكة بيضاء ستان طويلة,30,1,30,20250919
كلبس فيونكة تل ابيض 2 على كارت,30,1,30,20250919
كلبس 10 على كارت,30,1,30,20250919
كلبس + استك 10 على كارت,30,1,30,20250919
استك ابيض ليكرا كبير,15,1,15,20250919
كلبس فيونكة ابيض 2 على كارت,25,1,25,20250919
كلبس فيونكة ابيض 2 على كارت,25,1,25,20250919
فرشاة شعر جليتر,40,1,40,20250919
خاتم حرف كبير استانليس,65,1,65,20250919
ليفين مرطب للبشرة 5 مل,5,3,15,20250919
ليفين كريم شعر 150 جرام,60,1,60,20250919
اكتيف مان فوم حلاقة,65,1,65,20250919
حافظة عدسات فاكيوم,25,1,25,20250919
ستارفيل غسول جل 100 مل,80,1,80,20250919
حرير سويت,25,2,50,20250919
ستارفيل رول اون,130,1,130,20250919
استك 551-31,25,1,25,20250919
فريدا شاور جل 1200 مل,135,1,135,20250919
ماي واي كيدي برفان اطفال,85,1,85,20250919
قفاش فيونكة,25,1,25,20250919
بدي ليشيوس رول اون,60,1,60,20250919
كلوز اب معجون اسنان  100 مل,50,1,50,20250919
افوفا شفرات حريمي (كيس اخضر) 4 + 1,60,1,60,20250919
ليب بالم تاناكو كوري,25,1,25,20250919
كونسيلر لاست لوك 2019,65,1,65,20250919
روج جلوس شفايف لاست لوك 2005,45,1,45,20250918
بلاشر ستيك كيس بيوتي 51050,70,1,70,20250918
فلامنجو شفرات,30,1,30,20250918
مناديل جيب مبللة,10,1,10,20250918
بوبانا صابون مغربي 500 جرام,75,1,75,20250918
بوبانا سكراب 300 جرام,70,1,70,20250918
كولاجرا صابون تفتيح 100 جرام,65,1,65,20250918
كوكو سويت كرتون,30,1,30,20250918
جود كير بكر تواليت 2 قطعة,15,1,15,20250918
طوق بسنون اسود بلولي,25,1,25,20250918
استيك عمود (علبة),35,1,35,20250918
ميدالية كريز كبيرة,65,1,65,20250918
منقار فيونكة 2 على كارت,25,1,25,20250918
همس بدي سبلاش,50,1,50,20250918
غويشة ذهبي فصوص,130,1,130,20250918
استيك مجموعات كبير اسود 6 ق,10,1,10,20250918
حلق 3 * 1 استانليس على كارت,45,1,45,20250918
شيجلام قلم كحل ووتر بروف,65,1,65,20250918
بونيتا فرشاة شعر كيرلي,25,1,25,20250918
مايت سينما مسكرة ووتر بروف,85,1,85,20250918
مروحة يد,35,1,35,20250918
روز بيري ايلاينر لون اسود,100,1,100,20250918
دوش شاور جل 1 لتر,75,1,75,20250918
جل دكتور راشيل 24k,190,1,190,20250918
دكتور راشيل سيرم برايمر 100 مل,230,1,230,20250918
كلبس فيونكة تل ابيض 2 على كارت,30,1,30,20250917
استك  فيونكة ابيض 2 على كارت,20,1,20,20250917
كولاجرا رول اون رجالي 60 مل,110,1,110,20250917
اليس فرشاة بيبي هير,75,1,75,20250916
شيجلام ملمع شفايف 8861,45,2,90,20250916
استك 10 على كارت,30,1,30,20250916
نتائج الطبيعة بديل زيت 35 جرام,15,1,15,20250916
جيرلز استك فيونكة 4*1,15,1,15,20250916
استك لولي 3*1,15,1,15,20250916
ليه كاريتييه حمام كريم كيس 35 مل,15,1,15,20250916
كلبس فيونكة تل ابيض 2 على كارت,30,1,30,20250916
استك ابيض كيس,25,1,25,20250916
ميدالية مفتاح لابوبو,25,2,50,20250916
ام ان قلم حواجب  مشط,20,1,20,20250916
فرشاة ماسك,20,1,20,20250916
قفاش وردة تريندي صغير,10,2,20,20250916
ملقاط تويزرز,25,1,25,20250916
همس بدي سبلاش,50,1,50,20250916
فيبكس كريم مزيل عرق,45,1,45,20250916
تريو مزيل عرق رول اون,45,1,45,20250916
تريو مزيل عرق رول اون,45,1,45,20250915
همس بدي سبلاش,50,1,50,20250915
بونيه ستان,55,1,55,20250915
استك ستان الوان سادة,20,1,20,20250915
اماندا مرطب شفاه,30,2,60,20250915
سجدة توكة ستان,25,1,25,20250915
نودي بيوتي سكراب شفايف + تنت,25,1,25,20250915
دبوس حجاب 4 على كارت,25,1,25,20250915
قطعة اليس شفرات بينك 12 قطعة,15,1,15,20250915
استك 10 على كارت,30,1,30,20250915
ملمع سندرا 550,50,1,50,20250915
روج سندرا سايل 549,45,1,45,20250915
روج جلوس شفايف لاست لوك 2005,45,1,45,20250915
شيجلام ليب جلوس انبوبة,40,1,40,20250915
فلامنجو شفرات,30,2,60,20250915
ايفا ريسبي شامبو  350 مل,120,1,120,20250915
بدي ليشيوس رول اون,60,1,60,20250915
مناديل جيب مبللة,10,2,20,20250915
وايت مناديل سحب,25,1,25,20250915
وايت مناديل سحب,25,1,25,20250915
فازلين بيور 30 مل,15,1,15,20250915
كحول ايثيلي 70% 100 مل,15,2,30,20250915
خاتم اطفال,10,1,10,20250915
الوفيرا جل صبار 250 مل,25,1,25,20250915
ايفا بدي سبلاش 240 مل,190,1,190,20250915
جلوري حنة أكياس,40,1,40,20250915
فريدا شاور جل 1200 مل,135,1,135,20250914
فاتيكا كريم شعر 125 مل,55,1,55,20250914
صابونة لبان دكر,30,1,30,20250914
بانثينول كريم مرطب و ملطف للجلد 30 جرام,45,1,45,20250914
فازلين بيور 110 مل,35,1,35,20250914
المسواك معجون اسنان 120+ 20 جم,45,1,45,20250914
صانسيلك شامبو 350 مل,100,1,100,20250914
بوبانا ملح حليب كيس,45,1,45,20250914
تمارا كريم شعر 170 مل,35,1,35,20250914
افوفا شفرات حريمي (كيس اخضر) 4 + 1,60,1,60,20250914
افوفا شفرات حريمي (كيس اخضر) 4 + 1,60,1,60,20250914
اليس شفرات وجه 3 ق علبة موف,50,1,50,20250914
استك 10 على كارت,30,1,30,20250914
كلبس ابيض 2 على كارت,20,1,20,20250914
استك  فيونكة ابيض 2 على كارت,20,1,20,20250914
استك  فيونكة ابيض 2 على كارت,20,1,20,20250914
كلبس تيكتاك ابيض سادة 4 على كارت,15,1,15,20250914
استك لولي 3*1,15,1,15,20250914
كلبس فيونكة تل ابيض 2 على كارت,30,1,30,20250914
كلبس فيونكة جبير بيضاء,25,1,25,20250914
استك ابيض ليكرا كبير,15,1,15,20250914
قفاش مستطيل الوان كبير,30,1,30,20250914
جل صبار بخاخ 300 مل,30,1,30,20250914
استك ستان ابيض سادة,15,1,15,20250914
ايمامي زيت شعر 7 اويلز 19 مل,25,1,25,20250914
اظافر يد,45,1,45,20250913
خاتم عقلة,20,1,20,20250913
استك مجموعات صغير 24 قطعة,15,1,15,20250913
دبوس حجاب سيراميك 3 على كارت,10,1,10,20250913
مايت سينما روج,45,1,45,20250913
شيجلام مسكرة شفافة,55,1,55,20250913
مايت سينما هايلايتر 4 لون,110,1,110,20250913
قفاش مستطيل شفاف الوان,25,1,25,20250913
طوق اسود ساده,15,1,15,20250913
كلبس فيونكة لولي,25,1,25,20250913
ميدالية مفتاح شخصيات كرتونية,25,1,25,20250913
ميدالية مفتاح ستيتش,25,1,25,20250913
ميدالية كريز كبيرة,65,1,65,20250913
تاتو الوان,25,1,25,20250913
ميدالية نجمة البحر,60,1,60,20250913
خاتم (حرف صغير + اشكال) استانليس,60,1,60,20250913
استك  فيونكة ابيض 2 على كارت,20,1,20,20250913
اليس شفرات وجه 3 ق علبة موف,50,1,50,20250913
كريم اساس روز جولد 317,150,1,150,20250913
ملمع سندرا 550,50,1,50,20250913
فلومار اكلادور 16 مل,20,1,20,20250913
فلومار اكلادور 16 مل,20,1,20,20250913
فلومار اكلادور 16 مل,20,1,20,20250913
كير اند مور كريم مرطب  75 مل,35,1,35,20250913
فوج اسبراي 120 مل,110,1,110,20250913
مخمرية ايميليا سيرم,140,1,140,20250913
بايجن صبغة حواجب,85,1,85,20250913
صابونة لبان دكر,30,1,30,20250913
الو ايفا بلسم ارجان 230 مل,75,1,75,20250913
كلبس  TK,25,1,25,20250913
اليس جلافز,55,1,55,20250912
كليويل محلول عدسات كوري 150 مل + حافظة عدسات,45,1,45,20250912
كولاجرا رول اون كوتون كاندي,120,1,120,20250912
الصاروخ لاصق اظافر,10,1,10,20250912
خاتم (حرف صغير + اشكال) استانليس,60,2,120,20250912
اماندا مرطب شفاه,30,1,30,20250912
انيزيو غسول جل للوجه 200 مل,187.5,2,375,20250912
انيزيو لوشن لتساقط الشعر 150 مل,258.75,1,258.75,20250912
انيزيو صن سكرين كريم جل 50 جرام,168.75,2,337.5,20250912
انيزيو كريم تفتيح للبشرة 50 جرام,129.5,2,259,20250912
افوفا شفرات للبشرة الحساسة (كيس بينك) 5*1,40,1,40,20250912
اظافر يد,45,1,45,20250912
ايمامي زيت شعر 7 اويلز 19 مل,25,1,25,20250911
دبلة حريمي استانليس,70,1,70,20250911
فريش مناديل مبللة 120 منديل,40,1,40,20250911
مروحة يد,35,1,35,20250911
تاتو الوان,15,12,180,20250911
ميدالية نجمة البحر,40,12,480,20250911
ميدالية كريز كبيرة,40,12,480,20250911
ميدالية رجالي ذهبية,20,12,240,20250911
ميداليه رجالي نحاسية,20,12,240,20250911
ميدالية مفتاح ستيتش,15,12,180,20250911
ميدالية مفتاح لابوبو,15,12,180,20250911
استيك عمود (علبة),20,12,240,20250911
ميدالية مفتاح شخصيات كرتونية,15,12,180,20250911
ميدالية مفتاح مضيئة,30,12,360,20250911
استك العاب  + كلبس 8 على كارت,25,1,25,20250911
بدي ليشيوس رول اون,60,1,60,20250911
واتسونز سبلاش 250 مل,75,1,75,20250911
ربيع الحرمين مكعبات مسك,10,1,10,20250911
ربيع الحرمين مكعبات مسك,10,2,20,20250911
خاتم ستانلس,65,1,65,20250911
واتسونز سو سيكسي سبراي ديودرانت 150  مل,310,1,310,20250910
تريشوب شامبو 400 مل,110,1,110,20250910
Rouge 540 برفان,40,1,40,20250910
سيبال هوت لاش مسكرة اوريجنال,275,1,275,20250910
لطافة برفان,40,1,40,20250910
توكة وردة تريندي,25,1,25,20250910
ايفا بدي سبلاش 240 مل,190,1,190,20250910
هيمالايا كريم شعر 140 مل,60,1,60,20250910
طقم فوارغ 5*1,55,1,55,20250910
فلومار اكلادور 16 مل,20,2,40,20250910
ملمع سندرا 410,45,1,45,20250910
خاتم (حرف صغير + اشكال) استانليس,17,99,1683,20250910
خاتم (حرف صغير + اشكال) استانليس,60,1,60,20250910
ميدالية لابوبو,40,12,480,20250910
خاتم فضي اشكال استانليس,17,50,850,20250910
استيك مجموعات كبير اسود 15 ق,15,12,180,20250910
خاتم حرف كبير استانليس,65,1,65,20250910
ليه كاريتييه حمام كريم كيس 35 مل,15,1,15,20250910
ماي واي فلورو فحم معجون,55,1,55,20250910
مبرد أظافر,10,1,10,20250910
ستاركي كريم مرطب 150 مل,35,1,35,20250910
ميني بيوتي بلندر 4 قطع,25,1,25,20250910
دبوس حجاب سيراميك 3 على كارت,10,1,10,20250910
سورتيت عريض منقوش,35,1,35,20250910
محفظة حريمي كبسولة,135,1,135,20250910
سلسلة كريز ظهر حية استانليس,125,1,125,20250910
مبرد قدم 4 * 1,40,1,40,20250909
اسبلاش سيليكتف,180,1,180,20250909
اسبلاش سيليكتف,180,1,180,20250909
سورتيت alo فيونكة,40,1,40,20250909
دبوس حجاب سيراميك 3 على كارت,10,1,10,20250909
بونيه ستان,55,1,55,20250909
صن سويت,20,1,20,20250909
بدي ليشيوس بدي اسبلاش 100 مل,125,1,125,20250909
العود الملكي مخمرية 40 جرام,35,1,35,20250909
مروحة يد,35,2,70,20250909
سجدة توكة ستان,25,1,25,20250909
كلبس فيونكة بيضاء ستان طويلة,30,1,30,20250909
نونو زيت للجسم 100 مل,65,1,65,20250909
فلومار اكلادور 16 مل,20,2,40,20250909
فرشاة شعر تدليك سيلكون لوكس,40,1,40,20250909
شاور جل لوزان 2.25 لتر,75,1,75,20250909
بوبانا ملح حليب كيس,45,1,45,20250909
ملقاط إيطالي جراب جلد,65,1,65,20250909
بايو سوفت جل صبار 500 مل,70,1,70,20250909
ايفا بدي سبلاش 240 مل,190,1,190,20250909
فريدا شاور جل 1200 مل,135,1,135,20250909
كوكو واكس شيت,75,1,75,20250909
ابرة بثور,15,1,15,20250909
اليس فرشاة شعر خشب,135,1,135,20250909
شاور كاب علبة,20,1,20,20250909
لونا مرطب للبشرة 160 جرام,80,1,80,20250909
لاميس برفان امبريال حريمي 100 مل,400,1,400,20250908
ستارفيل مزيل مكياج 100 مل,75,1,75,20250908
شاور جل لوزان 2.25 لتر,75,1,75,20250908
كلبس + استك 10 على كارت,30,1,30,20250908
استك  فيونكة ابيض 2 على كارت,20,1,20,20250908
استك  فيونكة ابيض 2 على كارت,20,1,20,20250908
صانسيلك شامبو 1 لتر,220,1,220,20250908
عطور الشامي رول اون,45,1,45,20250908
علبة دبوس طرحة بيضاوية صغيرة,5,1,5,20250907
علبة دبوس طرحة مربعة صغيرة,5,2,10,20250907
مبرد قدم خشب,25,1,25,20250907
سورتيت alo عريض سادة,35,1,35,20250907
سمارت براش فرشاة فك تشابك,60,1,60,20250907
ايمامي زيت شعر 7 اويلز 19 مل,25,1,25,20250907
مبرد أظافر,10,2,20,20250907
برفان تشيز كيك 30 مل,100,1,100,20250907
قطعة دبوس حجاب,5,1,5,20250907
ارت فيكتوريا سكريت برفان 100 مل,250,1,250,20250907
شان سيكا كريم 60 جرام,200,1,200,20250907
انيزيو لوشن لتساقط الشعر 150 مل,345,1,345,20250907
كوكو واكس,55,1,55,20250907
دكتور راشيل غسول فوم فرشة 125 مل,230,1,230,20250907
قطعة اليس شفرات بينك 12 قطعة,15,1,15,20250907
روج سحري اخضر,20,1,20,20250907
اكلادور فيت مي,25,1,25,20250907
ستارفيل غسول جل 200 مل,125,1,125,20250907
روج سندرا سايل 549,45,1,45,20250907
بلاشر رومانتك برايت 6 لون 218,95,1,95,20250907
افوفا سويت عجينة,30,1,30,20250907
لونا صابون عرض 2*1 72 جرام,55,1,55,20250907
ديما مسك طهارة ابيض+رمان,45,1,45,20250907
اليس شفرات علبة بينك,180,1,180,20250907
سي برفان تستر سيم اوريجينال,280,1,280,20250907
اليس جلافز,55,1,55,20250907
خاتم فري سايز,70,1,70,20250907
خاتم وعد,25,1,25,20250906
دوركو شفرات 5 + 1,30,1,30,20250906
فوطة ميكرو فايبر,55,1,55,20250906
افوفا بدي سبلاش ميني,45,1,45,20250906
سي ليت رول اون  2*1 50 مل,180,1,180,20250906
كير اند مور بدي لوشن  150مل,75,1,75,20250906
ساندرا روج استيك 434,40,1,40,20250906
فلومار اكلادور 16 مل,20,1,20,20250906
كلبس تيكتاك اشكال ملون,10,3,30,20250906
ستاركي شيت ماسك,35,1,35,20250906
كحل جرس الماني,25,1,25,20250906
همس بدي سبلاش,50,1,50,20250906
فيبكس كريم مزيل عرق,45,1,45,20250906
كوين شفرات 5 قطع,30,1,30,20250906
بونيه ستان,55,1,55,20250906
عطور الشامي رول اون,45,1,45,20250906
خالص برفان اماراتي 100 مل,250,1,250,20250905
علبة دبوس طرحة بيضاوية صغيرة,5,1,5,20250905
كوكو كولد واكس,70,1,70,20250905
همس بدي سبلاش,50,1,50,20250905
AM اسبلاش 150 مل,85,1,85,20250905
حلق 3 * 1 استانليس على كارت,45,1,45,20250905
توكة شعر كريز,20,1,20,20250905
اليس فرشاة شعر كيرلي,175,1,175,20250905
بندولين كريم حماية منطقة الحفاض 75 مل,100,1,100,20250905
صفا كون حنة اظافر حمراء سعودية 6 جرام,50,1,50,20250905
نوت كومباكت باودر 3*1,180,1,180,20250905
بريتي وومان كومباكت بودر,90,1,90,20250905
شيجلام لفتر انبوبة 100200,30,1,30,20250905
واتسونز سبلاش 250 مل,75,1,75,20250905
ام ان كحل ماتك,70,1,70,20250905
ستارفيل رول اون,130,1,130,20250905
استك mm1-110,15,1,15,20250905
تينكل شفرات وجه 3 قطع,20,1,20,20250905
كليوباترا بلسم 500 مل,60,1,60,20250904
الو ايفا بلسم ارجان 230 مل,75,1,75,20250904
الو ايفا بلسم ارجان 230 مل,61,3,183,20250904
صوفي حفاضات نسائية طويل 16 قطعة,45,1,45,20250904
حرير سويت,25,1,25,20250904
حرير سويت,25,1,25,20250904
تناية رموش معدن,30,1,30,20250904
كولاجرا رول اون رجالي 60 مل,70,3,210,20250904
خاتم فري سايز,70,1,70,20250904
مينك حمام كريم 500 مل,48,2,96,20250904
واتسونز بدي سبلاش حليبي 250 مل,80,3,240,20250904
افوفا سويت عجينة,30,1,30,20250904
كير اند مور كريم مرطب  75 مل,35,2,70,20250904
ستارفيل مزيل مكياج 100 مل,52.5,2,105,20250904
ستارفيل مزيل مكياج 100 مل,75,1,75,20250904
مناديل جيب مبللة,10,1,10,20250904
عرض تويست اند جو شامبو + سيرم شعر,280,1,280,20250904
بكيني سيت _ تشيز كيك 5*1,340,1,340,20250904
باليت صبغة شعر,95,1,95,20250904
ملمع سندرا 550,50,1,50,20250904
بكيني بتر ميني,75,1,75,20250904
اليس شفرات وجه 3 ق علبة موف,50,1,50,20250904
بيوتي بلندر,15,1,15,20250904
روج سندرا سايل 518,45,1,45,20250904
فاتيكا حمام كريم 450 جم,58.5,3,175.5,20250904
بيو سوفت حمام كريم,70,3,210,20250904
ايفا ريسبي شامبو  350 مل,120,1,120,20250904
مسكره بريتي وومان 017,80,1,80,20250904
بريتي وومان كومباكت بودر,56,1,56,20250904
نوت كومباكت باودر 3*1,115,1,115,20250904
جونسون بودرة اطفال 200 جم,140,2,280,20250904
نونو شامبو اطفال 300 مل,37,2,74,20250904
نونو شامبو اطفال 750 مل + بلسم 100 مل,82.5,1,82.5,20250904
بوبانا حمام كريم للشعر 500 جم,110,3,330,20250904
فيت مي كونسيلر,50,3,150,20250904
نونو زيت للجسم 100 مل,35,2,70,20250904
نونو زيت للجسم 200 مل,65.5,2,131,20250904
فيانسيه كريم شعر 140 مل,30,3,90,20250904
انشانتر لوشن للجسم اوريجينال 250 مل,165,2,330,20250904
شيجلام صابونة حواجب 50 جرام,30,2,60,20250904
لوكس شاور جل 250 مل,60,1,60,20250904
ليفين شاور جل 750 مل,85,1,85,20250904
جهاز شمع dsp 1*1,105,1,105,20250904
العود الملكي مخمرية 40 جرام,23.3329,6,140,20250904
شيجلام مسكرة دبل,50,3,150,20250904
سلسلة كريز ظهر حية استانليس,125,1,125,20250904
روز بيري لوس باودر 0970,115,2,230,20250904
شيجلام صابونة حواجب,27.5,6,165,20250904
استك الوان 3,15,1,15,20250904
سورتيت alo عريض سادة,35,1,35,20250904
اسورة اشكال استانليس,70,1,70,20250904
خاتم توينز استانليس,70,1,70,20250904
ايمامي زيت شعر 7 اويلز 19 مل,25,1,25,20250904
حلق 3 قطع استانليس على كارت,110,1,110,20250904
عطور الشامي رول اون,45,1,45,20250904
غويشة كبيرة استانليس,80,1,80,20250904
اسورة ابيض استانليس,130,1,130,20250904
كوين - توين بليد شفرات 4 قطعة,50,1,50,20250904
قفاش وردة تريندي صغير,10,1,10,20250903
ميدالية كريز صغيرة,50,3,150,20250903
سورتيت عريض منقوش,30,2,60,20250903
جواشا حجر رخام,40,1,40,20250903
سورتيت alo عريض سادة,35,1,35,20250903
شيجلام صابونة حواجب,40,1,40,20250903
اماندا مرطب شفاه,30,1,30,20250903
مروحة يد,35,1,35,20250903
روز بيري كحل ووتر بروف,65,1,65,20250903
سوبر كيدز ليف ان كونديشنر 250 مل,140,1,140,20250903
العود الملكي مخمرية 40 جرام,35,1,35,20250903
ام ان كومباكت بودر,80,1,80,20250903
افوفا شفرات للبشرة الحساسة (كيس بينك) 5*1,40,1,40,20250903
استك TK 2,25,1,25,20250903
سيبال مسكرة 3D اوريجنال,300,1,300,20250903
توكة استك 5 على كارت + 5 استك,30,1,30,20250903
بيلا سبلاش 125 مل,35,1,35,20250903
ايفا ريسبي شامبو  350 مل,120,1,120,20250903
روج خشب ارت سكين 971078,35,1,35,20250903
روج خشب ارت سكين 971078,35,1,35,20250903
ليدي موديل روج خشب 70,25,1,25,20250903
مخمرية مزيل عرق ديار القرشي,35,1,35,20250903
ايفا بلسم ريسبي 350 مل,120,1,120,20250903
مناديل جيب مبللة,10,1,10,20250903
ربيع الحرمين مكعبات مسك,10,1,10,20250903
مينك حمام كريم 500 مل,70,1,70,20250903
بريتي وومان روج  دبل,50,1,50,20250903
كيس بيوتي ليب سيرم,40,1,40,20250903
كيس بيوتي ليب سيرم,40,1,40,20250903
حرير سويت,25,1,25,20250903
ام ان كحل ماتك,70,1,70,20250903
ايفا بدي سبلاش 240 مل,190,1,190,20250903
تينكل شفرات وجه 3 قطع,20,1,20,20250903
مناديل جيب مبللة,10,1,10,20250902
ايفا كريم مقشر لليدين 50 مل,70,1,70,20250902
افوفا شفرات حريمي (كيس اخضر) 4 + 1,60,1,60,20250902
افوفا شفرات حريمي (كيس اخضر) 4 + 1,60,1,60,20250902
مروحة يد,35,2,70,20250902
محفظة حريمي كبسولة,135,1,135,20250902
سلسلة دلاية وردة استانليس,115,1,115,20250902
حلق 3 * 1 استانليس على كارت,45,1,45,20250902
حلق طويل اشكال استانليس,150,2,300,20250902
دبوس حجاب سيراميك 3 على كارت,10,1,10,20250902
ستيفز كريم تجديد الكولاجين و مرطب الايلاستين للبشرة,45,1,45,20250901
دبوس حجاب سيراميك 3 على كارت,10,1,10,20250901
انسيال استانليس 3*1,90,1,90,20250901
غويشة ذهبي استانليس,110,1,110,20250901
حلق طويل فراشه استانليس,100,1,100,20250901
همس بدي سبلاش,50,1,50,20250901
مود صابون,30,1,30,20250901
كريم لبان الدكر,35,1,35,20250901
ايمامي زيت شعر 7 اويلز 19 مل,25,1,25,20250901
ملقاط تويزرز,25,1,25,20250901
محفظة حريمي كبسوله كبيره,150,1,150,20250901
اظافر يد,45,1,45,20250901
ميدالية كريز صغيرة,50,1,50,20250901
توكة شعر منقطة,15,1,15,20250901
ام ان ايلاينر روز جولد,85,1,85,20250901
سورتيت عريض منقوش,30,1,30,20250901
حلق فراشة استانليس,45,1,45,20250901
ارت برفان ساحر 100 مل,200,1,200,20250901
انيزيو كريم تفتيح للبشرة 50 جرام,165,1,165,20250901
العود الملكي مخمرية 40 جرام,35,1,35,20250901
اماندا مرطب شفاه,30,1,30,20250901
ارت اسبراي اماراتي 200 مل,150,1,150,20250901
الو ايفا شامبو جولد ارجان,135,1,135,20250901
توكة منقار فراشة صغير,15,1,15,20250901
ليفين كريم شعر 150 جرام,60,1,60,20250901
هير دو شامبو 800 مل,70,1,70,20250901
بوبانا شامبو 400 مل,160,1,160,20250901
هير دو حمام كريم 900 جرام,120,1,120,20250901
اورال لايت فرشاة اسنان ميديم,30,1,30,20250901
بيو سوفت حمام كريم,85,1,85,20250901
ايفا ريسبي شامبو  350 مل,120,1,120,20250901
كلبسات شعر بلاستيك,30,1,30,20250901
ستارفيل صابونة تفتيح 90 جرام,50,1,50,20250901
بيلا سبلاش 125 مل,35,1,35,20250901
روج سندرا سايل 549,45,1,45,20250901
سبلاش 125 مل,35,2,70,20250901
كريم اساس روز جولد 317,150,1,150,20250901
مناديل جيب مبللة,10,1,10,20250901
مناديل جيب مبللة,10,1,10,20250901
شنطة مكياج,15,1,15,20250901
صابونة لبان دكر,30,1,30,20250901
الو ايفا بلسم ارجان 230 مل,75,1,75,20250901
ايفا بدي سبلاش 240 مل,190,1,190,20250901
الو ايفا حمام كريم 250 جم,70,1,70,20250901
كوكو سويت كرتون,30,1,30,20250901
ستارفيل رول اون,130,1,130,20250901
مايت سينيما بلاشر  1123,50,1,50,20250831
بريتي وومان روج  دبل,50,1,50,20250831
عدسات فريش ليدي,90,1,90,20250831
ايفا بلسم ريسبي 350 مل,120,1,120,20250831
بوبانا شيت ماسك كيس,40,1,40,20250831
اليس شفرات وجه 3 ق علبة موف,50,1,50,20250831
ساندرا روج استيك 434,40,1,40,20250831
ايفا ريسبي شامبو  350 مل,120,1,120,20250831
فاتيكا حمام كريم 450 جم,70,1,70,20250831
ستاركي شيت ماسك,35,1,35,20250831
قفاش فراشة الوان,25,1,25,20250831
شيجلام صابونة حواجب,40,1,40,20250831
بوبانا غسول بشرة 50 مل,35,1,35,20250831
مروحة يد,35,2,70,20250831
سورتيت اطفال سادة الوان,20,1,20,20250831
استك الوان 3,15,1,15,20250831
سورتيت alo عريض سادة,35,1,35,20250831
سلسلة قلب ستانلس,105,1,105,20250831
فلورمار روج خشب,30,1,30,20250831
ايمامي زيت شعر 7 اويلز 19 مل,25,1,25,20250830
سورتيت alo عريض سادة,35,1,35,20250830
حلق وردة استانليس,45,1,45,20250830
رسومات حنة و تاتو,15,5,75,20250830
كلبس فيونكة بيضاء ستان طويلة,30,1,30,20250830
كلبس فيونكة بيضاء ستان طويلة,30,1,30,20250830
ايفا ريسبي شامبو  350 مل,120,1,120,20250830
ستارفيل غسول جل بخاخ 400 مل,210,1,210,20250830
وايت مناديل سحب,25,1,25,20250830
صوفي حفاضات نسائية طويل 16 قطعة,45,1,45,20250830
حبر تاتو,30,1,30,20250830
فرشاة حمام زيت,30,1,30,20250830
اليس فرشاة شعر خشب,135,1,135,20250829
مولبد حفاضات نسائية 18 ق,60,1,60,20250829
فريدا معطر جو,60,1,60,20250829
كلينج باد غسول + فرشة ماسك دبل,20,1,20,20250829
مناديل جيب مبللة,10,1,10,20250829
فاتيكا كريم كبير 190 جم,65,1,65,20250829
كلبس فيونكة بيضاء ستان طويلة,30,1,30,20250829
كلبس فيونكة بيضاء ستان طويلة,30,1,30,20250829
قفاش فراشة الوان,25,1,25,20250829
كلبس فيونكة تل ابيض 2 على كارت,30,1,30,20250829
استك ابيض كيس,25,1,25,20250829
كلبس تيكتاك اشكال ملون,10,2,20,20250829
ليفين كريم شعر 150 جرام,60,1,60,20250829
توكة منقار فراشة صغير,15,2,30,20250829
جيرلز استك فيونكة 4*1,15,1,15,20250829
علبة دبوس طرحة مربعة صغيرة,5,1,5,20250829
دبوس حجاب سيراميك 3 على كارت,10,1,10,20250829
دبوس حجاب سيراميك 3 على كارت,10,1,10,20250829
سورتيت alo عريض سادة,35,1,35,20250829
قفاش وردة تريندي 3 على كارت,40,1,40,20250829
حلق فراشة استانليس,45,1,45,20250829
بريتي وومن مصحح حواجب 717,60,1,60,20250829
مايت سينما ايلاينر,80,1,80,20250829
تمارا كريم شعر 110 مل,25,1,25,20250829
اليس فرشاة شعر كيرلي,145,3,435,20250828
توكة منقار فراشة صغير,15,1,15,20250828
قطعة اليس شفرات بينك 12 قطعة,12.92,12,155.04,20250828
قطعة اليس شفرات بينك 12 قطعة,15,1,15,20250828
مايت سينما روج دبدوب,25.417,12,305,20250828
لوزان شاور جل 1 لتر,24,4,96,20250828
كير اند مور اسيتون,41,5,205,20250828
اظافر يد اطفال سيليكون,9,4,36,20250828
شاور جل لوزان 2.25 لتر,48.5,3,145.5,20250828
فلومار اكلادور 16 مل,20,1,20,20250828
ديما مسك طهارة ابيض+رمان,45,1,45,20250828
بونابيلا حمام كريم كيس,15,1,15,20250828
شان غسول منظف 250 مل,120,1,120,20250828
افوفا بدي سبلاش ميني,45,1,45,20250828
ام ان كحل ماتك,70,1,70,20250828
ام ان كحل ماتك,70,1,70,20250828
مايت سينما فيلر شفايف  1999,50,1,50,20250828
فريدا شاور جل 3 لتر,285,1,285,20250828
براية كحل,15,1,15,20250828
اليزابيث هيلين ايلاينر,75,1,75,20250828
اليس جلافز,34,5,170,20250828
صانسيلك شامبو 350 مل,100,1,100,20250828
توكة وردة تريندي,25,1,25,20250828
برفان لابيدوس 100 مل,150,1,150,20250827
فرشاة شعر ار جي 190,95,1,95,20250827
مشط حراري,15,1,15,20250827
صوفي حفاضات نسائية طويل 16 قطعة,45,2,90,20250827
حرير سويت,25,4,100,20250827
دهب ليفة كف,35,1,35,20250827
ماكينة حلاقة رجالي ASCO,10,1,10,20250827
كلبس كيتي نجمة بلاستيك 2 على كارت,10,12,120,20250827
مشط بلاستيك,20,1,20,20250827
ماسك للعين,30,1,30,20250827
الو ايفا كريم شعر بالصبار 45 جرام,35,1,35,20250827
عطور الشامي رول اون,45,1,45,20250827
فريش مناديل مبللة 120 منديل,40,1,40,20250827
فرشاة تدليك سيليكون بيد,45,1,45,20250827
سورتيت alo عريض سادة,35,1,35,20250826
خاتم عقلة,20,1,20,20250826
مروحة يد,35,1,35,20250826
شيجلام قلم كحل ووتر بروف,65,1,65,20250826
كريم 21 مرطب 50 مل الماني,90,1,90,20250826
علبة دبوس طرحة مربعة كبيرة,10,1,10,20250826
سيبال مسكرة 3D اوريجنال,300,1,300,20250826
ليفين شاور جل 750 مل,85,1,85,20250826
اكلادور فيت مي,25,1,25,20250826
شيجلام اكلادور,15,1,15,20250826
فلومار اكلادور 16 مل,20,2,40,20250826
بيو سوفت حمام كريم,85,1,85,20250826
روج سندرا سايل 549,45,1,45,20250826
شيجلام ملمع شفايف 8861,45,2,90,20250826
بلاشر اسفنجة سندرا 154,75,1,75,20250826
شيجلام ليب جلوس انبوبة,40,1,40,20250826
شان غسول منظف 250 مل,150,1,150,20250826
شان ليب بالم,90,1,90,20250826
حلق 3*1,30,1,30,20250826
دون برفان فرنسي,150,1,150,20250826
دون برفان فرنسي,150,1,150,20250825
بكيني بالم اوريجينال,150,1,150,20250825
عبد الصمد القرشي مسك طهارة 6 مل,45,1,45,20250825
سلاكة اذن خشب حجم كبير,25,1,25,20250825
فا رول اون,55,1,55,20250825
مولبد حفاضات نسائية 16 ق,55,1,55,20250825
اكس اسبراي,135,1,135,20250825
مناديل جيب مبللة,10,1,10,20250825
فلومار اكلادور 16 مل,20,1,20,20250825
شامبو ORS ارجان 400 مل,110,1,110,20250825
فيبيكس رول اون 48 ساعة 50 مل,60,1,60,20250825
استك ستان الوان سادة,20,3,60,20250825
كيسيم اسبراي اماراتي  150 مل,100,1,100,20250825
ايفا كريم شعر بالعسل 45 جرام,35,1,35,20250824
حلق 3 * 1 استانليس على كارت,45,1,45,20250824
سلسلة حرف+قلب استانليس,120,1,120,20250824
مروحة يد,35,3,105,20250824
العود الملكي مخمرية 40 جرام,35,1,35,20250824
لوزان شامبو و بلسم 1 لتر,65,1,65,20250824
شاور جل لوزان 2.25 لتر,65,1,65,20250824
ماكينة حلاقة رجالي ASCO,10,1,10,20250824
ايفا اسيتون 200 مل,80,1,80,20250823
شان ليب بالم,90,1,90,20250823
واتسونز غسول بكيني سو سيكسي 150 مل,110,1,110,20250823
خلخال حمصة استانليس,50,1,50,20250823
باراشوت جولد كريم 140 مل,55,1,55,20250823
مايت سينما روج,45,1,45,20250823
صابونة هارموني,20,1,20,20250822
برفان 60 مل,35,2,70,20250822
توكة شعر كريز,20,1,20,20250822
اظافر يد,45,1,45,20250822
روز بيري ليكويد بلاشر,100,1,100,20250822
دبوس حجاب 4 على كارت,25,1,25,20250822
مروحة يد,35,1,35,20250822
ارينا مناديل سحب 550 منديل,25,1,25,20250822
انيزيو كريم تفتيح للبشرة 50 جرام,165,1,165,20250822
انيزيو غسول جل للوجه 200 مل,250,1,250,20250822
سيبال مسكرة ميجا لاش اوريجنال,290,1,290,20250822
انفيكتوس برفان 100 مل,95,1,95,20250822
بوس برفان حريمي 100 مل,110,1,110,20250822
فيكتوريا سيكرت برفان 100 مل,85,1,85,20250822
يو ار ماين برفان اماراتي  100 مل,110,1,110,20250822
بيريز برفان اماراتي  100 مل,110,1,110,20250822
فرفشة برفان اماراتي  100 مل,110,1,110,20250822
شوجر جيرل برفان اماراتي  100 مل,110,1,110,20250822
بلو باي مان برفان اماراتي  100 مل,110,1,110,20250822
سي  برفان  100 مل,95,1,95,20250822
شانيل برفان 100 مل,95,1,95,20250822
جوب برفان 125 مل,95,1,95,20250822
فيرزاتشي برفان 100 مل,85,1,85,20250822
فيراري برفان 100 مل,85,1,85,20250822
كلبس فيونكة لولي,15,6,90,20250822
قطعة كلبس فيونكة كشمير * ابيض,7.5,12,90,20250822
2 كلبس فيونكة + 4 قفاش صغير على كارت,12,11,132,20250822
كلبس فيونكة الوان صغير 2 على كارت,8,18,144,20250822
قطعة كلبس فراشة ترتر صغير,4,12,48,20250822
اوريانا برفان 75 مل,115,1,115,20250822
سكاندال برفان 100 مل,85,1,85,20250822
كلبس فيونكة بيضاء ستان طويلة,16,12,192,20250822
استك ابيض صغير  كيس,2.25,12,27,20250822
كلبس فراشة + وردة 2 على كارت,11.5,12,138,20250822
استك العاب  + كلبس 8 على كارت,14.5,12,174,20250822
توكة استك 5 على كارت + 5 استك,12.5,12,150,20250822
كلبس فيونكة جبير بيضاء,13,12,156,20250822
كلبس فيونكة تل ابيض 2 على كارت,17.5,12,210,20250822
كلبس كيتي و ارنوب صغير 2 على كارت,10,12,120,20250822
استك ابيض شمس,6,12,72,20250822
استك ابيض ليكرا كبير,5.5,12,66,20250822
جود كير بكر تواليت 2 قطعة,15,1,15,20250822
تريشوب شامبو 200 مل,65,1,65,20250822
كيس بيوتي ليب سيرم,40,1,40,20250822
بريتي وومن مصحح  3 لون,65,1,65,20250822
مايت سينما بودرة مائية,135,1,135,20250822
ديرما بلاننج,5,2,10,20250822
مناديل جيب مبللة,10,2,20,20250822
موروكان صابون جردل 2*1,275,1,275,20250822
ايفا بلسم ريسبي 350 مل,120,1,120,20250822
سنسوداين معجون أسنان 50 مل,60,1,60,20250822
ايفا ريسبي شامبو  350 مل,120,1,120,20250822
شيجلام اكلادور,15,1,15,20250821
اكلادور فيت مي,25,1,25,20250821
فلومار اكلادور 16 مل,20,2,40,20250821
استك الوان كيس,8,12,96,20250821
ستارفيل صابونة حبوب 90 جرام,50,1,50,20250821
استك ابيض كيس,8,24,192,20250821
استك العاب الوان 5 على كارت,14.5,12,174,20250821
قفاش مستطيل شفاف الوان,8,12,96,20250821
قفاش كوري دائري تريند,8,12,96,20250821
قفاش مستطيل الوان كبير,8,11,88,20250821
سورتيت اطفال فيونكة,14,12,168,20250821
توكة استك فيونكة بيضاء بلولي,13,12,156,20250821
كلبس وردة لولي,15,12,180,20250821
استك ابيض وردة,6.5,12,78,20250821
سورتيت اطفال فراشة,14,12,168,20250821
طوق ابيض ورده,10.5,24,252,20250821
استك ابيض ستان + فرو,12,12,144,20250821
كلبس + استك 10 على كارت,12.5,12,150,20250821
كلبس 10 على كارت,12.5,23,287.5,20250821
طوق اسود ساده,3.5,12,42,20250821
طوق لولي سكري,7.5,12,90,20250821
طوق لولي ابيض,17.5,12,210,20250821
طوق بسنون اسود بلولي,14,45,630,20250821
طوق اسود ورد دبل,14,3,42,20250821
قفاش فراشة الوان,8,12,96,20250821
طوق لولي اسود,7.5,12,90,20250821
طوق ورده الوان,11,12,132,20250821
توكة طاووس,23.333,12,280,20250821
طوق لولي الوان,14,24,336,20250821
طوق مموج اسود,14,36,504,20250821
ليفين كريم شعر 150 جرام,60,1,60,20250821
كلبس فيونكة ابيض 2 على كارت,10.25,24,246,20250821
استك  فيونكة ابيض 2 على كارت,10.25,24,246,20250821
كلبس فراشة ابيض 2 على كارت,12.5,11,137.5,20250821
كلبس يونيكورن + قفاش + استك على كارت,12,12,144,20250821
كلبس تيكتاك ابيض سادة 4 على كارت,7,12,84,20250821
بلوب اكسجين 1 لتر,42.5,4,170,20250821
استك ستان الوان + فرو,11.5,12,138,20250821
كلبس + نظارة,25.833,12,310,20250821
كلبس نظارة,10,12,120,20250821
كلبس ابيض 2 على كارت,9,12,108,20250821
قفاش فراشة تريندي,14,12,168,20250821
استك 10 على كارت,12.5,12,150,20250821
سلسلة حرف+قلب استانليس,120,1,120,20250821
لافوالا برفان اماراتي 100 مل,210,1,210,20250821
بدي ليشيوس بدي اسبلاش 100 مل,125,1,125,20250821
ستيفز كريم تجديد الكولاجين و مرطب الايلاستين للبشرة,45,1,45,20250821
جولي فرشاة شعر بيضاوية,17.5,1,17.5,20250820
بونيتا فرشاة شعر مربعة,27.5,1,27.5,20250820
علبة توك 3*1 صغيرة,14,12,168,20250820
مونارك شامبو 1 لتر,45,1,45,20250820
مونارك بلسم 1 لتر,45,2,90,20250820
كلبس تيكتاك اشكال ملون,2.5,49,122.5,20250820
اورال لايت فرشاة اسنان ميديم,4.5,11,49.5,20250820
نتائج الطبيعة كريم اطالة الشعر 35 جرام,7.5,4,30,20250820
نتائج الطبيعة كريم تفتيح الجسم 35 جرام,7.5,6,45,20250820
9 بيوتي طقم فرش مكياج + بيوتي بلندر,65,2,130,20250820
طقم فرش مكياج صغير,37.5,1,37.5,20250820
فرشاة شعر جليتر,25,1,25,20250820
بيت ريزي طقم فرش مكياج,42.5,1,42.5,20250820
9 بيوتي طقم فرش مكياج 8 فرش,42.5,1,42.5,20250820
نتائج الطبيعة بديل زيت 35 جرام,7.5,8,60,20250820
فرشاة شعر عسلي مربعة,30,4,120,20250820
فرشاة هايلايتر,42.5,2,85,20250820
هير دو حمام كريم 500 جرام,30,4,120,20250820
ليفين عرض شامبو+ بلسم 400 مل,118,2,236,20250820
هير دو حمام كريم 900 جرام,48.5,4,194,20250820
كاميه شاور جل 1 لتر,68,2,136,20250820
بوبانا شامبو 400 مل,87,2,174,20250820
بوبانا شامبو ارجان 400 مل,97,1,97,20250820
مينك بلسم 400 مل,39,4,156,20250820
مينك شامبو 400 مل,39,3,117,20250820
لوكس شاور جل 250 مل,48,6,288,20250820
هير دو شامبو 500 مل,30,4,120,20250820
هير دو بلسم 500 مل,30,2,60,20250820
لوكس شاور جل 500 مل,68,6,408,20250820
سلسلة حرف استانليس,25,12,300,20250820
خاتم حرف كبير استانليس,25,24,600,20250820
سبتونا مناديل ازالة مكياج 120 قطعة,69,2,138,20250820
علبة دبوس طرحة مربعة كبيرة,7,3,21,20250820
كولاجرا فونديشن متوسط 30 مل,255,1,255,20250820
كلينك مناديل ازالة مكياج 133 قطعة,60.5,4,242,20250820
كلينك مناديل ازالة مكياج 50 قطعة,32.25,1,32.25,20250820
كولاجرا سيرم هايلورنيك اسيد 30 مل,240,3,720,20250820
هيدرنسا سيكا كريم 50 مل spf15,130,1,130,20250820
بندولين سيرم  للاطفال خالي من السيليكون 60 مل,215,1,215,20250820
روو افريكان بلسم 500مل,175,1,175,20250820
ليلاك غسول للبشرة الدهنية 200 مل,230,1,230,20250820
اي دي حمام كريم  للاطفال 250 مل,93,1,93,20250820
فيونا مناديل ازالة مكياج 70 قطعة,43,1,43,20250820
ديرما اكتيف مرطب جل 50 مل,175,2,350,20250820
كولاجرا سيرم فيتامين سي 30 مل,310,1,310,20250820
دوركو شفرات حريمي فيتنامي 3 شفره _ 3+1 قطعة,65,1,65,20250820
دوركو شفرات حريمي 5+1,15,3,45,20250820
فرشاة استشوار,17.5,3,52.5,20250820
دير بدي ميلك 300 مل,173,1,173,20250820
مويست 1 غسول فوم للبشرة الدهنية 150 مل,160,1,160,20250820
خاتم تريبل استانليس,25,17,425,20250820
ماسك قدم كوري,130,5,650,20250820
ليلاك سيرم رموش وحواجب 10 مل,265,1,265,20250820
ستاركي شيت ماسك,21,8,168,20250820
مناديل اسيتون,20,1,20,20250820
هدى بيوتي طقم فرش,63,2,126,20250820
ديرما بلاننج,5,2,10,20250820
مولبد حفاضات نسائية 16 ق,55,1,55,20250820
فريدا معطر جو,60,1,60,20250820
الو ايفا حمام كريم 250 جم,70,1,70,20250820
ايفا بدي سبلاش 240 مل,190,1,190,20250820
حرير سويت,25,1,25,20250820
افوفا بدي سبلاش ميني,45,1,45,20250820
فلومار اكلادور 16 مل,20,3,60,20250820
ايفا شاور كريم استحمام 250 مل,80,1,80,20250820
كولاجرا غسول 200 مل انبوبة,103,2,206,20250819
بونابيلا حمام كريم كيس,15,1,15,20250819
فرشاة شعر تدليك سيلكون لوكس,40,1,40,20250819
روج سندرا سايل 549,45,1,45,20250819
مسكره ام ان 344,80,1,80,20250819
بيوتي بلندر,15,1,15,20250819
ايفا بدي سبلاش 240 مل,190,1,190,20250819
صابونة لبان دكر,30,1,30,20250819
بانسيه رول اون,25,1,25,20250819
كيس بيوتي ليب سيرم,40,1,40,20250819
بنسة شعر Ball Tip,10,1,10,20250819
خاتم وعد,25,1,25,20250819
التيس كريم جل فيتامين c لتفتيح البشرة 50 مل,225,1,225,20250819
التيس كريم جل سيكا 50 مل,230,1,230,20250819
تيترا هيدرو كريم يوريا 75 جرام,110,2,220,20250819
تيترا هيدرو دراي اويل 60 مل,298,1,298,20250819
تيترا هيدرو كريم مرطب لاصلاح البشرة بالسيراميد 50 جرام,215,1,215,20250819
بونابيلا شامبو ارجان 250 مل,146,1,146,20250819
بونابيلا اسبراي لمعالجة تساقط الشعر 120 مل,162,1,162,20250819
نواه غسول وجه فوم 200 مل,175,1,175,20250819
التيس غسول فوم للوجه 180 مل,183.33,3,549.99,20250819
التيس صن سكرين لمقاومة التجاعيد 50 مل,145,1,145,20250819
التيس صن سكرين مرطب 50 مل,135,1,135,20250819
كارميكس ليب بالم 10 جرام,170,3,510,20250819
لانيج ليب ماسك 20 جرام,117,2,234,20250819
ليلاك كريم تفتيح بشرة 50 مل,240,1,240,20250819
ليلاك اي كونتور جل 15 مل,283,1,283,20250819
ليلاك بدي اويل 150 مل,260,1,260,20250819
ميلاتايم صن سكرين سبراي 150مل,175,4,700,20250819
بريمير هير سيرم 70 مل,145,1,145,20250819
تويست اند جو مسكرة سيرم لتطويل الرموش 10 مل,195,1,195,20250819
جي دوكس شامبو افوكادو 400 مل,185,1,185,20250819
جي دوكس شامبو بروتين الحليب 400 مل,185,2,370,20250819
جي دوكس بلسم حليب البروتين 400 مل,185,2,370,20250819
جي دوكس حمام كريم حليب البروتين 500 مل,205,2,410,20250819
ايفا سيرم فيتامين A مل30,165,1,165,20250819
باشن بيبي صابونة اطفال 100 جرام,42,2,84,20250819
ليلاك جل مرطب 50 مل,170,1,170,20250819
نواه بديل زيت 250 مل,165,1,165,20250819
نواه شامبو لتقليل التساقط 250 مل,200,1,200,20250819
نواه شامبو لتقليل التساقط 500 مل,295,1,295,20250819
نواه حمام كريم 500 مل,297,1,297,20250819
نواه لوشن للشعر 200 مل,295,1,295,20250819
نواه سيرم للشعر 50 مل,200,1,200,20250819
نواه سيرم للشعر 100 مل,295,1,295,20250819
نواه زيت  للشعر 200 مل,295,1,295,20250819
نواه تونر للبشرة 200 مل,165,1,165,20250819
نواه ماء ميسيلار  200 مل,165,1,165,20250819
نواه كريم لتقليل الهالات السوداء حول العين 50 مل,165,1,165,20250819
نواه كريم تفتيح للبقع السوداء 50 مل,165,1,165,20250819
نواه صن سكرين 75 مل,135,2,270,20250819
نواه غسول وجه 200 مل,135,1,135,20250819
نواه بلسم للشعر 250 مل,200,1,200,20250819
نواه حمام كريم 250 مل,200,1,200,20250819
نواه كريم شعر 200 مل,165,1,165,20250819
اي دي شاور جل 500 مل,88,1,88,20250819
اي دي شامبو 300 مل,84,1,84,20250819
اي دي كريم حفاض 100 مل,100,1,100,20250819
كلاري هير ميست 120 مل SPF 50+,222,1,222,20250819
دوركو اوريجنال ماكينة حلاقة حريمي 2 شفرة عرض 10 + 2,92,1,92,20250819
اكزاكتا ماكينة حلاقة حريمي 2 شفرة 5 + 2,95,1,95,20250819
مويست 1 كريم منطقة حفاض 150 جرام,135,1,135,20250819
مويست 1 كريم باليوريا لتشققات الكعبين 100 جرام,116,1,116,20250819
كانتو بلسم اطفال 237 مل,308,1,308,20250819
كانتو سيرم كريمي معالج و محفز 180 مل,450,1,450,20250819
تويست اند جو روت تو ايند هير ميست اصلاح الشغر التالف و الجاف 150 مل,175,1,175,20250819
التيس رول اون مزيل عرق 50 مل,95,5,475,20250819
التيس سيرم سيكا للبشرة 30 مل,230,1,230,20250819
التيس سيرم فيتامين c لتفتيح للبشرة 30 مل,230,1,230,20250819
التيس سيرم سيراميد لترطيب البشرة 30 مل,230,1,230,20250819
التيس كريم جل سيراميد لترطيب البشرة 50 مل,190,1,190,20250819
باودر باف مثلثة,30,1,30,20250819
ليه كاريتييه حمام كريم كيس 35 مل,15,1,15,20250819
بونيتا فرشاة شعر بيضاء,55,1,55,20250819
خاتم توينز استانليس,70,1,70,20250819
سورتيت alo فيونكة,40,1,40,20250819
سورتيت alo فيونكة,40,2,80,20250819
ميدالية كريز صغيرة,50,1,50,20250819
شيلز اسبراي اماراتي 175 مل,85,1,85,20250819
العقيق برفان اماراتي 100 مل,210,1,210,20250819
علبة دبوس طرحة بيضاوية صغيرة,5,1,5,20250819
برفان 60 مل,60,1,60,20250819
روز بيري ايلاينر لون اسود,68,3,204,20250819
بيبي روز تنت سحري,100,1,100,20250819
العود الملكي مخمرية 40 جرام,35,2,70,20250819
مروحة يد,35,1,35,20250819
مروحة يد,35,1,35,20250819
مروحة يد,35,1,35,20250819
هيربس انديا زيت شعر 180 مل,85,1,85,20250819
كولاجرا رول اون,120,1,120,20250819
اليس شفرات  5*1 (3 شفرة),60,1,60,20250819
دكتور راشيل غسول فوم فرشة 125 مل,172,1,172,20250819
فاتيكا مايونيز للشعر 500 مل,180,1,180,20250818
ايفا كريم مرطب يدين 60 مل,65,1,65,20250818
مايت سينما ليب جلوس,35,1,35,20250818
ايفا كيراتين بلسم ضد القشرة  230 جرام,120,2,240,20250818
مروحة يد,35,1,35,20250818
ماسك للعين,30,1,30,20250818
ليه كاريتييه حمام كريم كيس 35 مل,15,1,15,20250818
بوبانا بديل الزيت 240 مل,89,4,356,20250818
ايفا شامبو لتطويل الشعر 230 مل,115,3,345,20250818
مان لوك جل للشعر 250 جرام,33.5,3,100.5,20250818
ايفا سيرم بالنياسيناميد 30 مل,175,1,175,20250818
ايفا سيرم بالهيالورونيك اسيد 30 مل,162,1,162,20250818
فوالا صن سكرين جل 50 مل,130,3,390,20250818
فوالا سيرم اي كونتور 30 مل,125,2,250,20250818
فوالا مزيل مكياج 220 مل,120,2,240,20250818
تريشوب حمام كريم كيس 30 مل,9.5,25,237.5,20250818
وان كريم ازالة الشعر 90 جرام,27.5,2,55,20250818
وان كريم ازالة الشعر 40 جرام,19,3,57,20250818
طوق فراشة معدن,23.333,12,280,20250818
طوق فراشة معدن,35,1,35,20250818
فوالا صن سكرين فونديشن ميديم 50spf 50 مل,130,2,260,20250818
فوالا سيرم ماسكرا للرموش والحواجب اسود 10 مل,130,2,260,20250818
فوالا سيرم ماسكرا للرموش والحواجب شفاف 10 مل,130,2,260,20250818
فوالا سيرم للتجاعيد 50 مل,140,2,280,20250818
فوالا مزيل عرق رول اون,85,6,510,20250818
فوالا مرطب للبشره جل 200 مل,120,4,480,20250818
فوالا لوشن لتساقط الشعر 125 مل,160,2,320,20250818
فوالا هير ماسك 500 مل,145,1,145,20250818
فوالا غسول فوم جل 150 مل,130,2,260,20250818
فوالا غسول جل 200 مل,130,3,390,20250818
فوالا كونسيلر spf 30,125,4,500,20250818
فوالا شامبو للتساقط 200 مل,130,2,260,20250818
فوالا بلسم 200 مل,125,2,250,20250818
فوالا شامبو 200 مل,125,2,250,20250818
فوالا سيرم فيتامين سي 30 مل,140,2,280,20250818
فوالا صن سكرين لوشن 150 مل,170,2,340,20250818
فوالا كريم تفتيح 50 مل,125,2,250,20250818
شيري مشط خشب,12.5,2,25,20250818
مشط بلاستيك,7.5,6,45,20250818
مشط دبل بلاستيك,12.5,3,37.5,20250818
امور سبلاش جليتر,25,1,25,20250818
طقم باديكير (2 قصافة + مقص ),35,1,35,20250818
املاح باديكير فوارة 950 جم,30,1,30,20250818
د / عربي سمايل هيفين  بكيني بتر 500 مل,275,1,275,20250818
توكة وردة تريندي,25,1,25,20250818
ليه كاريتييه شامبو 400 مل,120,1,120,20250818
مايت سينما مسكرة شفافة  1148,50,1,50,20250818
مود شاور جل 750 جرام,80,1,80,20250818
بيلا سبلاش 125 مل,35,1,35,20250818
ستارفيل صابونة تفتيح 90 جرام,50,1,50,20250818
روج سندرا سايل 518,45,1,45,20250817
روج سندرا سايل 518,45,1,45,20250817
بايجن صبغة حواجب,85,1,85,20250817
فاتيكا شامبو 360 مل,52.5,4,210,20250817
صابونة لبان دكر,30,1,30,20250817
ديرما بلاننج,5,2,10,20250817
اكسلانت جل 500 جرام,45,1,45,20250817
فريدا شاور جل 650 مل,68,2,136,20250817
فريدا شاور جل 650 مل,80,1,80,20250817
كوكو واكس شيت,75,1,75,20250817
وان كريم ازالة شعر,50,1,50,20250817
توكة وردة تريندي,25,1,25,20250817
توكة وردة تريندي,25,1,25,20250817
توكة وردة تريندي,25,2,50,20250817
شيروسا شامبو 350 مل,42.5,4,170,20250817
مناديل اسيتون,20,1,20,20250817
سيبال هوت لاش مسكرة اوريجنال,209,2,418,20250817
ستارفيل صابونة حبوب 90 جرام,34.75,2,69.5,20250817
دوركو شفرات 5 + 1,12.5,3,37.5,20250817
باودر باف مثلثة,30,1,30,20250817
بونابيلا سيرم شعر 70 مل,162,1,162,20250817
بونابيلا كريم تصفيف شعر200 جرام,96,2,192,20250817
دير كريم مرطب للوجه والرقبة 200 جرام,135,1,135,20250817
دير كريم تفتيح 60 جرام,125,2,250,20250817
دير كريم مرطب للوجه والرقبة 60 جرام,90,1,90,20250817
دير كريم تفتيح لمحيط العين + كونسيلر 30 مل,175,1,175,20250817
دير جل مرطب للوجه والرقبة 60 جرام,100,2,200,20250817
سيبال تنت شفايف و خدود,178,1,178,20250817
توب فيس كونتور ستيك,300,2,600,20250817
كير اند مور ليب بالم 4 جرام,16,2,32,20250817
سيبال مسكرة ميجا لاش اوريجنال,232,2,464,20250817
سيبال مسكرة 3D اوريجنال,240,2,480,20250817
استك لولي 3*1,8,12,96,20250817
سيبال قلم حواجب جل اوريجنال الماني,190,3,570,20250817
سيبال قلم كحل كوزي اوريجنال الماني,159,5,795,20250817
سيبال قلم كحل ماتيك  اوريجنال الماني,167,3,501,20250817
طوق كيتي,10,11,110,20250817
جيرلز استك فيونكة 4*1,4.5,12,54,20250817
توكة منقار فراشة صغير,7.5,48,360,20250817
دير سيرم ريتينول محارب التجاعيد 30 مل,145,2,290,20250817
ليه كاريتييه حمام كريم كيس 35 مل,9.5,24,228,20250817
سورتيت اطفال وردة,13,12,156,20250817
سورتيت اطفال وردة,25,1,25,20250817
دوركو شفرات 10 ق,25,4,100,20250817
لوزان شامبو و بلسم 1 لتر,32,6,192,20250817
ستارفيل اسبراي مزيل عرق وتفتيح 200 مل,126,2,252,20250817
سترونج فيل كريم شعر رجالي 120 جرام,139,1,139,20250817
جلامي لاب كريم هيدرا مرطب 50 جم,210,1,210,20250817
بيسان بيوتي ايلاينر فلوماستر ليكويد,58,3,174,20250817
استك TK 2,12,12,144,20250817
بون بدي لوشن 250 مل,30,6,180,20250817
خمرة برفان 100 مل,135,1,135,20250817
ليفين شاور جل 750 مل,63,6,378,20250817
هير دو شامبو 800 مل,43.5,3,130.5,20250817
هير دو بلسم 800 مل,45,2,90,20250817
هيربال ايسنسز شامبو 400 مل,210,5,1050,20250817
دير رول اون,80,12,960,20250817
سيرو بايب ليف ان بلسم 200 مل,175,1,175,20250817
بيزلين مزيل عرق رول اون 50 مل عرض 1+ 1,380,5,1900,20250817
ليفين مرطب للبشرة 5 مل,0.916,105,96.18,20250817
تترا هيدرو غسول للبشره 250 مل,185,2,370,20250817
تترا هيدرو لوشن 250 مل,215,1,215,20250817
هيربال ايسنسز بلسم بدون سلفات 400 مل,335,1,335,20250817
ديفول هير ستايلينج كريم اطفال 250 جرام,96,1,96,20250817
ديفول هير ماسك اطفال 450 جرام,131,1,131,20250817
كلاري ليف ان كريم شعر 300 جرام,210,1,210,20250817
هيربال ايسنسز بلسم 400 مل,210,3,630,20250817
سترونج فيل هير لوشن للرجال 100 مل,205,1,205,20250817
سترونج فيل شامبو وبلسم رجالي 220 مل,139,1,139,20250817
كولاجرا رول اون,120,1,120,20250817
كولاجرا رول اون,80,2,160,20250817
هيربال سنسيشن شامبو 600 مل,52,3,156,20250817
بالمرز كريم 150 جرام,120,1,120,20250817
ديفول هير ستايلينج كريم اطفال 200 جرام,85,1,85,20250817
مايت سينما روج,45,1,45,20250817
املا زيت اطفال 90 مل,70,1,70,20250817
لونا صابون جلسرين 100 جرام,28,1,28,20250817
توكة منقار كريز على الكارت,25,1,25,20250817
ميدالية كريز صغيرة,50,1,50,20250817
قفاش وردة تريندي 3 على كارت,40,1,40,20250817
ملقاط تويزرز,25,1,25,20250817
استك مجموعات صغير 24 قطعة,15,1,15,20250817
ام ان ايلاينر ديناميك مط,100,1,100,20250817
منقار فيونكة 2 على كارت,15,12,180,20250816
دير غسول للبشرة الدهنية 400 مل,175,2,350,20250816
كريم لبان الدكر,17.5,6,105,20250816
ors  زيت زيتون اسبراي ملمع شعر 85 مل,49,1,49,20250816
لونا صابون جلسرين 100 جرام,28,1,28,20250816
ايمامي زيت شعر 7 اويلز 200 مل عرض + صابونة,185,1,185,20250816
ors  ارجان اسبراي ملمع شعر 250 مل,88,1,88,20250816
كير اند مور مرطب شقاه 20 مل,40,6,240,20250816
ايمامي زيت شعر 7 اويلز 200 مل,146,2,292,20250816
سكراب النيلة الزرقاء المغربي,27.5,12,330,20250816
برطمان املاح طبيعيه للبادكير,10,6,60,20250816
فلورمار قلم حواجب بني,12.5,11,137.5,20250816
ستاركي ماسك وجه,19,9,171,20250816
رويال بودرة تشقير,22.5,3,67.5,20250816
اوبال بودرة معطرة للجسم,40,2,80,20250816
بينك شوجر بودرة معطرة للجسم,25,3,75,20250816
فرشاة استشوار تركي,75,2,150,20250816
مود صابون,20,4,80,20250816
كوكو كولد واكس,46.5,5,232.5,20250816
صانسيلك عرض شامبو+ بلسم 350 جرام,139,4,556,20250816
ميني بدي سبلاش 50 مل,15,14,210,20250816
املا زيت اطفال 90 مل,42.5,1,42.5,20250816
املا زيت اطفال 90 مل,42.5,1,42.5,20250816
املا زيت شعر 90 مل,40,1,40,20250816
املا زيت شعر 90 مل,40,1,40,20250816
نونو طقم للعناية بالطفل 100 مل 5 قطع,155,1,155,20250816
كوكو زيت ملطف,45,2,90,20250816
فيبكس كريم مزيل عرق,25,9,225,20250816
كريم قشطة الاميرات,17.5,3,52.5,20250816
صن سويت,9.166,12,109.99,20250816
العود الملكي كريم شعر 110 جرام,32.5,5,162.5,20250816
بلوب بودرة تشقير 450 جرام,160,2,320,20250816
جل صبار لافندر,10,3,30,20250816
هيربل كريم شعر 180 مل,35,4,140,20250816
تريو مزيل عرق رول اون,27.5,12,330,20250816
بيبيتو مناديل واكس,15,2,30,20250816
دولفين ليفه مغربية,12.5,24,300,20250816
فرشاة غسول + اداة مساج,50,1,50,20250816
ديرما رول,35,3,105,20250816
صابونة بكيني طبيعية,15,12,180,20250816
صابونة فحم طبيعية,10,12,120,20250816
بلوره مزيلة للشعر,40,3,120,20250816
روز بيري ليب جلوس,27.5,24,660,20250816
مايت سينما روج,27.5,24,660,20250816
لانيج ليب ماسك 3 جرام,63,1,63,20250816
ايفا بدي ميست جليتري 150 مل,171,3,513,20250816
امور اسبراي تركي 175 مل,65,2,130,20250816
اسبلاش ذهبي 250 مل,45,18,810,20250816
اسبلاش ذهبي 250 مل,75,1,75,20250816
اكس اسبراي جيب 17 مل,42,3,126,20250816
استك ستان فصوص,6.5,12,78,20250816
تاج فضي معدن كبير,50,12,600,20250816
تاج فضي معدن صغير,13,12,156,20250816
نابلسي شاهين صابونة 85 جرام,4.75,1,4.75,20250816
نابلسي شاهين صابونة 85 جرام,10,1,10,20250816
ليه كاريتييه حمام كريم 475 مل,117,2,234,20250816
ام ان قلم حواجب  مشط,10.416,12,124.99,20250816
فرشاة غسول 2*1,20,2,40,20250816
ايفا صابونة جلسرين  120 جرام,34,1,34,20250816
روز بيري كحل الوان ووتر بروف,44,4,176,20250816
نودي بيوتي مخمرية 50 جرام,40,1,40,20250816
حلق فراشة استانليس,45,1,45,20250816
شامبو ORS ارجان 400 مل,80,1,80,20250816
shiny فرشاة اسنان كبار,15,12,180,20250816
GK هير ماسك 35 جرام,5,36,180,20250816
ارجان هير ماسك 35 جرام,5,36,180,20250816
ليفين كريم شعر 150 جرام,35,5,175,20250816
ديسار سيرم فيتامين سي 30 مل,60,3,180,20250816
الجو فرشة اسنان اطفال,7.916,12,94.99,20250816
باودر باف مثلثة,15,3,45,20250816
باودر باف 6 قطع,20,3,60,20250816
الو ايفا زيت شعر بالارجان والصبار 170 مل,55,3,165,20250816
بوبانا ماسك انبوبه 150 جرام,45,2,90,20250816
بلوب اكسجين 1.5 لتر,62.5,2,125,20250816
كوكو شمع خرز,110,3,330,20250816
شيت ماسك كوري,25,6,150,20250816
شيري مشط خشب,12.5,4,50,20250816
طقم مشط 8*1,30,1,30,20250816
جومانا حنة للرسم على الجلد,7.5,12,90,20250816
هير دو سيرم للشعر 120 مل,40,3,120,20250816
فرشاة بلاشر صغيرة,40,2,80,20250816
صانسيلك زيت شعر 75 مل,45,6,270,20250816
اكياس جل 13 مل,1.25,24,30,20250816
العراب ماء ورد 250 مل,15,2,30,20250816
ليه كاريتييه بلسم 400 مل,96.5,2,193,20250816
سلاكة اذن خشب حجم متوسط,9.166,11,100.83,20250816
ليه كاريتييه شامبو 400 مل,96.5,2,193,20250816
ايمامي زيت 50 مل,45,2,90,20250816
افوفا بدي سبلاش ميني,20,20,400,20250816
فيانسيه كريم بخاخ 240 مل,42.5,1,42.5,20250816
كوكو سويت كرتون,19.166,12,229.99,20250816
حبر تاتو,15,12,180,20250816
صابونة لبان دكر,15,12,180,20250816
ايفا غسول للوجه ومزيل للمكياج 150 مل,45,6,270,20250816
سكراب كاندي مارشميلو,45,3,135,20250816
مناديل جيب مبللة,3.958,142,562.04,20250816
بلسم ORS أرجان 400 مل,90,1,90,20250816
دير غسول للبشرة الدهنية 200 مل,125,2,250,20250816
ايفا اسيتون 100 مل,45,1,45,20250816
واتسونز سبلاش 250 مل,40,6,240,20250816
واتسونز سبلاش 250 مل,75,1,75,20250816
فوج اسبراي 120 مل,89,1,89,20250816
ايمامي زيت شعر 100 مل,76,2,152,20250816
ستارفيل صابونة تفتيح 90 جرام,35,2,70,20250816
بيلا سبلاش 125 مل,35,1,35,20250816
كحل بنجور ماتيك,15,1,15,20250815
شاور جل لوزان 2.25 لتر,65,1,65,20250815
بيو سوفت حمام كريم,85,1,85,20250815
افوفا شفرات حريمي (كيس اخضر) 4 + 1,60,1,60,20250815
روج سندرا سايل 549,45,1,45,20250815
بوبانا بدي سبلاش 250 مل,115,4,460,20250815
بندولين مناديل 70 ق,75,1,75,20250815
بندولين شاور للجسم 300 مل,135,1,135,20250815
لاصق حبوب,40,1,40,20250815
سلاكة اذن خشب حجم متوسط,15,1,15,20250815
كحول ايثيلي 70% 100 مل,15,1,15,20250815
بنسة شعر Ball Tip,4.5,12,54,20250815
مروحة يد,35,1,35,20250815
شنطة 50 توكة,20,1,20,20250815
انيزيو صن سكرين كريم جل 50 جرام,225,1,225,20250815
دبوس حجاب 4 على كارت,2.916,22,64.15,20250815
بندولين كريم حماية منطقة الحفاض 75 مل,100,1,100,20250815
ارت اسبراي اماراتي 200 مل,70,5,350,20250815
شيلز اسبراي 175 مل,60,6,360,20250815
فلوريا اسبراي اماراتي 200 مل,88,7,616,20250815
AM اسبلاش 150 مل,65,12,780,20250815
نايلا سبراي اماراتي 200 مل,78,9,702,20250815
بدي ليشيوس بدي اسبلاش 100 مل,96,10,960,20250815
فوالا بدي اسبلاش 250 مل,130,10,1300,20250815
بيك اسبراي 200 مل,71.5,12,858,20250815
برفان 60 مل,35,35,1225,20250815
مبرد قدم خشب,15,3,45,20250815
سيتواه لاصقة بثور انف 3 قطع,50,3,150,20250815
لافوالا برفان اماراتي 100 مل,105,10,1050,20250815
صابونة هارموني,15,6,90,20250815
صابونة هارموني,20,1,20,20250815
كيسيم اسبراي 75 مل,22.5,12,270,20250815
كيسيم اسبراي اماراتي  150 مل,50,31,1550,20250815
همس بدي سبلاش,20,18,360,20250815
توكة منقار كريز على الكارت,15,12,180,20250815
ستيفز كريم تجديد الكولاجين و مرطب الايلاستين للبشرة,22.5,8,180,20250815
عطور الشامي رول اون,20,23,460,20250815
العقيق برفان اماراتي 100 مل,105,21,2205,20250815
كشمير رول اون 10 مل,16.666,22,366.65,20250815
خالص برفان اماراتي 100 مل,110,10,1100,20250815
شيلز اسبراي اماراتي 175 مل,55,6,330,20250815
فريش مناديل مبللة 120 منديل,25,2,50,20250815
علبة دبوس طرحة بيضاوية صغيرة,3,48,144,20250815
دبوس حجاب سيراميك 3 على كارت,6,24,144,20250815
حلق اشكال RT استانليس,85,2,170,20250815
بنسة شعر جلوريا,7,12,84,20250815
جولي فرشاة شعر بيضاوية,25,4,100,20250815
جولي فرشاة شعر مربعة,27.5,3,82.5,20250815
كوين - توين بليد شفرات 4 قطعة,35,3,105,20250815
فينوس شفرات 4 قطع,75,7,525,20250815
كوين شفرات 5 قطع,18,4,72,20250815
كوين شفرات بالصبار 4 قطع,35,6,210,20250815
علبة دبوس طرحة مربعة صغيرة,1.75,39,68.25,20250815
بونيتا فرشاة شعر دائرية,35,3,105,20250815
رسومات حنة و تاتو,8,12,96,20250815
طوق alo,18,12,216,20250815
سورتيت alo عريض سادة,35,1,35,20250815
سورتيت alo عريض سادة,35,1,35,20250815
قطعة حلق تكة استانليس,35,1,35,20250815
قطعة حلق تكة استانليس,18,12,216,20250814
ازها رول اون عرض 2,180,1,180,20250814
طقم باديكير (مبرد + قصافة جلد + مجمل جلد),35,2,70,20250814
حلق 3 * 1 استانليس على كارت,17.5,8,140,20250814
كحل جرس الماني,10.416,24,249.98,20250814
ام ان ديب ايلاينر,44,4,176,20250814
ام ان بودرة حواجب رباعية,49,2,98,20250814
حلق دلاية سلسلة استانليس,55,5,275,20250814
ام ان بودرة حواجب ذهبي,59,3,177,20250814
سلسله حرف استانليس,70,1,70,20250814
سورتيت alo عريض سادة,25,11,275,20250814
استك ستان ابيض سادة,4,12,48,20250814
بكر شعر 3 قطعة,16,6,96,20250814
سورتيت alo فيونكة,30,12,360,20250814
لفايف للشعر الكيرلي,30,6,180,20250814
خاتم عقلة,8,12,96,20250814
طقم باديكير 7*1,30,2,60,20250814
طقم باديكير معدن,35,1,35,20250814
سيلكا فرشاة فك تشابك,25,12,300,20250814
استك مجموعات صغير 24 قطعة,7,24,168,20250814
استك ستان الوان سادة,7,12,84,20250814
ام ان ايلاينر روز جولد,52,3,156,20250814
ام ان ايلاينر ديناميك مط,53,3,159,20250814
سورتيت اطفال سادة الوان,7,12,84,20250814
توكة شعر كريز,8.5,12,102,20250814
توكة شعر منقطة,4,12,48,20250814
استك الوان 3,6,10,60,20250814
خاتم توينز استانليس,35,11,385,20250814
بونيتا فرشاة شعر مربعة,27.5,3,82.5,20250814
سورتيت عريض منقوش,15,12,180,20250814
سورتيت عريض منقوش,30,1,30,20250814
ام ان مشط خشب,10,12,120,20250814
بونيتا فرشاة شعر بيضاء,30,2,60,20250814
بونيتا فرشاة شعر بيضاء,30,1,30,20250814
جواشا حجر رخام,22.5,6,135,20250814
باراشوت جولد كريم 140 مل,40,2,80,20250814
ايفا بدي سكراب 250 جرام,90,3,270,20250814
اسورة اشكال استانليس,50,4,200,20250814
خلخال أشكال استانليس,50,2,100,20250814
خلخال حمصة استانليس,30,1,30,20250814
اسورة مسمار استانليس,45,2,90,20250814
حلق وردة استانليس,20,2,40,20250814
خاتم فراشة استانليس,30,11,330,20250814
سمارت براش فرشاة فك تشابك,40,6,240,20250814
سمارت براش فرشاة فك تشابك,60,1,60,20250814
سمارت براش فرشاة فك تشابك,60,2,120,20250814
دبلة حريمي استانليس,25,24,600,20250814
حلق تايجر,50,1,50,20250814
قطعة دبوس تركي للحجاب,2.25,23,51.75,20250814
فرشاة تدليك سيليكون بيد,30,6,180,20250814
غويشة كبيرة استانليس,40,1,40,20250814
اسورة ابيض استانليس,100,1,100,20250814
اسورة كوين استانليس,65,1,65,20250814
انسيال شداد,50,1,50,20250814
بونيه ستان,35,6,210,20250814
غويشة ذهبي فصوص,100,1,100,20250814
حلق كبير استانليس,45,1,45,20250814
حلق طويل فراشه استانليس,80,1,80,20250814
غويشة ذهبي استانليس,80,2,160,20250814
حلق طويل اشكال استانليس,120,2,240,20250814
حلق عملة استانليس,40,1,40,20250814
مقص حواجب + مشط,20,12,240,20250814
كتافة,60,1,60,20250814
غويشه فراشه استانليس,70,1,70,20250814
انسيال استانليس 3*1,60,1,60,20250814
حلق طويل استانليس,70,2,140,20250814
اسورة جلد * استانليس شداد,70,1,70,20250814
استيك مجموعات كبير اسود 6 ق,3,11,33,20250814
اماندا مرطب شفاه,22,36,792,20250814
دكتور راشيل سيرم برايمر 100 مل,178,1,178,20250814
دكتور راشيل سيرم فيتامين سي 50 مل,165,1,165,20250814
ساندرا ليب جلوس شفاف,45,1,45,20250814
نابلسي شاهين صابونة 85 جرام,10,1,10,20250814
مايت سينما ليب جلوس,35,1,35,20250814
العود الملكي مخمرية 40 جرام,23.333,24,559.99,20250814
صابونة العرقسوس,25,1,25,20250814
مايت سينما ايلاينر,75,1,75,20250814
مايت سينما ايلاينر,58,3,174,20250814
مروحة يد,20,34,680,20250814
مروحة يد,35,1,35,20250814
خاتم اكسسوار,30,1,30,20250814
كليويل محلول عدسات كوري 150 مل + حافظة عدسات,45,1,45,20250814
عدسات فريش ليدي,90,1,90,20250814
فا رول اون,43.5,12,522,20250814
حافظة عدسات فاكيوم,25,1,25,20250814
ام ان مصحح حواجب,48,6,288,20250814
روز بيري كحل,65,1,65,20250814
لطافة برفان,40,1,40,20250814
فرشاة اسنان HASI,30,1,30,20250814
ماي واي مزيل عرق كريم سبرنج 40 مل,30,1,30,20250814
لانكوم برفان 30 مل,75,1,75,20250814
مور مناديل مبللة للاطفال 72 منديل,25,1,25,20250814
الوفيرا جل صبار 250 مل,25,1,25,20250814
ايفا بدي لوشن,150,1,150,20250814
حرير سويت,13.75,12,165,20250814
ام ان كحل ماتك,52,6,312,20250814
ازها رول اون 60 مل,90,4,360,20250814
باليت صبغة شعر,95,1,95,20250814
بوبانا مزيل عرق رول اون 50 مل,47,5,235,20250814
بوبانا مزيل عرق رول اون 50 مل,65,1,65,20250814
افوفا سويت عجينة,30,1,30,20250814
ليب بالم تاناكو كوري,25,1,25,20250814
مود شاور جل 750 جرام,80,2,160,20250814
افوفا شفرات حريمي (كيس اخضر) 4 + 1,42.5,3,127.5,20250814
بيو سوفت حمام كريم,70,2,140,20250814
فلومار اكلادور 16 مل,20,1,20,20250814
فلومار اكلادور 16 مل,20,1,20,20250814
فلومار اكلادور 16 مل,20,1,20,20250814
اكلادور فيت مي,25,1,25,20250814
تمارا كريم شعر 170 مل,21,6,126,20250813
كحل بنجور ماتيك,8,12,96,20250813
ايفا ريسبي شامبو  350 مل,87,12,1044,20250813
فلومار اكلادور 16 مل,12,45,540,20250813
افوفا شفرات حريمي (كيس اخضر) 4 + 1,42.5,7,297.5,20250813
فلامنجو شفرات,12.5,12,150,20250813
مود شاور جل 750 جرام,65,2,130,20250813
اليس شفرات وجه 3 ق علبة موف,50,1,50,20250813
ايلاينر ام ان ديناميك 4134,65,1,65,20250813
بيوتي بلندر,6,48,288,20250813
مخمرية مزيل عرق ديار القرشي,35,1,35,20250813
كير اند مور كريم مرطب  75 مل,29,11,319,20250813
بوبانا ماسك طمي قناع برطمان  400 جرام,42.5,2,85,20250813
بدي ليشيوس رول اون,45,6,270,20250813
باليت صبغة شعر,78,17,1326,20250813
ايفا بلسم ريسبي 350 مل,89,12,1068,20250813
بايجن صبغة حواجب,60,3,180,20250813
ديما مسك طهارة ابيض+رمان,45,1,45,20250813
هيمالايا كريم شعر 210 مل,75,1,75,20250813
بايو سوفت جل صبار 500 مل,60,3,180,20250813
ايفا بدي سبلاش 240 مل,159.25,4,637,20250813
ايفا بدي سبلاش 240 مل,190,1,190,20250813
الو ايفا حمام كريم 250 جم,57,3,171,20250813
الو ايفا حمام كريم 250 جم,70,1,70,20250813
الوفيرا جل صبار 250 مل,15,6,90,20250813
تينكل شفرات وجه 3 قطع,10,12,120,20250813
فاتيكا كريم شعر 125 مل,48,12,576,20250813
توكة وردة تريندي,9.5,36,342,20250813
املاح باديكير فوارة 950 جم,15,3,45,20250813
تناية رموش معدن,15.5,3,46.5,20250813
دون برفان اماراتي,120,1,120,20250813
لاصق حبوب,20,12,240,20250813
الو ايفا بديل الزيت بخلاصة الصبار 250 مل,90,1,90,20250813
ايفا كريم شعر بالعسل 85 جرام,37.5,2,75,20250813
سلاكة اذن  خشب شكل قلب,7.5,11,82.5,20250813
ايفا كريم مرطب 50 جم,21,6,126,20250813
ارت بيوتي روج برفان 100 مل,250,1,250,20250813
ميدالية كريز صغيرة,40,6,240,20250813
سلسلة كريز ظهر حية استانليس,55,6,330,20250813
مايت سينما ليفتر جلوس كريستال,41.5,24,996,20250813
كوكو واكس مناديل شمع,27.5,3,82.5,20250813
العود الملكي مخمرية 40 جرام,35,1,35,20250813
مبرد أظافر,6.66,4,26.64,20250813
افوفا شفرات للبشرة الحساسة (كيس بينك) 5*1,26,4,104,20250813
روز بيري تنت سحري بخاخ 30 مل,130,1,130,20250813
ام ان قلم كحل + براية,60,1,60,20250813
تترا هيدرو غسول كريمي للبشرة 200 مل,110,1,110,20250813
كوكو واكس,37.5,6,225,20250813
سلسله حرف استانليس,27.5,1,27.5,20250813
مبرد قدم 4 * 1,13,12,156,20250813
حلق 3 قطع استانليس على كارت,75,3,225,20250813
حلق دلاية استانليس,40,7,280,20250813
ملقاط تويزرز,8,14,112,20250813
سلسلة دلاية وردة استانليس,45,4,180,20250813
سلسلة شعاع استانليس,45,3,135,20250813
سلسلة حرف+قلب 2 دور استانليس,57.5,2,115,20250813
قفاش وردة تريندي 3 على كارت,18.33,11,201.63,20250813
توكة وردة تريندي منقطة,12,13,156,20250813
قفاش وردة تريندي صغير,5,14,70,20250813
طقم سلسله + حلق استانليس,30,8,240,20250813
سلسلة بلغاري استانليس,45,3,135,20250813
انسيال استانليس,57.5,12,690,20250813
محفظة حريمي كبسولة,95,5,475,20250813
محفظة حريمي 2 سوستة,70,5,350,20250813
اظافر يد,12.083,23,277.91,20250813
محفظة حريمي كبسوله كبيره,115,12,1380,20250813
سلسلة حرف+قلب استانليس,45,4,180,20250813
سلسلة 2 دور استانليس,65,8,520,20250813
سلسلة قلب ستانلس,27.5,5,137.5,20250813
ايفا كريم مرطب 20 جرام,10.5,9,94.5,20250813
ليزر روج خشب,12.5,12,150,20250813
املاح استحمام فوارة تريند 850 جرام,20,3,60,20250813
ايفا كريم شعر بالعسل 45 جرام,25.25,4,101,20250813
اسبلاش سيليكتف,120,12,1440,20250813
الو ايفا كريم شعر بالصبار 45 جرام,27.833,6,167,20250813
تينكل شفرات وجه 3 قطع اوريجينال,70,6,420,20250813
ايمامي زيت شعر 7 اويلز 19 مل,16,12,192,20250813
ايمامي زيت شعر 7 اويلز 300 مل,196,1,196,20250813
ايفا كريم شعر بالعسل 185 جرام,68.5,2,137,20250813
فلورمار روج خشب,12.5,10,125,20250813
ليه كاريتييه كريم شعر 180 مل,53.5,3,160.5,20250813
ايفا كريم شعر بالصبار 185 جرام,53.5,2,107,20250813
ايفا شيت ماسك 3*1,73.33,7,513.31,20250812
بندولين شامبو اطفال 250 مل,115,2,230,20250812
ستارفيل شيت ماسك,38,6,228,20250812
ايفا بدي لوشن,120,4,480,20250812
بندولين شامبو أطفال 450 مل,153.5,2,307,20250812
ايفا شاور كريم استحمام 250 مل,80,2,160,20250812
بوبانا شيت ماسك كيس,40,1,40,20250808
فوج اسبراي 120 مل,110,1,110,20250808
دودج ليف ان كريم 250 مل,50,1,50,20250808
كير اند مور مرطب 75 مل,35,1,35,20250808
سيبال ليفل اب مسكرة  اوريجينال,230,1,230,20250808
فيانسيه كريم بخاخ 240 مل,55,1,55,20250808
مناديل اسيتون,20,1,20,20250808
ارينا مناديل سحب 550 منديل,25,1,25,20250808
بونيتا فرشاة شعر خشب,80,1,80,20250808
ام ان بلاشر B704,50,1,50,20250808
زاك رول اون 50 مل,70,1,70,20250808
زاك رول اون 50 مل,70,1,70,20250807
مايت سينما ليب جلوس,35,1,35,20250807
مولفيكس مقاس (2) نصف عبوة,131.5,1,131.5,20250807
قطعة مولفيكس مقاس (2),4.38,30,131.4,20250807
قطعة مولفيكس مقاس (2),7.5,2,15,20250807
مايت سينما ايلاينر,75,1,75,20250807
شان كريم مرطب,150,1,150,20250807
مبرد 6*1,25,1,25,20250807
بريتي وومان روج  دبل,50,1,50,20250807
فريدا شاور جل 1200 مل,135,1,135,20250807
ايفا غسول للوجه ومزيل للمكياج 150 مل,60,1,60,20250807
فلومار اكلادور 16 مل,20,1,20,20250807
ايشادو مايبلين,95,1,95,20250807
ايسنس برنسيس مسكره,65,1,65,20250807
الصاروخ لاصق اظافر,10,1,10,20250807
بندولين مناديل 70 ق,75,1,75,20250807
بوبانا ليف ان + شامبو 100 مل,110,1,110,20250807
باليت صبغة شعر,95,1,95,20250806
بوبانا ماسك طمي قناع برطمان  400 جرام,75,1,75,20250806
ستارفيل جل مرطب هيدراتنج 100 مل انبوبه,175,1,175,20250806
اوليف فرد شعر ORS,170,1,170,20250806
صوفي حفاضات نسائية طويل 16 قطعة,45,1,45,20250806
ام ان كحل ماتك,60,1,60,20250806
الو ايفا شامبو بالارجان 230 مل,75,1,75,20250806
نابلسي شاهين صابونة 85 جرام,10,1,10,20250806
اصداف اسبراي 200 مل,110,1,110,20250806
ماي واي سبراي 125 مل,95,1,95,20250806
مايت سينما ليب جلوس,35,1,35,20250805
دكتور راشيل سيرم فيتامين سي 50 مل,170,1,170,20250805
شيجلام مسكرة دبل,85,1,85,20250805
حلق فراشة استانليس,45,1,45,20250805
افوفا شفرات للبشرة الحساسة (كيس بينك) 5*1,40,1,40,20250805
دبوس حجاب 4 على كارت,25,1,25,20250805
ايفا كريم شعر بالصبار 85 جرام,50,1,50,20250805
مناديل اسيتون,20,1,20,20250805
فاتيكا جل انبوبة 250 مل,35,1,35,20250805
روج خشب ارت سكين 971078,35,1,35,20250805
روج خشب ارت سكين 971078,35,1,35,20250805
مخمرية مزيل عرق ديار القرشي,35,1,35,20250805
ملمع سندرا 410,45,1,45,20250805
لونا صابون عرض 2*1 72 جرام,55,1,55,20250805
بونابيلا حمام كريم كيس,15,1,15,20250805
سكراب كاندي مارشميلو,60,1,60,20250805
مبرد قدم بارز كبير,35,1,35,20250804
بدي ليشيوس رول اون,60,1,60,20250804
بدي ليشيوس رول اون,60,1,60,20250804
ساندرا روج استيك 434,40,2,80,20250804
بلاشر ستيك كيس بيوتي 51050,70,1,70,20250804
ايلاينر ام ان ديناميك 4134,65,1,65,20250804
بيوتي بلندر,15,1,15,20250804
فلومار اكلادور 16 مل,20,1,20,20250804
بيو سوفت حمام كريم,85,1,85,20250804
افوفا شفرات حريمي (كيس اخضر) 4 + 1,60,1,60,20250804
كيس بيوتي ليب سيرم,40,1,40,20250804
ام ان مصحح حواجب,60,1,60,20250804
العراب ماء ورد 250 مل,25,1,25,20250804
مزيل طلاء اظافر,15,1,15,20250804
الوفيرا جل صبار 250 مل,25,1,25,20250804
كلبس وردة فسفور,25,1,25,20250804
اليس بايو سوفت قطن 70 ق,45,1,45,20250804
فلامنجو شفرات 3 قطع اوريجنال,225,1,225,20250804
ام ان كومباكت بودر,80,1,80,20250804
شيجلام مسكرة دبل,85,1,85,20250804
ترينا شفرات تركي اوريجنال 2*1,200,1,200,20250804
قرص شيت ماسك مضغوط,5,7,35,20250803
حرير سويت,25,1,25,20250803
بريتي وومن مصحح  3 لون,65,1,65,20250803
بيلا سبلاش 125 مل,35,1,35,20250803
اليس شفرات وجه 3 ق علبة موف,50,1,50,20250803
باليت صبغة شعر,95,1,95,20250803
اليس بايو سوفت قطن 150 ق,75,1,75,20250802
برفان قلم 35 مل,35,1,35,20250802
برفان قلم 35 مل,35,1,35,20250802
مخمرية مزيل عرق ديار القرشي,35,1,35,20250802
مخمرية مزيل عرق ديار القرشي,35,1,35,20250802
بيلا سبلاش 125 مل,35,3,105,20250802
كيس بيوتي ليب سيرم,40,1,40,20250802
كيس بيوتي ليب سيرم,40,2,80,20250802
لونا مرطب يد وجسم 75 جم,50,1,50,20250802
كوكو اسبراي 120 مل,100,1,100,20250802
كوكو اسبراي 120 مل,100,1,100,20250802
جومانا حنة اظافر,15,1,15,20250802
خاتم فري سايز,50,1,50,20250802
خاتم اطفال,10,1,10,20250802
خاتم اطفال,10,1,10,20250802
سلسلة mka,35,1,35,20250802
كلبس,35,1,35,20250802
كير اند مور مرطب 75 مل,35,1,35,20250802
لانكوم برفان 30 مل,75,1,75,20250802
لاميس برفان اماراتي بلوزيز 100 مل,400,1,400,20250802
اسبراي ايمبر 200 مل,120,1,120,20250802
كال برفان جيب 20 مل,30,2,60,20250802
لاميس برفان اماراتي اليستريوس 100 مل,400,1,400,20250802
سجدة توكة ستان,25,2,50,20250802
دوش شاور جل 1.8 لتر,115,1,115,20250802
ارينا مناديل سحب 550 منديل,25,1,25,20250801
حرير سويت,25,1,25,20250801
صوفي حفاضات نسائية طويل 16 قطعة,45,1,45,20250801
صوفي حفاضات نسائية طويل 16 قطعة,45,2,90,20250801
صوفي حفاضات نسائية طويل 16 قطعة,45,1,45,20250801
دبابيس,10,1,10,20250801
الو ايفا شامبو بالارجان 230 مل,75,1,75,20250801
برايمر بيبي سكين,25,1,25,20250801
تمارا كريم شعر 170 مل,35,1,35,20250801
كونسيلر سندرا 553,45,1,45,20250801
ساندرا روج استيك 434,40,1,40,20250801
روج سندرا سايل 549,45,1,45,20250801
شيجلام لفتر انبوبة 100200,30,1,30,20250801
ايمامي زيت شعر 100 مل,110,1,110,20250801
ايفا رول اون مزيل رائحة عرق,100,1,100,20250801
كونتيسا صبغة شعر,85,1,85,20250801
ديسار كريم تفتيح فيتامين سي 50 جرام,150,1,150,20250801
هيمالايا كريم شعر 140 مل,60,1,60,20250801
ربيع الحرمين مكعبات مسك,10,1,10,20250801
ديما مسك طهارة ابيض+رمان,45,1,45,20250731
فاتيكا شامبو 360 مل,60,1,60,20250731
يوكو كريم مبيض للايدي والاظافر,65,1,65,20250731
ايفا بلسم ريسبي 350 مل,120,1,120,20250731
الصاروخ لاصق اظافر,10,1,10,20250731
الصاروخ لاصق اظافر,10,1,10,20250731
كلينج باد غسول + فرشة ماسك دبل,20,1,20,20250731
بريتي وومن روج ستيك,40,1,40,20250731
برفان قلم 35 مل,35,1,35,20250731
مسكره بريتي وومان 010,80,1,80,20250731
ماي دهب شاور جل 2 لتر,40,1,40,20250731
افوفا شفرات حريمي (كيس اخضر) 4 + 1,60,1,60,20250731
اكلادور فيت مي,25,1,25,20250731
اكلادور فيت مي,25,1,25,20250731
مكواة شعر MAVI,1150,1,1150,20250731
ايفا ريسبي شامبو  350 مل,120,1,120,20250731
كلبسات شعر بلاستيك,30,1,30,20250731
الو ايفا شامبو بالارجان 230 مل,75,1,75,20250731
العراب ماء ورد 250 مل,25,1,25,20250731
فا رول اون,55,1,55,20250731
لوريال الفيف شامبو 400 مل,120,1,120,20250731
دودج بلسم 500 مل,60,1,60,20250731
دراكون رول اون,160,1,160,20250731
دارلين كعب غزال 150 مل,30,1,30,20250731
الوفيرا جل صبار 250 مل,25,1,25,20250731
ليلاك رول اون 50 مل,230,1,230,20250731
تينكل شفرات وجه 3 قطع,20,1,20,20250731
استك 281-5,10,2,20,20250731
صابونة حليب الامارات,40,1,40,20250731
فريدا شاور جل 3 لتر,285,1,285,20250731
سجدة توكة ستان,25,1,25,20250731
فرشاة موهير دوارة,560,1,560,20250731
فرشاة موهير دوارة,650,1,650,20250731
حلق فراشة استانليس,45,1,45,20250731
كاندي كريم تفتيح 50 جم,120,1,120,20250731
دوش شاور جل 1.8 لتر,115,1,115,20250731
دبوس حجاب 4 على كارت,25,1,25,20250731
العود الملكي مخمرية 40 جرام,35,1,35,20250731
مبرد أظافر,10,1,10,20250731
صانسيلك شامبو 1 لتر,220,1,220,20250731
دكتور راشيل سيرم برايمر 100 مل,220,1,220,20250731
قرص شيت ماسك مضغوط,5,1,5,20250731
قرص شيت ماسك مضغوط,5,2,10,20250731
ريفولي شاور جل 1 لتر,95,1,95,20250731
ايفا شيت ماسك 3*1,90,1,90,20250731
ام ان قلم كحل + براية,60,1,60,20250731
باراشوت زيت شعر 200 مل,130,1,130,20250731
فيبيكس رول اون 48 ساعة 50 مل,60,1,60,20250731
هاندي مناديل جيب 120 منديل,10,1,10,20250730
فيانسيه شامبو 7*1 7 مل,1,2,2,20250730
مايت سينما ليب جلوس,35,1,35,20250730
صانسيلك شامبو 1 لتر,167,2,334,20250730
العود الملكي مخمرية 40 جرام,35,2,70,20250730
نودي بيوتي مخمرية 50 جرام,40,1,40,20250730
قطعة دبوس حجاب,2.75,8,22,20250730
شنطة مكياج,3.5,2,7,20250730
ديرما بلاننج,5,6,30,20250730
مبرد اظافر 3 قطع,30,1,30,20250730
كوكو واكس شيت,60,1,60,20250730
معجون اسنان فلورو اطفال,22,2,44,20250730
كير اند مور مرطب 75 مل,35,3,105,20250730
فيانسيه كريم بخاخ 240 مل,55,1,55,20250730
212 sexy برفان,40,1,40,20250730
روز بيري قلم حواجب دبل ثابت,125,1,125,20250730
دراكون رول اون 1,100,1,100,20250730
خاتم اكسسوار,17.5,1,17.5,20250730
جود كير بكر تواليت 2 قطعة,15,1,15,20250730
كال سبراي 125 مل,95,1,95,20250730
تريشوب شامبو 200 مل,65,1,65,20250730
سلاكة اذن  خشب شكل قلب,10,2,20,20250730
شامبو سترونج فيل 220 مل,130,1,130,20250730
ستارفيل صابونة تفتيح 90 جرام,50,1,50,20250730
كريم اساس مونايا انبوبه,50,1,50,20250730
فاتيكا حمام كريم 450 جم,70,1,70,20250730
فلامنجو شفرات,30,3,90,20250730
فاتيكا حمام كريم 1 كيلو,135,1,135,20250730
فاتيكا حمام كريم 1 كيلو,135,1,135,20250730
لاشير مثبت مكياج 13,85,1,85,20250730
برفان قلم 35 مل,35,1,35,20250730
بيبي روز كونسيلر  002,75,1,75,20250730
شيجلام ملمع شفايف 8861,45,1,45,20250730
بلاشر ستيك كيس بيوتي 51050,70,1,70,20250730
تولين سبلاش سو سيكسي,125,1,125,20250730
كير اند مور كريم مرطب  75 مل,35,1,35,20250730
بوبانا كريم اليدين مرطب 50 مل,60,3,180,20250730
ايفا بلسم ريسبي 350 مل,120,1,120,20250730
لاسيدا مناديل مبللة 120 منديل,25,1,25,20250730
بلسم ORS أرجان 400 مل,95,1,95,20250730
مناديل جيب مبللة,7.5,1,7.5,20250730
كوكو اسبراي 120 مل,100,1,100,20250729
كوكو اسبراي 120 مل,100,1,100,20250729
اليس فرشاة خشب + مشط خشب,170,1,170,20250729
خاتم فري سايز,50,1,50,20250729
لاصق حبوب,35,2,70,20250729
كوكو سويت كرتون,30,1,30,20250729
لاصقة بثور للأنف,25,2,50,20250729
ام ان كحل ماتك,60,1,60,20250728
كليوباترا بلسم 500 مل,60,1,60,20250728
روز بيري قلم حواجب دبل ثابت,125,1,125,20250728
كيس بيوتي ليب سيرم,40,1,40,20250728
صانسيلك زيت شعر 250 مل,90,1,90,20250728
خاتم اطفال,10,1,10,20250728
براشوت جولد كريم شعر210 مل,70,1,70,20250728
سوبر كيدز رول اون مزيل عرق,85,1,85,20250728
ليب بالم تاناكو كوري,25,1,25,20250728
كونسيلر سندرا 553,45,1,45,20250728
شيجلام روج خشب,30,1,30,20250728
ايلاينر ام ان ديناميك 4134,65,1,65,20250728
افوفا شفرات حريمي (كيس اخضر) 4 + 1,60,1,60,20250728
كحل بنجور ماتيك,15,1,15,20250728
كحل بنجور ماتيك,15,1,15,20250727
تمارا كريم شعر 170 مل,35,1,35,20250727
فلومار اكلادور 16 مل,20,1,20,20250727
مخمرية مزيل عرق ديار القرشي,35,1,35,20250727
ملمع سندرا 550,50,1,50,20250727
شيجلام لفتر انبوبة 100200,30,2,60,20250727
روج سندرا سايل 549,45,1,45,20250727
ملمع سندرا 410,45,1,45,20250727
بايجن صبغة حواجب,85,1,85,20250727
بوبانا شيت ماسك كيس,40,1,40,20250727
الصاروخ لاصق اظافر,10,1,10,20250727
الصاروخ لاصق اظافر,10,1,10,20250727
بدي ليشيوس رول اون,60,1,60,20250727
شان جل مرطب 60 جرام,100,1,100,20250727
كحول ايثيلي 70% 100 مل,15,1,15,20250727
سلسلة mka,35,1,35,20250727
حلق 3*1,30,1,30,20250727
فوطة ميكرو فايبر,55,1,55,20250727
مناديل اسيتون,20,1,20,20250727
حافظة عدسات فاكيوم,25,1,25,20250727
مسك دون,35,1,35,20250727
كلبس  TK,25,1,25,20250727
استك 281-5,10,1,10,20250727
كلبس وردة فسفور,25,1,25,20250727
كلبس وردة فسفور,25,1,25,20250727
كلبس وردة فسفور,25,1,25,20250727
كلبس,35,1,35,20250727
كلبس فيونكة,15,1,15,20250727
طوق,25,1,25,20250727
مور مناديل مبللة للاطفال 72 منديل,25,1,25,20250727
جلافز استحمام RS,55,1,55,20250727
كوكو واكس مناديل شمع,40,1,40,20250727
شنطة 50 توكة,20,1,20,20250727
كاريت ليب سيرم,60,1,60,20250727
بيبي روز تنت سحري,100,1,100,20250727
حلق فراشة استانليس,45,1,45,20250727
حلق فراشة استانليس,45,1,45,20250727
دبوس حجاب 4 على كارت,25,1,25,20250727
خاتم فري سايز,50,1,50,20250726
بيلا سبلاش 125 مل,35,1,35,20250726
روج سندرا سايل 518,45,1,45,20250725
فلومار اكلادور 16 مل,20,2,40,20250725
ملمع سندرا 550,50,1,50,20250725
مخمرية مزيل عرق ديار القرشي,35,1,35,20250725
غارنييه صبغة شعر,130,1,130,20250725
هيمالايا كريم شعر 140 مل,60,1,60,20250725
خاتم اكسسوار,30,1,30,20250725
خاتم اطفال,10,2,20,20250725
فا رول اون,55,1,55,20250725
كولاجرا رول اون رجالي 60 مل,100,1,100,20250725
بريتي وومان روج  دبل,50,1,50,20250725
ماي واي شاور جل  تندر 2 لتر,110,1,110,20250725
فريدا معطر جو,60,1,60,20250725
اكسلانت جل 500 جرام,45,1,45,20250725
استيك PETIT SWEET,10,2,20,20250725
روز بيري ايلاينر لون اسود,85,1,85,20250725
بدي سبلاش ميني 40 مل,50,1,50,20250725
ايفا شاور جل لتر,110,1,110,20250724
اليس شفرات 5 موس AS-23,100,1,100,20250724
مايت سينما ليب جلوس,35,1,35,20250724
تمارا كريم حلاقة,25,1,25,20250724
كليوباترا شامبو 500 مل,60,1,60,20250724
انفنيتي رول اون 80 مل,90,1,90,20250724
كيس بيوتي ليب سيرم,40,1,40,20250724
مرطب لونا للبشرة 50 جرام,45,1,45,20250724
لطافة برفان يارا,350,1,350,20250724
كونسيلر سندرا 553,45,1,45,20250724
روج سندرا سايل 549,45,1,45,20250724
اليس شفرات وجه 3 ق علبة موف,50,1,50,20250724
ملقاط ار جي 221,21,1,21,20250724
ملقاط ار جي 221,35,1,35,20250724
ملقاط ار جي 603,30,1,30,20250724
مناديل جيب مبللة,7.5,1,7.5,20250723
دهب ليفة كف,35,1,35,20250723
باليت صبغة شعر,95,1,95,20250723
مبرد قدم بارز كبير,35,1,35,20250723
دبابيس,10,1,10,20250723
حلق فص,25,1,25,20250723
حرير سويت,25,6,150,20250723
ايفا بدي سبلاش 240 مل,190,1,190,20250714
فريدا شاور جل 1200 مل,135,1,135,20250714
كليوباترا بلسم 500 مل,41,1,41,20250714
كوين شفرات 10 ق,60,1,60,20250714
استك 281-5,10,1,10,20250714
كليوباترا حمام كريم 700 مل,65,1,65,20250714
بريتي وومن مناديل ازالة مكياج,5,1,5,20250714
شنطة مكياج,15,1,15,20250714
كولاجرا رول اون كوتون كاندي,120,1,120,20250714
دبابيس,10,1,10,20250714
خاتم اطفال,10,1,10,20250714
نوراي مناديل,20,1,20,20250714
توكة وردة تريندي,25,1,25,20250714
فرشة شعر ار جي 119,80,1,80,20250714
فلومار اكلادور 16 مل,20,1,20,20250714
بيو سوفت حمام كريم,85,1,85,20250714
كحل بنجور ماتيك,15,1,15,20250714
كحل ام ان 161,20,1,20,20250714
روج خشب ارت سكين 971078,35,1,35,20250714
ليدي موديل روج خشب 70,25,1,25,20250714
روج ستيك روز جولد 180,65,1,65,20250714
سبلاش 125 مل,35,1,35,20250714
مثبت مكياج دايموند 682,120,1,120,20250714
فاتيكا كريم كبير 190 جم,65,1,65,20250714
كونسيلر سندرا 553,45,1,45,20250714
كال برفان جيب 20 مل,30,1,30,20250714
ليه كاريتييه سيرم شعر 60 مل,140,1,140,20250714
اماندا مرطب شفاه,30,1,30,20250714
روز بيري ايلاينر لون اسود,60,3,180,20250714
ويت ايفر مصحح حواجب,35,2,70,20250714
لاشير قلم حواجب,49,3,147,20250714
بريتي وومن مصحح حواجب 717,41,1,41,20250714
شيجلام مسكرة شفافة,37.5,6,225,20250714
شيجلام مسكرة دبل,50,2,100,20250714
كارلا روز كونتور 2*1,110,1,110,20250714
ام ان مصحح حواجب كيك,37.5,1,37.5,20250714
مايت سينما ايلاينر,55,3,165,20250714
فاتيكا كريم شعر 210 مل,70,1,70,20250714
العود الملكي مخمرية 40 جرام,24,4,96,20250713
دوش شاور جل 1.8 لتر,91,2,182,20250713
هيربس انديا زيت شعر 180 مل,85,1,85,20250713
روز بيري كحل الوان ووتر بروف,55,1,55,20250713
انيزيو شامبو ضد القشرة 250 مل,175,2,350,20250713
كوكو واكس مناديل شمع,25,2,50,20250713
سجدة توكة ستان,25,4,100,20250713
بالمرز كريم 150 جرام,155,1,155,20250713
هير روتس لوشن شعر 75 مل,285,2,570,20250713
فيانسيه شامبو 7*1 7 مل,1,5,5,20250713
كوكو واكس,55,1,55,20250713
بندولين كريم حماية منطقة الحفاض 75 مل,100,1,100,20250713
شيجلام لفتر انبوبة 100200,30,1,30,20250713
سبلاش 125 مل,35,1,35,20250713
كونسيلر لاست لوك 2019,65,1,65,20250713
بيوتي بلندر,15,1,15,20250713
مود شاور جل 750 جرام,62.5,1,62.5,20250713
تمارا كريم شعر 170 مل,21.75,2,43.5,20250713
ايفا غسول اشراقة طبيعية انبوبة 100 مل,48.5,1,48.5,20250713
ارجان زيت ORS,60,1,60,20250713
ارجان زيت ORS,44.5,3,133.5,20250713
ستارفيل مزيل مكياج 100 مل,75,1,75,20250713
باليت صبغة شعر,95,1,95,20250713
بندولين شامبو أطفال 450 مل,190,1,190,20250713
اليس شفرات ازرق 8+4,115,1,115,20250713
ام ان مصحح حواجب,60,1,60,20250713
برفان لابيدوس 100 مل,85,1,85,20250713
فيانسيه زيت شعر مغذي 175 مل,40,1,40,20250713
كحول ايثيلي 70% 100 مل,15,1,15,20250713
كليوباترا حمام كريم 700 مل,65,1,65,20250713
تينكل شفرات وجه 3 قطع,20,1,20,20250713
كليوباترا شامبو 500 مل,41,2,82,20250713
كليوباترا بلسم 500 مل,60,1,60,20250713
كليوباترا بلسم 500 مل,41,1,41,20250713
فريدا شاور جل 1200 مل,112,1,112,20250713
صوفي حفاضات نسائية طويل 16 قطعة,45,1,45,20250713
ام ان كحل ماتك,60,1,60,20250713
مولبد حفاضات نسائية 18 ق,60,1,60,20250712
كليوباترا شامبو 500 مل,60,1,60,20250712
هدى بيوتي طقم فرش,80,1,80,20250712
شنطة مكياج,15,1,15,20250712
مايت سينما مسكرة شفافة  1148,50,1,50,20250712
ايفا كريم شعر بالعسل 85 جرام,50,1,50,20250712
كولاجرا رول اون رجالي 60 مل,100,1,100,20250712
دندل اعواد قطن 100 عود,15,1,15,20250712
ديما مسك طهارة ابيض+رمان,45,1,45,20250712
طقم فوارغ 5*1,55,1,55,20250712
ايفا اسيتون 100 مل,45,1,45,20250712
لاكشري بدي سبلاش 200 مل,160,1,160,20250712
ملقاط ار جي 221,35,1,35,20250712
روج سحري اخضر,20,2,40,20250712
كريم اساس مونايا انبوبه,50,1,50,20250712
برايمر بيبي سكين,25,1,25,20250712
بيوتي بلندر,15,1,15,20250712
بريتي وومن روج ستيك,35,1,35,20250712
بريتي وومن روج ستيك,35,1,35,20250712
ساندرا روج استيك 434,35,1,35,20250712
هاندي مناديل جيب 120 منديل,10,1,10,20250712
نابلسي شاهين صابونة 85 جرام,10,1,10,20250712
دوش شاور جل 1 لتر,75,1,75,20250711
قرص شيت ماسك مضغوط,5,2,10,20250711
انيزيو شامبو و بلسم لتساقط الشعر 250 مل,168,2,336,20250711
انيزيو لوشن لتساقط الشعر 150 مل,241.5,2,483,20250711
انيزيو كريم تفتيح للبشرة 50 جرام,115.5,2,231,20250711
انيزيو لوشن مرطب للجسم 150 مل,189,2,378,20250711
انيزيو سيرم للشعر 75 مل,252,2,504,20250711
انيزيو صن سكرين كريم جل 50 جرام,157.5,2,315,20250711
انيزيو صن سكرين كريم جل 50 جرام,225,1,225,20250711
انيزيو غسول جل للوجه 200 مل,175,2,350,20250711
انيزيو غسول جل للوجه 200 مل,250,1,250,20250711
روز بيري كريم اساس,125,3,375,20250711
اليس شفرات وجه 3 ق علبة بيينك,65,1,65,20250711
بايجن صبغة حواجب,85,1,85,20250711
بونابيلا حمام كريم كيس,15,1,15,20250711
بونابيلا حمام كريم كيس,15,1,15,20250711
سلطانة برفان اطفال 100 مل,60,1,60,20250711
بريتي وومان روج  دبل,50,1,50,20250711
بلوب بودرة تشقير شعر 40 جرام + 100 مل,35,1,35,20250711
صابونة لبان دكر,15.75,1,15.75,20250711
كليوباترا حمام كريم 700 مل,48,2,96,20250710
كليوباترا شامبو 500 مل,41,2,82,20250710
كليوباترا بلسم 500 مل,41,2,82,20250710
صابونة لبان دكر,15.75,1,15.75,20250710
جي كي صبغة شعر,178,2,356,20250710
ايفا ريسبي لوشن بخاخ 370 مل,132.5,2,265,20250710
مزيل طلاء اظافر,15,1,15,20250710
جومانا حنة اظافر,15,1,15,20250710
بنسة شعر Ball Tip,10,1,10,20250710
دون برفان فرنسي,120,4,480,20250710
المسواك معجون اسنان 120+ 20 جم,45,1,45,20250710
فرشاة اسنان كبار Funny,20,1,20,20250710
لاميس برفان اماراتي بيور بلاك 100 مل,400,1,400,20250710
لاميس برفان اماراتي بيور بلاك 100 مل,265,1,265,20250710
سوبر كيدز 3*1 500 مل,137.5,1,137.5,20250710
بايجن صبغة حواجب,59,2,118,20250710
قطعة مشط شنب,10,1,10,20250710
ايفا غسول اشراقة طبيعية انبوبة 100 مل,48.5,1,48.5,20250710
افوفا سويت عجينة,30,1,30,20250710
طقم فوارغ 5*1,37.5,6,225,20250710
بوبانا صن سكرين 60 جرام,115,1,115,20250710
بوبانا سكراب 300 جرام,70,1,70,20250710
مخمرية مزيل عرق ديار القرشي,22,3,66,20250710
بكيني بتر ميني,50,2,100,20250710
مود شاور جل 750 جرام,62.5,1,62.5,20250710
ايلاينر ام ان ديناميك 4134,65,1,65,20250710
ايفا ريسبي شامبو  350 مل,120,1,120,20250710
بيو سوفت حمام كريم,65,1,65,20250710
كاندي كريم تفتيح 50 جم,95,2,190,20250710
جلافز استحمام RS,45,3,135,20250710
صابونة العرقسوس,20,1,20,20250710
انسام بخور جلاكسي 5 ساعات (عود واحد),11,2,22,20250710
انسام بخور جلاكسي 5 ساعات (عود واحد),15,1,15,20250710
ماسك للعين,20,2,40,20250710
لاصقة بثور للأنف,20,2,40,20250710
فرشاة موهير دوارة,560,1,560,20250710
فرشاة موهير دوارة,650,1,650,20250710
شامبو ORS ارجان 400 مل,82.5,1,82.5,20250710
لاميس برفان اماراتي اليستريوس 100 مل,265,1,265,20250710
طقم فوارغ 2 قطعة,15,2,30,20250710
ارت برفان سيرفيفل 100 مل,95,1,95,20250710
ارت برفان ساحر 100 مل,95,1,95,20250710
شان سيكا كريم 60 جرام,140,1,140,20250710
نابلسي شاهين صابونة 85 جرام,4.75,2,9.5,20250710
ديفول هير ستايلينج كريم اطفال 200 جرام,120,1,120,20250710
حلق فراشة استانليس,45,1,45,20250709
ستارفيل غسول جل 200 مل,125,1,125,20250709
سوبر كيدز 3*1 500 مل,200,1,200,20250709
بونابيلا حمام كريم كيس,15,2,30,20250709
جلوري حنة أكياس,40,1,40,20250709
فرشاة اسنان اطفال FUNNY,15,2,30,20250709
اكسلانت جل 500 جرام,33.5,4,134,20250708
الو ايفا بلسم ارجان 230 مل,61,2,122,20250708
ماي واي مزيل عرق كريم سبرنج 40 مل,23.25,3,69.75,20250708
قفاش,10,1,10,20250708
فريدا شاور جل 650 مل,66.25,1,66.25,20250708
فريدا شاور جل 1200 مل,112,1,112,20250708
الو ايفا حمام كريم 250 جم,59,2,118,20250708
ماي واي شاور جل  2 لتر,100,1,100,20250708
سيبال هوت لاش مسكرة اوريجنال,205,1,205,20250708
فوطة ميكرو فايبر,40,2,80,20250708
سيفورا كحل,65,1,65,20250708
خاتم فري سايز,50,2,100,20250708
مايت سينما بلاشر بودر,55,1,55,20250708
ايفا كريم مرطب 50 جم,21,2,42,20250708
براية كحل,15,1,15,20250708
كوكو اسبراي 120 مل,80.5,2,161,20250708
الو ايفا شامبو بالارجان 230 مل,65,3,195,20250708
الو ايفا بديل الزيت بخلاصة الصبار 250 مل,71,3,213,20250708
ليلاك سيرم بشرة سيكا 30 مل,298,1,298,20250708
سكراب كاندي مارشميلو,46,3,138,20250708
بوبانا ملح حليب كيس,26.5,3,79.5,20250708
ايفا اسيتون 100 مل,32.5,2,65,20250708
سيرو بايب هير ماسك 225 جرام,200,1,200,20250708
فوج اسبراي 120 مل,89,1,89,20250708
اليس بايو سوفت قطن 150 ق,63,1,63,20250708
هيمالايا كريم شعر 140 مل,40,3,120,20250708
بيلا سبلاش 125 مل,35,3,105,20250708
تمارا كريم شعر 170 مل,30,1,30,20250708
دودج ليف ان كريم 250 مل,37,2,74,20250708
دودج ليف ان كريم  450 جم,62.5,1,62.5,20250708
برفان قلم 35 مل,35,1,35,20250708
حلق فراشة استانليس,30,8,240,20250708
مبرد اظافر معدن,17.5,2,35,20250708
كاندي جل صبار 250 مل,42.5,1,42.5,20250708
انشانتر لوشن اوريجينال 500 مل,320,1,320,20250708
جل صبار بخاخ 300 مل,18.5,1,18.5,20250708
بلانكي كريم مرطب للاطفال 150 مل,85,2,170,20250708
ارينا مناديل سحب 550 منديل,17.5,3,52.5,20250708
بيبي روز تنت سحري,75,2,150,20250708
مولفيكس مقاس (1) نيوبورن نصف عبوة,130,2,260,20250708
مولفيكس مقاس (1) نيوبورن نصف عبوة,160,1,160,20250708
سوبر كيدز ليف ان كونديشنر 250 مل,116,1,116,20250708
بندولين شامبو اطفال 250 مل,115,1,115,20250708
ارت فيكتوريا سكريت برفان 100 مل,95,1,95,20250708
فير اند لفلي كريم 18 جرام,15.5,2,31,20250708
روز بيري كحل ووتر بروف,36.5,2,73,20250708
ارت بيوتي روج برفان 100 مل,95,1,95,20250708
فرشاة شعر كيرلي,17,1,17,20250708
بونيتا فرشاة شعر خشب,53,1,53,20250708
كاريت ليب سيرم,40,3,120,20250708
خمره برفان رول اون,25,1,25,20250708
جوانتي سليكون,55,1,55,20250708
مخمرية تشيز كيك,25,1,25,20250708
شنطة 50 توكة,13,2,26,20250708
مروحة يد,17.5,1,17.5,20250708
فير اند لفلي كريم 40 جرام,29.47,2,58.94,20250708
سجدة توكة ستان,13.5,12,162,20250708
يوكو ملح حليب 300 جرام,51.5,3,154.5,20250708
يوكو ملح حليب 300 جرام,65,1,65,20250708
ام ان كومباكت بودر,80,1,80,20250708
زاك رول اون 50 مل,48,2,96,20250708
اماندا مرطب شفاه,22.5,3,67.5,20250708
كوكو واكس,38.5,1,38.5,20250708
كوكو واكس,38.5,1,38.5,20250708
فور ايفر مبرد قدم,35,1,35,20250708
فريش توك معطر فم 20 مل,85,1,85,20250707
اليس ليفة مغربية,45,1,45,20250707
ريفولي شاور جل 1 لتر,95,1,95,20250707
مايت سينما ليب جلوس,35,1,35,20250707
شمع ايطالي واكس واي,65,1,65,20250707
اليس شفرات وجه 3 ق علبة موف,50,1,50,20250707
شيجلام لفتر انبوبة 100200,30,1,30,20250707
شيجلام لفتر انبوبة 100200,30,1,30,20250707
دودج ليف ان كريم  450 جم,70,1,70,20250707
بيو سوفت حمام كريم,85,1,85,20250707
برايمر بيبي سكين,25,2,50,20250707
ايفا ريسبي شامبو  350 مل,120,1,120,20250707
ستارفيل صابونة تفتيح 90 جرام,50,1,50,20250707
هيمالايا كريم شعر 140 مل,60,1,60,20250707
مناديل جيب مبللة,7.5,1,7.5,20250707
مناديل جيب مبللة,7.5,1,7.5,20250707
بايجن صبغة حواجب,85,1,85,20250707
كونتيسا صبغة شعر,85,1,85,20250707
بلوب بودرة تشقير شعر 40 جرام + 100 مل,35,1,35,20250707
خاتم اطفال,10,2,20,20250707
خاتم اطفال,10,3,30,20250707
بريتي وومن مناديل ازالة مكياج,5,1,5,20250707
مناديل اسيتون,20,1,20,20250707
لونا مرطب للبشرة 160 جرام,80,1,80,20250707
الو ايفا حمام كريم 250 جم,70,1,70,20250707
فريدا شاور جل 650 مل,80,1,80,20250707
كليوباترا شامبو 500 مل,60,1,60,20250707
الو ايفا بلسم ارجان 230 مل,75,1,75,20250707
اكسلانت جل 500 جرام,45,1,45,20250707
تينكل شفرات وجه 3 قطع,20,1,20,20250706
نوراي مناديل,20,1,20,20250706
نوراي مناديل,20,1,20,20250706
مقص ار جي 646,25,1,25,20250706
كحل بنجور ماتيك,15,2,30,20250705
بدي ليشيوس رول اون,60,1,60,20250705
فاتيكا زيت شعر 90 مل,20,1,20,20250705
بوبانا مزيل عرق رول اون 50 مل,65,1,65,20250705
وان كريم ازالة شعر,50,1,50,20250705
روز جولد تنت جيلي ستيك,80,1,80,20250705
ايفر بيوتي تنت سحري 30 مل,110,1,110,20250705
ايفا بودرة قدم 50 جرام,40,1,40,20250704
نابلسي شاهين صابونة 85 جرام,10,1,10,20250704
ليه كاريتييه حمام كريم 475 مل,155,1,155,20250704
اماندا مرطب شفاه,30,1,30,20250704
زاك رول اون 50 مل,70,1,70,20250704
زاك رول اون 50 مل,70,1,70,20250704
بليس ليف ان كريم 250 جرام,80,1,80,20250704
العود الملكي مخمرية 40 جرام,35,1,35,20250704
فير اند لفلي كريم 40 جرام,45,2,90,20250704
اليس شفرات وجه 3 ق علبة بيينك,65,1,65,20250704
طوق,25,1,25,20250704
فريدا شاور جل 1200 مل,135,1,135,20250704
الو ايفا حمام كريم 250 جم,70,1,70,20250704
الو ايفا بديل الزيت بخلاصة الصبار 250 مل,90,1,90,20250704
الو ايفا بديل الزيت بخلاصة الصبار 250 مل,90,1,90,20250704
خاتم ستانلس,35,2,70,20250704
باراشوت ادفانسد  زيت شعر جوز هند 180 مل,90,1,90,20250704
سباركل شامبو 600 مل,85,1,85,20250704
كولاجرا غسول 200 مل انبوبة,160,1,160,20250704
الصاروخ لاصق اظافر,10,1,10,20250704
بايو سوفت جل صبار 500 مل,65,1,65,20250704
بايو سوفت جل صبار 500 مل,65,1,65,20250704
هيمالايا كريم شعر 210 مل,75,1,75,20250704
شيجلام اكلادور,15,1,15,20250704
ستارفيل صابونة تفتيح 90 جرام,50,1,50,20250704
روج سحري اخضر,20,2,40,20250704
دودج ليف ان كريم  450 جم,70,1,70,20250704
شيجلام ليب جلوس انبوبة,40,2,80,20250704
مخمرية مزيل عرق ديار القرشي,35,1,35,20250704
كونسيلر سندرا 553,45,2,90,20250704
ليب بالم تاناكو كوري,25,1,25,20250704
اليس شفرات وجه 3 ق علبة موف,50,1,50,20250704
اليس شفرات وجه 3 ق علبة موف,50,1,50,20250703
لوشن بدي بتر بكيني 500 مل,250,1,250,20250703
ملمع سندرا 550,50,1,50,20250703
افوفا شفرات حريمي (كيس اخضر) 4 + 1,60,1,60,20250703
فلومار اكلادور 16 مل,20,2,40,20250703
فلومار اكلادور 16 مل,20,1,20,20250703
كحل ام ان 161,20,1,20,20250703
مناديل جيب مبللة,7.5,1,7.5,20250703
ربيع الحرمين مكعبات مسك,10,1,10,20250703
ديما مسك طهارة ابيض+رمان,45,1,45,20250703
ليلاك سيرم بشرة سيكا 30 مل,340,1,340,20250703
غارنييه صبغة شعر,130,1,130,20250703
اليس بايو سوفت قطن  120 ق,65,1,65,20250703
ايفا اسيتون 100 مل,45,1,45,20250703
ايفا صن سكرين للاطفال 200 مل,300,1,300,20250703
بوبانا شيت ماسك كيس,40,1,40,20250703
لونا مرطب للبشرة 160 جرام,80,1,80,20250703
كيس بيوتي ليب سيرم,40,1,40,20250703
شاور كاب علبة,20,1,20,20250703
خاتم ستانلس,35,1,35,20250703
خاتم فري سايز,50,1,50,20250703
خاتم فري سايز,50,1,50,20250703
انسيال جلد حية استانليس,120,1,120,20250703
كوكو اسبراي 120 مل,100,1,100,20250703
وايت مناديل سحب,25,1,25,20250703
وايت مناديل سحب,25,1,25,20250703
وايت مناديل سحب,25,1,25,20250703
فريدا هاند وش,80,1,80,20250703
بابيا مناديل تواليت 6 ك,65,1,65,20250703
فيانسيه كريم بخاخ 240 مل,55,1,55,20250703
استك mm1-110,15,1,15,20250703
كليوباترا شامبو 500 مل,60,1,60,20250703
ستارفيل مزيل مكياج 200 مل,125,1,125,20250703
ديرما بلاننج,5,2,10,20250703
مايت سينما مسكرة شفافة  1148,50,1,50,20250703
لونا صابون حامض سالسيليك 2%,30,1,30,20250703
مسواك معجون اسنان كبير+ فرشة اسنان,50,1,50,20250703
قرص شيت ماسك مضغوط,5,1,5,20250703
فيبيكس رول اون 48 ساعة 50 مل,60,1,60,20250702
مايت سينيما بلاشر  1123,50,1,50,20250702
فريدا معطر جو,60,1,60,20250702
بانثينول كريم مرطب و ملطف للجلد 30 جرام,45,1,45,20250702
دون برفيوم رول,50,1,50,20250702
ايفا اسيتون 100 مل,45,1,45,20250702
واتسونز بدي سبلاش حليبي 250 مل,150,1,150,20250702
ربيع الحرمين مكعبات مسك,10,1,10,20250702
ملمع سندرا 550,50,1,50,20250702
شيجلام لفتر انبوبة 100200,30,1,30,20250702
خاتم وعد,25,1,25,20250701
حرير سويت,25,1,25,20250701
ام ان كومباكت بودر,55,4,220,20250701
تمارا كريم شعر 110 مل,17.5,3,52.5,20250630
روز جولد تنت جيلي ستيك,80,1,80,20250630
روز جولد تنت جيلي ستيك,60,3,180,20250630
بريانك خميرة البيرة لتسمين الوجه,39,2,78,20250630
بليس ليف ان كريم 250 جرام,58,2,116,20250630
نودي بيوتي سكراب شفايف + تنت,20,7,140,20250630
لونا كريم مرطب لليد و الجسم 300 جرام,115,2,230,20250630
ام ان بلاشر B704,34,1,34,20250630
نودي بيوتي مخمرية 50 جرام,30,5,150,20250630
العود الملكي مخمرية 40 جرام,24,1,24,20250630
برفان تشيز كيك 30 مل,65,1,65,20250630
فاتيكا كريم شعر 210 مل,53,1,53,20250630
بونيتا فرشاة مربعة للشعر الكيرلي,18,1,18,20250630
الاميرة زيت مساج 125 مل,90,3,270,20250630
جاردن فلامنجو سكراب 400 جرام,160,1,160,20250630
بونيتا فرشاة شعر كيرلي,14,1,14,20250630
قرص شيت ماسك مضغوط,5,4,20,20250630
هاندي مناديل جيب 120 منديل,10,1,10,20250630
فريدا معطر جو,47.5,1,47.5,20250630
ايفا بدي سبلاش 240 مل,165,2,330,20250630
مايت سينما مسكرة شفافة  1148,36.5,2,73,20250630
مايت سينما فيلر شفايف  1999,50,1,50,20250630
اكسلانت جل 500 جرام,45,1,45,20250630
خاتم فري سايز,50,1,50,20250630
خاتم اطفال,10,3,30,20250630
الو ايفا شامبو بالارجان 230 مل,75,1,75,20250630
سيبال هوت لاش مسكرة اوريجنال,260,1,260,20250630
المسواك معجون اسنان 120+ 20 جم,45,1,45,20250630
كلاري سيرم,275,1,275,20250630
كونسيلر سندرا 553,45,1,45,20250630
برفان قلم 35 مل,35,1,35,20250630
بيوتي بلندر,15,2,30,20250630
ماكينة KEMEI حريمي 3*1 376,700,1,700,20250630
سكراب بكيني بتر,75,1,75,20250630
مقص ار جي 646,25,1,25,20250630
فاتيكا شامبو 360 مل,60,1,60,20250630
بندولين شامبو أطفال 450 مل,160,2,320,20250630
باليت صبغة شعر,78,1,78,20250630
عرض تويست اند جو شامبو + سيرم شعر,330,1,330,20250630
روو افريكان ماسك شعر بالشيا 250 مل,230,1,230,20250630
اليس بايو سوفت قطن 150 ق,75,1,75,20250630
بدي ليشيوس رول اون,50,2,100,20250630
طقم فوارغ 5*1,55,1,55,20250630
قصافة دبل على كارت 2*1,30,1,30,20250629
فاتيكا كريم كبير 190 جم,70,1,70,20250629
كلاري سيرم,350,1,350,20250629
سيرم ايمليا كالسيوم للاظافر,60,1,60,20250629
فرشاة اسنان كبار Funny,20,1,20,20250629
جلافز صنفرة,30,1,30,20250629
ايفا كريم شعر بالصبار 85 جرام,37.4,1,37.4,20250629
وايت مناديل سحب,25,1,25,20250629
دبابيس,10,1,10,20250629
تاتو اسود,5,2,10,20250629
سترونجر وز يو برفان  100 مل,200,1,200,20250629
وان مليون برفان  100 مل,200,1,200,20250629
ديرما بلاننج,5,1,5,20250629
مولبد حفاضات نسائية 16 ق,55,1,55,20250629
مسواك معجون اسنان كبير+ فرشة اسنان,50,1,50,20250629
مبرد أظافر,6.66,3,19.98,20250629
مبرد أظافر,10,1,10,20250629
شمع ايطالي واكس واي,65,1,65,20250628
زاك رول اون 50 مل,70,1,70,20250628
فريدا معطر جو,60,1,60,20250628
استك mm1-110,15,1,15,20250628
مولبد حفاضات نسائية عرض 2 ق,100,1,100,20250628
المسواك معجون اسنان 50 +10 جم,17,3,51,20250628
مناديل اسيتون,20,1,20,20250628
فلومار اكلادور 16 مل,20,1,20,20250628
ايشادو مايبلين,95,1,95,20250628
شيجلام اكلادور,15,1,15,20250628
شيجلام اكلادور,15,1,15,20250628
الصاروخ لاصق اظافر,10,1,10,20250628
فلومار اكلادور 16 مل,20,1,20,20250627
تنت جيلاتين,85,1,85,20250627
خاتم ستانلس,35,1,35,20250627
صابونة لبان دكر,20,1,20,20250627
مور مناديل مبللة للاطفال 72 منديل,25,1,25,20250627
صوفي حفاضات نسائية طويل 16 قطعة,45,1,45,20250627
صوفي حفاضات نسائية طويل 16 قطعة,45,1,45,20250627
صوفي حفاضات نسائية طويل 16 قطعة,45,1,45,20250627
اماندا مرطب شفاه,30,1,30,20250627
ايفا كريم تفتيح مناطق حساسة 50 جرام,80,1,80,20250626
فريدا شاور جل 650 مل,80,1,80,20250626
شيجلام مسكرة شفافة 911,50,1,50,20250626
بكيني بالم اوريجينال,150,1,150,20250626
كحل ام ان 161,20,1,20,20250626
هيمالايا كريم شعر 140 مل,60,1,60,20250626
فرشة فك تشابك,20,1,20,20250625
فوج اسبراي 120 مل,110,1,110,20250625
كلوز اب معجون اسنان  100 مل,50,1,50,20250625
ربيع الحرمين مكعبات مسك,10,1,10,20250625
مناديل جيب مبللة,7.5,1,7.5,20250625
روج سندرا سايل 518,45,1,45,20250625
مقص معدن على كارت 004,25,1,25,20250625
ملقاط ار جي 603,30,1,30,20250625
مسكره بريتي وومان 010,80,1,80,20250625
بلاشر ستيك كيس بيوتي 51050,70,1,70,20250625
مايت سينما بودرة مائية,135,1,135,20250625
فا رول اون,55,1,55,20250625
شنطة مكياج,3.5,9,31.5,20250625
طقم صبغة (طبق + فرش),35,1,35,20250625
ايفا بدي سبلاش 240 مل,190,1,190,20250625
الوفيرا جل صبار 250 مل,25,1,25,20250625
روز بيري تنت سحري بخاخ 30 مل,130,1,130,20250625
قرص شيت ماسك مضغوط,5,2,10,20250625
اليس فرشاة شعر كيرلي,165,1,165,20250625
مايت سينما مسكرة ووتر بروف,67,2,134,20250625
بلانكي زيت اطفال شعر + بشرة 100 مل,60,1,60,20250625
بلانكي مرطب اطفال صغير انبوبة 40 مل,50,1,50,20250625
يوكو ملح حليب 300 جرام,65,1,65,20250625
فاتيكا حنة,27,6,162,20250625
طقم فرش مكياج + ملقاط,9,1,9,20250624
يوكو ملح حليب 300 جرام,51.5,2,103,20250624
كولاجرا رول اون,83,2,166,20250624
ماي واي فلورو فحم معجون,35,2,70,20250624
جهاز شمع dsp 1*1,105,1,105,20250624
شمع ايطالي واكس واي,45,2,90,20250624
مرطب شان جل 120 جم,125,2,250,20250624
مزيل ميك اب مناديل,10,1,10,20250624
دوش شاور جل 1.8 لتر,110,1,110,20250624
اصداف اسبراي 200 مل,78,1,78,20250624
نابلسي شاهين صابونة 85 جرام,10,1,10,20250624
مايت سينما ليب جلوس,35,1,35,20250624
دكتور راشيل سيرم برايمر 100 مل,220,1,220,20250624
دكتور راشيل سيرم برايمر 100 مل,165,1,165,20250624
جل دكتور راشيل 24k,145,1,145,20250624
باشن بيبي زيت مساج 100 مل,47.5,2,95,20250624
مينك حمام كريم+شامبو كيس 20 مل,5,1,5,20250624
ايفا شيت ماسك 3*1,90,1,90,20250624
بوباي صن سكرين 60 جرام,295,1,295,20250624
مولبد حفاضات نسائية 16 ق,55,1,55,20250624
وايت مناديل مبللة للاطفال 72 منديل,35,1,35,20250624
الو ايفا حمام كريم 250 جم,70,1,70,20250624
ام ان كحل ماتك,60,1,60,20250624
استك 551-31,25,1,25,20250624
ايفا غسول للوجه ومزيل للمكياج 150 مل,60,1,60,20250624
مايت سينما مسكرة شفافة  1148,50,1,50,20250624
الو ايفا بلسم ارجان 230 مل,75,1,75,20250624
كولاجرا رول اون كوتون كاندي,100,2,200,20250624
خاتم اطفال,10,2,20,20250624
خاتم اطفال,10,1,10,20250624
شان جل مرطب 60 جرام,74,2,148,20250624
الو ايفا شامبو بالارجان 230 مل,75,1,75,20250624
بريتي وومن مصحح  3 لون,42.5,3,127.5,20250624
كازابلانكا مجموعة العروسة 6*1,127.5,1,127.5,20250624
المسواك معجون اسنان 120+ 20 جم,45,1,45,20250624
مرطب لونا للبشرة 50 جرام,45,1,45,20250624
بيوتي بلندر,15,1,15,20250624
بيبي روز كونسيلر  002,75,1,75,20250624
فلومار اكلادور 16 مل,20,2,40,20250624
افوفا شفرات حريمي (كيس اخضر) 4 + 1,60,1,60,20250624
ايفا ريسبي شامبو  350 مل,89.5,3,268.5,20250624
سيرم بلوب صغير,106,1,106,20250624
كلينج باد غسول + فرشة ماسك دبل,20,1,20,20250623
بدي ليشيوس رول اون,60,1,60,20250623
بدي ليشيوس رول اون,60,1,60,20250623
ستارفيل غسول جل بخاخ 400 مل,210,1,210,20250623
ملمع سندرا 410,45,1,45,20250623
استك mm1-110,15,1,15,20250623
كلبس وردة فسفور,25,1,25,20250623
مور مناديل مبللة للاطفال 72 منديل,25,1,25,20250623
مينك حمام كريم+شامبو كيس 20 مل,5,1,5,20250623
مينك حمام كريم+شامبو كيس 20 مل,5,1,5,20250623
باشن بيبي زيت مساج 100 مل,75,1,75,20250622
اسبراي فانيليا 150 مل,125,1,125,20250622
ايفا صابونة جلسرين باللوفة 120 جرام,50,1,50,20250622
لونا صابون حامض سالسيليك 2%,30,1,30,20250622
ايفر بيوتي تنت سحري 30 مل,110,1,110,20250622
شنطة مكياج,15,1,15,20250622
فوطة ميكرو فايبر,55,1,55,20250622
معطر فم,35,1,35,20250622
فلومار اكلادور 16 مل,20,1,20,20250622
ايفا اسيتون 100 مل,45,1,45,20250622
بدي ليشيوس رول اون,60,1,60,20250622
فرشاة صبغة,10,1,10,20250621
بوبانا صابون مغربي 500 جرام,75,1,75,20250621
سيرم بلوب صغير,140,1,140,20250621
روج سندرا سايل 549,45,1,45,20250621
فاتيكا كريم كبير 190 جم,70,1,70,20250621
معطر فم,35,2,70,20250621
مولبد حفاضات نسائية عرض 2 ق,100,1,100,20250621
توكة وردة تريندي,25,1,25,20250621
توكة وردة تريندي,25,1,25,20250621
كازابلانكا مجموعة العروسة 6*1,180,1,180,20250621
براية كحل,15,1,15,20250621
شنطة مكياج,15,2,30,20250621
استك 281-5,10,1,10,20250621
باشن بيبي زيت مساج 100 مل,75,1,75,20250621
ايفا سموكرز بودرة اسنان,50,1,50,20250621
جل دكتور راشيل 24k,190,1,190,20250621
نابلسي شاهين صابونة 85 جرام,10,1,10,20250620
هاندي مناديل جيب 120 منديل,10,1,10,20250620
شنطة مكياج,15,1,15,20250620
افوفا بدي سبلاش ميني,45,1,45,20250620
شان جل مرطب 60 جرام,100,1,100,20250620
وايت مناديل سحب,25,1,25,20250620
خاتم اطفال,10,1,10,20250620
كولاجرا رول اون كوتون كاندي,120,1,120,20250620
كيس بيوتي ليب سيرم,40,1,40,20250620
جلافز صنفرة,30,1,30,20250620
مخمرية مزيل عرق ديار القرشي,35,1,35,20250620
ستارفيل صابونة تفتيح 90 جرام,50,1,50,20250620
بوبانا صابون مغربي 500 جرام,75,1,75,20250620
سنسوداين فرشاة اسنان,50,1,50,20250620
فيكتوريا سيكريت سبلاش  سيم اوريجنال 250 مل,130,1,130,20250620
كير اند مور كريم مرطب  75 مل,35,1,35,20250620
سيرو بايب هير ماسك 225 جرام,285,1,285,20250620
بوبانا ماسك طمي قناع برطمان  400 جرام,75,1,75,20250620
فرشة فك تشابك,20,1,20,20250619
فرشة فك تشابك,20,1,20,20250619
باراشوت ادفانسد زيت شعر زبدة شيا 200 مل,110,1,110,20250619
فاتيكا زيت شعر 90 مل,20,1,20,20250619
ربيع الحرمين مكعبات مسك,10,1,10,20250619
دهب ليفة كف,35,1,35,20250619
اكلادور فيت مي,25,1,25,20250619
ليب بالم تاناكو كوري,25,1,25,20250619
برفان قلم 35 مل,35,1,35,20250619
اليس شفرات وجه 3 ق علبة موف,50,1,50,20250619
توكة وردة تريندي,25,1,25,20250619
مخمرية بكيني بتر ميني,30,1,30,20250619
طقم باديكير,17,1,17,20250619
كيس بيوتي ليب سيرم,40,1,40,20250619
ايميليا طقم سكراب للشفايف 4 * 1,85,1,85,20250619
تنت جيلاتين,85,1,85,20250619
جومانا حنة اظافر,15,1,15,20250619
دبابيس,10,1,10,20250619
الو ايفا شامبو بالارجان 230 مل,70,1,70,20250619
الو ايفا شامبو بالارجان 230 مل,70,1,70,20250619
الو ايفا شامبو بالارجان 230 مل,70,1,70,20250619
الو ايفا شامبو بالارجان 230 مل,65,2,130,20250619
دوركو شفرات 5 + 1,13,1,13,20250619
دوركو شفرات 5 + 1,30,1,30,20250619
دوركو شفرات 5 + 1,13,1,13,20250619
فازلين بيور 110 مل,35,1,35,20250619
ام ان كحل ماتك,60,1,60,20250619
لونا شاور جل 2 لتر,110,1,110,20250619
كير اند مور مرطب 75 مل,35,1,35,20250619
فريدا شاور جل 1200 مل,112,4,448,20250619
ايفا غسول للوجه ومزيل للمكياج 150 مل,42,3,126,20250619
فريدا شاور جل 3 لتر,255,1,255,20250619
الو ايفا بلسم ارجان 230 مل,75,1,75,20250619
استك + كلبس,20,1,20,20250619
استك 281-5,10,1,10,20250619
استك 281-5,10,1,10,20250619
استك mm1-110,15,1,15,20250619
هاندي مناديل جيب 120 منديل,10,1,10,20250619
واتسونز غسول بكيني سو سيكسي 150 مل,110,1,110,20250619
دوش شاور جل 1.8 لتر,91,1,91,20250619
ريفولي شاور جل 2 لتر,145,1,145,20250619
دبوس حجاب 4 على كارت,17,6,102,20250619
بوبانا غسول بشرة 50 مل,22,2,44,20250619
قطعة دبوس حجاب,2.75,1,2.75,20250619
ايفا شاور جل لتر,110,1,110,20250618
سيبال ليفل اب مسكرة  اوريجينال,230,1,230,20250618
خاتم وعد,25,1,25,20250618
ايلاينر ام ان ديناميك 4134,65,2,130,20250618
كونسيلر سندرا 553,45,2,90,20250618
مود شاور جل 750 جرام,80,1,80,20250617
شاور جل لوزان 2.25 لتر,65,1,65,20250617
سباركل شامبو 600 مل,85,1,85,20250617
نيو فاشون سكراب 300 جرام,35,1,35,20250617
قرص شيت ماسك مضغوط,2,1,2,20250616
تترا هيدرو غسول كريمي للبشرة 200 مل,135,1,135,20250616
بريتي وومن مناديل ازالة مكياج,5,1,5,20250616
بريتي وومن مصحح  3 لون,65,1,65,20250616
بريتي وومن مصحح  3 لون,65,1,65,20250616
مولبد حفاضات نسائية عرض 2 ق,77.5,2,155,20250616
عبد الصمد القرشي مسك طهارة 6 مل,45,1,45,20250616
لونا شاور جل 2 لتر,140,1,140,20250616
مولبد حفاضات نسائية 16 ق,42.5,5,212.5,20250616
مولبد حفاضات نسائية 16 ق,55,2,110,20250616
ايفا ريسبي لوشن بخاخ 370 مل,175,1,175,20250616
مولبد حفاضات نسائية الترا رفيعة طويل جدا 14 ق,46.35,1,46.35,20250616
مكواة شعر MAVI,1150,1,1150,20250616
ملمع سندرا 410,45,1,45,20250616
ايفا شامبو كيراتين انبوبة 230 مل,110,1,110,20250616
ايفا غسول اشراقة طبيعية انبوبة 100 مل,60,1,60,20250616
الو ايفا زيت 255 مل,77,1,77,20250615
ستارفيل مزيل مكياج 100 مل,75,1,75,20250615
ربيع الحرمين مكعبات مسك,10,1,10,20250615
ربيع الحرمين مكعبات مسك,10,1,10,20250615
سبلاش 125 مل,35,1,35,20250615
كحل ام ان 161,10,7,70,20250615
كحل بنجور ماتيك,15,1,15,20250615
سكراب بكيني بتر,75,1,75,20250615
اكسلانت جل 500 جرام,45,1,45,20250615
خاتم وعد,25,2,50,20250615
خاتم ستانلس,35,1,35,20250615
وايت مناديل سحب,23,6,138,20250615
كيس بيوتي ليب سيرم,40,1,40,20250615
صانسيلك شامبو 350 مل,100,1,100,20250615
واتسونز غسول بكيني سو سيكسي 150 مل,85,2,170,20250615
لونا صابون حامض سالسيليك 2%,20,2,40,20250615
لونا صابون كبريت 10%,20,2,40,20250615
واتسونز بدي لوشن سو سيكسي 250 مل,130,2,260,20250615
مايت سينما هايلايتر سائل,62,4,248,20250615
ميلا تايم صن سكرين جل 50 جرام,180,2,360,20250615
بندولين كريم حماية منطقة الحفاض 75 مل,55,4,220,20250615
مايت سينما هايلايتر 4 لون,91,3,273,20250615
دودو روز هايلايتر 10 جرام,67.5,2,135,20250615
ايفر بيوتي تنت سحري 30 مل,70,3,210,20250615
سيكسي كوين بدي بتر 200 جرام,85,2,170,20250615
روز بيري برايمر جل 20 مل,120,3,360,20250615
اسفنجة ازالة ميك اب,15,1,15,20250615
يوكو صابون حليب 90 جرام,60,4,240,20250615
روز بيري تنت سحري بخاخ 30 مل,100,2,200,20250615
فيبيكس رول اون 48 ساعة 50 مل,36,4,144,20250615
واتسونز لوشن فوم للجسم 75 مل,270,2,540,20250615
اليس ليفة مغربية,30,3,90,20250615
باراشوت زيت شعر 200 مل,100,2,200,20250615
ميني بيوتي بلندر 4 قطع,15,2,30,20250615
جيلي بيكيني بتر 50 جرام,57.5,2,115,20250615
سمايل هيفين صابونة مارشميلو تفتيح و تعطير بكيني 125 جرام,85,2,170,20250615
بيور سبورت مزيل عرق ستيك 85 جرام,145,1,145,20250615
ام ان قلم كحل + براية,39,2,78,20250615
فريش توك معطر فم 20 مل,62.5,12,750,20250615
ام ان مسكرة حواجب,40,4,160,20250615
فرشاة ماسك,13,2,26,20250615
فور ايفر مبرد قدم,22,1,22,20250615
مولبد حفاضات نسائية عرض 2 عبوة 28 ق,90,1,90,20250615
فرشاة تدليك سيليكون,25,1,25,20250615
فوت اند فوت كريم تفتيح للقدم 200 مل,30,2,60,20250615
فوت اند فوت لوشن مساج للقدم 200 مل,30,2,60,20250615
فوت اند فوت غسول و مقشر للقدم 200 مل,30,2,60,20250615
هيربس انديا زيت شعر 180 مل,62,5,310,20250615
صفا كون حنة اظافر حمراء سعودية 6 جرام,35,2,70,20250615
اليس شفرات وجه 3 ق علبة بيينك,45,2,90,20250615
نت شيل بدي جل اويل بجوز الهند 250 مل,230,1,230,20250615
نت شيل بدي جل اويل بالارجان 250 مل,240,1,240,20250615
ديسار ماسك تفتيح محيط العين 60 ق,130,1,130,20250615
ديسار رول اون 50 مل,97,1,97,20250615
املا سيرم زيت الحية 50 مل,140,1,140,20250615
زيت السعد 60 مل,55,4,220,20250615
شيجلام قلم كحل ووتر بروف,40,6,240,20250615
فير اند لفلي كريم 40 جرام,29.47,3,88.41,20250615
قلم حواجب روز بيري,25,3,75,20250615
بيور وايت كريم تفتيح 40 جرام,110,2,220,20250615
فلامنجو شفرات 3 قطع اوريجنال,145,2,290,20250615
افوفا شفرات للبشرة الحساسة (كيس بينك) 5*1,26,2,52,20250615
روز بيري كحل الوان ووتر بروف,40,3,120,20250615
vinci سيرم تفتيح للبشرة 30 مل,225,2,450,20250615
تريزمي  شامبو + بلسم 400 مل,270.82,1,270.82,20250615
كريم 21 مرطب 50 مل الماني,57.5,3,172.5,20250615
لونا ليب ثيرابي 10جرام,28,12,336,20250614
ايفا كريم تفتيح مناطق حساسة 50 جرام,62,3,186,20250614
لونا ليب ثيرابي بزبدة الشيا,45,3,135,20250614
ايفا بودرة قدم 50 جرام,30,2,60,20250614
ايفا صابونة جلسرين باللوفة 120 جرام,38,2,76,20250614
ستارفيل مزيل عرق ستيك 60 جرام,245,2,490,20250614
ايفا صابونة جلسرين  120 جرام,35,2,70,20250614
ايفا كريم تفتيح تحت العين 15 مل,42,2,84,20250614
ايفا شيت ماسك 3*1,73.33,5,366.65,20250614
ستارفيل رول اون تأخير نمو الشعر,112,1,112,20250614
بوباي صن سكرين 60 جرام,180,2,360,20250614
ايفا كيراتين بلسم ضد القشرة  230 جرام,115,2,230,20250614
ايفا كيراتين بديل الزيت 190 مل,80,2,160,20250614
الو ايفا شامبو جولد ارجان,107,2,214,20250614
قرص شيت ماسك مضغوط,2,2,4,20250614
فرشاة غسول 2*1,40,1,40,20250614
ايفا كريم مرطب يدين 60 مل,65,1,65,20250614
شيجلام صابونة حواجب,40,1,40,20250614
املا ياسمين زيت شعر 180 مل,70,2,140,20250614
روز بيري قلم حواجب دبل ثابت,75,6,450,20250614
بريتي وومن مناديل ازالة مكياج,5,4,20,20250614
ام ان قلم حواجب  مشط,10,6,60,20250614
خاتم وعد,25,1,25,20250614
خاتم فري سايز,50,1,50,20250614
سلسلة mka,35,1,35,20250614
سلسلة استانلس,110,1,110,20250614
اوليف فرد شعر ORS,146,2,292,20250614
الو ايفا بلسم ارجان 230 مل,61,3,183,20250614
الو ايفا بلسم ارجان 230 مل,75,1,75,20250614
ايفا غسول مقشر للوجه 150 مل,70,1,70,20250614
ستارفيل رول اون,94.5,1,94.5,20250614
جلوري حنة أكياس,32,6,192,20250614
ام ان كحل ماتك,42.5,6,255,20250614
كير اند مور مرطب 75 مل,30,3,90,20250614
ايفا كيراتين بلسم 230 مل,90,2,180,20250614
بيو سوفت حمام كريم,65,4,260,20250614
ستارفيل سيرم هيالورنيك اسيد 30 مل,175,1,175,20250614
ايلاينر ام ان ديناميك 4134,47,8,376,20250614
ربيع الحرمين مكعبات مسك,10,1,10,20250614
سكراب كاندي مارشميلو,60,1,60,20250614
باليت صبغة شعر,78,3,234,20250614
بوبانا مزيل عرق رول اون 50 مل,65,1,65,20250614
بوبانا كريم اليدين مرطب 50 مل,60,1,60,20250614
ايفا شامبو كيراتين انبوبة 230 مل,87.5,2,175,20250614
بوبانا ملح حليب كيس,45,1,45,20250614
الو ايفا زيت  170 مل,68,1,68,20250614
ايفا غسول اشراقة طبيعية انبوبة 100 مل,60,1,60,20250614
ارجان زيت ORS,60,1,60,20250614
بدي ليشيوس رول اون,60,1,60,20250614
بدي ليشيوس رول اون,60,1,60,20250614
بوبانا ملح حليب كيس,45,1,45,20250613
بوبانا مرطب زبدة شفايف,60,1,60,20250613
بوبانا سكراب 300 جرام,68,1,68,20250613
سلطانة بدي سبلاش 200 مل,85,1,85,20250613
ايلاينر ام ان ديناميك 4134,65,1,65,20250613
روج خشب ارت سكين 971078,35,1,35,20250613
سكراب بكيني بتر,100,1,100,20250613
فلومار اكلادور 16 مل,20,1,20,20250613
مايت سينيما بلاشر  1123,50,1,50,20250613
مزيل طلاء اظافر,15,1,15,20250613
انفنيتي رول اون 80 مل,179,1,179,20250613
ريفولي شاور جل 3 لتر,200,1,200,20250613
ستاركي سكراب 300 مل,30,1,30,20250613
مشط حراري,15,1,15,20250613
كوين شفرات,35,1,35,20250613
لانكوم برفان 30 مل,50,1,50,20250613
ماي واي مزيل عرق كريم سبرنج 40 مل,30,1,30,20250613
ماي واي مزيل عرق كريم سبرنج 40 مل,30,1,30,20250613
فاين فلافي مناديل,21.75,3,65.25,20250613
فاين فلافي مناديل,25,3,75,20250613
خاتم اكسسوار,30,1,30,20250613
دبابيس,10,1,10,20250613
دبابيس,10,1,10,20250613
وايت مناديل سحب,25,1,25,20250613
سلاكة اذن خشب حجم متوسط,9.5,1,9.5,20250613
سلاكة اذن خشب حجم متوسط,15,1,15,20250613
ايفا كريم شعر بالعسل 85 جرام,50,1,50,20250613
كيكو دبل روج,90,1,90,20250613
طقم باديكير,30,1,30,20250613
لونا مرطب للبشرة 160 جرام,50,2,100,20250613
مرطب لونا للبشرة 50 جرام,1,1,1,20250613
شيجلام صابونة حواجب,27.5,4,110,20250613
اصداف اسبراي 200 مل,78,1,78,20250613
ارت اسبراي اماراتي 200 مل,75,1,75,20250613
ليه كاريتييه سيرم شعر 60 مل,110,2,220,20250613
بيو سوفت سكراب,55,2,110,20250613
ترينا شفرات تركي اوريجنال 2*1,135,2,270,20250613
شيلز اسبراي تركي  175 مل,54,1,54,20250613
ستاركي كريم مرطب 150 مل,23,2,46,20250613
اليس فرشاة شعر كيرلي,145,1,145,20250613
اماندا مرطب شفاه,22.5,3,67.5,20250613
ايفا كريم مرطب يدين 60 مل,53.59,4,214.36,20250613
الو ايفا حنة,17,6,102,20250613
بدي بتر ستروبيري,110,1,110,20250613
برفان سمارت 15 مل,45,1,45,20250613
كال برفان جيب 20 مل,21.5,5,107.5,20250613
ديفول هير ستايلينج كريم اطفال 200 جرام,89,1,89,20250613
زاك رول اون 50 مل,48,3,144,20250613
اسبراي ايمبر 200 مل,85,3,255,20250613
ايفا كريم تشققات الكعبين 60 مل,54,1,54,20250613
تترا هيدرو غسول كريمي للبشرة 200 مل,95,2,190,20250613
دكتور راشيل غسول فوم فرشة 125 مل,160,2,320,20250613
كريم ديسار تفتيح للعين 25 جرام,52.5,3,157.5,20250613
لوشن واتسونز سو سيكسي 250 مل,55,1,55,20250613
كليو جلو غسول فيتامين سي 150 مل,95,1,95,20250613
كليو كليرغسول للبشرة المختلطة و الدهنية 150 مل,95,1,95,20250613
تيلوفيل ماء ميسيلار 250 مل,80,1,80,20250613
سكين سايد سيرم للبشرة  25 مل بالهيالورنيك و فيتامين B,190,1,190,20250613
سكين سايد سيرم لتفتيح محيط العين 20 مل,185,1,185,20250613
سكين سايد صن سكرين 50 مل,165,1,165,20250613
لوشن تيسوري 250 مل,55,1,55,20250613
بالمرز كريم 150 جرام,118,3,354,20250613
خمرة برفان 50 مل,50,1,50,20250613
انفينتي كريم بشرة كولاجين 50 جرام,220,1,220,20250613
انفينتي جل مرطب و مهدئ للبشرة 120 جرام,115,1,115,20250613
انفينتي كريم مرطب 120 مل,95,1,95,20250613
فاتيكا مايونيز للشعر 500 مل,124,2,248,20250613
فاتيكا مقشر للوجه 150 مل + 35 مل زيادة,61,1,61,20250613
ساندرا ليب جلوس شفاف,34.5,24,828,20250613
ليه كاريتييه حمام كريم 475 مل,120,2,240,20250613
مايت سينما ليب جلوس,25.83,12,309.96,20250613
مايت سينما ليب جلوس,35,1,35,20250613
اماندا مرطب شفاه,22.5,3,67.5,20250613
اماندا مرطب شفاه,30,1,30,20250613
ايفا لوشن بيبي 200 مل,105,2,210,20250613
هيربال سنسيشن شامبو 600 مل,45,1,45,20250613
فرشاة غسول 2*1,27.5,2,55,20250613
نيو فاشون سكراب 300 جرام,22.5,3,67.5,20250613
قرص شيت ماسك مضغوط,2,20,40,20250613
بلانكي صن سكرين مرطب 120 مل,97.5,1,97.5,20250613
بلانكي كريم شعر اطفال 120 مل,77.5,1,77.5,20250613
بلانكي كريم لمنطقة الحفاض 75 مل,60,1,60,20250613
دوش شاور جل 1 لتر,57.5,2,115,20250613
باشن بيبي زيت مساج 100 مل,47.5,2,95,20250613
كوكو شمع خرز 500 جرام,100,1,100,20250613
كوكو واكس,38.5,2,77,20250613
اسبراي فانيليا 150 مل,80,1,80,20250613
ايفا شاور جل لتر,80,3,240,20250613
اليس شفرات AS-300,65,1,65,20250613
اليس شفرات  5*1 (3 شفرة),45,2,90,20250613
لونا شاور جل 500 مل,40,2,80,20250613
اليس شفرات 5 موس AS-24,75,1,75,20250613
اليس شفرات 5 موس AS-23,75,1,75,20250613
هاندي مناديل جيب 120 منديل,6,6,36,20250613
هاندي مناديل جيب 120 منديل,10,1,10,20250613
ريفولي شاور جل 1 لتر,83,2,166,20250613
مسواك معجون اسنان كبير+ فرشة اسنان,35,2,70,20250613
فاتيكا حمام كريم كيس 35 جم,7.5,7,52.5,20250613
ماي واي سبراي 125 مل,65,1,65,20250613
فيانسيه شامبو 7*1 7 مل,0.85,7,5.95,20250613
ايفا سموكرز بودرة اسنان,33,2,66,20250613
بدي سبلاش ميني 40 مل,30,1,30,20250613
مينك حمام كريم+شامبو كيس 20 مل,1,3,3,20250613
روز بيري ليكويد بلاشر,55,2,110,20250613
روز بيري لوس باودر 0970,120,2,240,20250613
اليس شفرات 4*1 AS-08,66,1,66,20250613
خمرة سبلاش 250 مل,110,1,110,20250613
كولاجرا صن سكرين 50 مل,90,2,180,20250612
جل دكتور راشيل 24k,145,1,145,20250612
طقم باديكير 3*1,30,2,60,20250612
فوكس كيدز معجون اسنان  25 مل,22,2,44,20250612
ارجنتو غسول عرض 2*1,165,1,165,20250612
مايت سينما بودرة  3*1,100,3,300,20250612
ديرماتيك غسول فيتامين سي 150 مل,100,2,200,20250612
تيلوفيل لوشن 250 مل,117.5,1,117.5,20250612
تيلوفيل غسول 200 مل,115,1,115,20250612
ديرماتيك ماء ميسيلار للبشرة الحساسة 4*1 150مل,95,1,95,20250612
دكتور راشيل سيرم برايمر 100 مل,165,3,495,20250612
زاك اسبراي 175 مل,185,5,925,20250612
هير روتس سيرم 50 مل,270,1,270,20250612
هير روتس كريم شعر 100 مل,235,2,470,20250612
هير روتس لوشن شعر 75 مل,285,1,285,20250612
ايفا كريم مصحح للتجاعيد بالكولاجين والذهب 50 مل,220,2,440,20250612
مس دور كريم مرطب,31,4,124,20250612
ديرماتيك تونر 150 مل,97.5,1,97.5,20250612
دكتور راشيل سيرم فيتامين سي 50 مل,110,1,110,20250612
ارجنتو صن سكرين لوشن 50 مل,80,1,80,20250612
ارجنتو عرض صن سكرين لوشن 60 مل 1+1,190,1,190,20250612
ايفا  كريم عناية تصحيحية للبشرة المعرضة للحبوب,110,1,110,20250612
لونا تان جل 130 جرام,225,1,225,20250612
هير روتس هير ماسك 150 مل,235,3,705,20250612
هير روتس شامبو 200 مل,220,4,880,20250612
دكتور راشيل كريم 50 جرام فيتامين A,135,1,135,20250612
دكتور راشيل سكراب 250 جرام فيتامين C,185,1,185,20250612
تيلوفيل شاور جل 500 مل,85,2,170,20250612
تيلوفيل بدي ميلك 300 مل,105,1,105,20250612
نابلسي شاهين صابونة 85 جرام,4.75,4,19,20250612
بندولين كريم اطفال للشعر الكيرلي 150 مل,96,2,192,20250612
مخمرية بكيني بتر ميني,30,1,30,20250612
سباركل شامبو 600 مل,85,1,85,20250612
بريتي وومن مصحح  3 لون,65,1,65,20250612
سلاكة اذن خشب حجم كبير,20,1,20,20250612
شان جل مرطب 60 جرام,100,1,100,20250612
كوكو اسبراي 120 مل,80.5,4,322,20250612
كابكسي هير ماسك 250 مل,255,1,255,20250612
ام ان قلم حواجب  مشط,10,6,60,20250612
اليس فرشاة خشب + فرشاة بيبي هير,140,1,140,20250612
سوبر كيدز رول اون مزيل عرق,58,3,174,20250612
بلوب بودرة تشقير شعر 40 جرام + 100 مل,26.5,3,79.5,20250612
اليس فرشاة خشب + مشط خشب,130,1,130,20250612
اليس فرشاة بيبي هير,60,1,60,20250612
فرشاة شعر ار جي 190,80,1,80,20250612
فرشاة شعر ار جي 193 مستورد,55,1,55,20250612
كابكسي امبولات لعلاج التساقط 70 مل,645,1,645,20250612
كابكسي شامبو 250 مل,187.5,1,187.5,20250612
كابكسي بلسم 250 مل,187.5,1,187.5,20250612
كابكسي كريم عناية بالشعر 120 مل,190,1,190,20250612
كابكسي تونك اسبراي 250 مل,265,1,265,20250612
فرشاة شعر ار جي 189 مستورد,55,1,55,20250612
كابكسي تونيك اسبراي 125مل,450,1,450,20250612
براية كحل,7.5,6,45,20250612
كولاجرا رول اون رجالي 60 مل,70,2,140,20250612
كابكسي سيرم شعر 120 مل,330,1,330,20250612
كابكسي سيرم رموش 10 مل,305,1,305,20250612
عدسات فريش ليدي,60,19,1140,20250612
دبابيس,10,1,10,20250612
خاتم اكسسوار,30,1,30,20250612
سلسلة mka,35,1,35,20250612
جومانا حنة اظافر,15,1,15,20250612
مايت سينما بلاشر بودر,55,1,55,20250612
كليوباترا شامبو 500 مل,60,1,60,20250612
كليوباترا بلسم 500 مل,60,1,60,20250612
شنطة مكياج,15,2,30,20250612
كليوباترا حمام كريم 700 مل,65,1,65,20250612
فريدا شاور جل 1200 مل,135,1,135,20250612
شاور جل لوزان 2.25 لتر,65,1,65,20250612
دودج ليف ان كريم 250 مل,45,1,45,20250612
ايشادو مايبلين,95,1,95,20250612
كريم اساس مونايا انبوبه,50,1,50,20250612
ايلاينر ام ان ديناميك 4134,65,1,65,20250612
بيوتي بلندر,15,1,15,20250612
مسكره ام ان 304,80,1,80,20250612
شيجلام لفتر انبوبة 100200,30,1,30,20250612
ستارفيل كريم تفتيح للبشرة 60 جرام,130,1,130,20250612
ستارفيل مزيل مكياج 100 مل,52.5,2,105,20250611
ستارفيل مزيل مكياج 100 مل,52.5,1,52.5,20250611
بوبانا شيت ماسك كيس,24,9,216,20250611
بوبانا سكراب 300 جرام,40,3,120,20250611
ايفا شامبو كيراتين انبوبة 230 مل,110,1,110,20250611
بوبانا مرطب زبدة شفايف,36,2,72,20250611
بوبانا ماسك طمي قناع برطمان  400 جرام,45,4,180,20250611
بوبانا ماسك انبوبة 120 مل,44.5,3,133.5,20250611
كولاجرا سيرم ريتينول 30 مل فيتامين A,205,2,410,20250611
بوبانا صابون مغربي 500 جرام,45,5,225,20250611
كلينج باد غسول + فرشة ماسك دبل,20,1,20,20250611
فوج اسبراي 120 مل,89,4,356,20250611
واتسونز بدي سبلاش حليبي 250 مل,80,4,320,20250611
واتسونز بدي سبلاش حليبي 250 مل,150,1,150,20250611
واتسونز سبلاش 250 مل,30,3,90,20250611
كلوز اب معجون اسنان  100 مل,41.5,4,166,20250611
كلوز اب معجون اسنان  100 مل,50,1,50,20250611
بوبانا ماسك حليب,65,1,65,20250611
بوبانا ماسك حليب,38.5,2,77,20250611
باليت صبغة شعر,78,6,468,20250611
باليت صبغة شعر,78,1,78,20250611
غارنييه صبغة شعر,100,2,200,20250611
سكراب كاندي مارشميلو,60,1,60,20250611
شراب سيليكون لوكس كبير,65,1,65,20250611
شراب سيليكون لوكس كبير,38,3,114,20250611
بايجن صبغة حواجب,59,4,236,20250611
كير اند مور بدي لوشن  150مل,59,1,59,20250611
شيجلام لفتر انبوبة 100200,30,1,30,20250611
بلاشر اسفنجة سندرا 154,75,1,75,20250611
برفان قلم 35 مل,35,1,35,20250611
مود شاور جل 750 جرام,80,1,80,20250611
هير كنترول فرد,142.5,3,427.5,20250611
بونابيلا حمام كريم 450 جم,140,1,140,20250611
ايفا ريسبي شامبو  350 مل,120,1,120,20250611
بيو سوفت حمام كريم,80,1,80,20250611
بيو سوفت حمام كريم,80,1,80,20250611
فلومار اكلادور 16 مل,20,1,20,20250611
فلومار اكلادور 16 مل,12.5,48,600,20250611
فلامنجو شفرات,30,1,30,20250611
فريدا معطر جو,47.5,4,190,20250611
فريدا شاور جل 650 مل,66.25,3,198.75,20250611
ايفا بدي سبلاش 240 مل,165,1,165,20250611
ايفا كريم تصفيف شعر كيراتين 200 مل,120,1,120,20250611
ايفا كيراتين بلسم 230 مل,120,1,120,20250611
الوفيرا جل صبار 250 مل,16.5,6,99,20250611
مولبد حفاضات نسائية 16 ق,42.5,2,85,20250611
افوفا بدي سبلاش ميني,30,1,30,20250611
صوفي حفاضات نسائية طويل 16 قطعة,39.67,6,238.02,20250611
صوفي حفاضات نسائية طويل 16 قطعة,39.67,6,238.02,20250611
صوفي حفاضات نسائية طويل 16 قطعة,39.67,2,79.34,20250611
ام ان كحل ماتك,50,1,50,20250611
اليس فرشاة شعر خشب,105,1,105,20250611
الو ايفا بلسم ارجان 230 مل,75,1,75,20250611
ستارفيل مزيل مكياج 200 مل,87.5,3,262.5,20250611
اوليف فرد شعر ORS,170,1,170,20250611
ستاركي سكراب 300 مل,20,5,100,20250611
كليوباترا شامبو 500 مل,41,1,41,20250611
صابونة لبان دكر,20,1,20,20250611
اليس بايو سوفت قطن 70 ق,35,3,105,20250611
حجر قدم,20,2,40,20250611
حجر قدم,13,4,52,20250611
فاتيكا كريم شعر 125 مل,60,1,60,20250611
جومانا حنة اظافر,6.75,24,162,20250611
فا رول اون,43.5,12,522,20250611
مولفيكس بانتس مقاس (4) 58 ق,316,1,316,20250611
كحول ايثيلي 70% 100 مل,6.9,6,41.4,20250611
كليويل محلول عدسات كوري 150 مل + حافظة عدسات,30,2,60,20250611
بنسة شعر Ball Tip,10,1,10,20250611
خاتم فري سايز,50,1,50,20250611
ماسة سبلاش - اميرة العرب 250 مل,110,1,110,20250611
ديفول شامبو اطفال 300 مل,82,1,82,20250611
سوبر كيدز غسول فوم للوجه اطفال 200 مل,103,1,103,20250611
سوبر كيدز جل كيرلي 250 مل,82.5,1,82.5,20250611
سوبر كيدز اسبراي كيرلي 250 مل,75,1,75,20250611
شان جل مرطب 60 جرام,74,2,148,20250611
مان لوك جل 250 مل,22,2,44,20250611
سلاكة اذن خشب حجم كبير,9.5,2,19,20250611
وايت مناديل سحب,23,3,69,20250611
ايفا كريم شعر بالعسل 85 جرام,37.5,1,37.5,20250611
فيانسيه زيت شعر مغذي 175 مل,26.5,2,53,20250611
الو ايفا شامبو بالارجان 230 مل,65,3,195,20250611
سانوسان كريم حفاض 100 مل,142,1,142,20250611
باشن بيبي كريم ترطيب منطقة الحفاض 100 جرام,69,1,69,20250611
تريشوب شامبو 200 مل,51.5,1,51.5,20250611
تريشوب شامبو 200 مل,51.5,1,51.5,20250611
نوراي مناديل,13.25,3,39.75,20250611
الو ايفا بديل الزيت بخلاصة الصبار 250 مل,71,1,71,20250611
الو ايفا بديل الزيت بخلاصة الصبار 250 مل,71,1,71,20250611
كال سبراي 125 مل,74,1,74,20250611
كال سبراي 125 مل,74,1,74,20250611
تريشوب شامبو 400 مل,85,1,85,20250611
فازلين بيور 110 مل,23.75,2,47.5,20250611
بيزيلين مزيل عرق اسبراي 150 مل,232,1,232,20250611
واتسونز سو سيكسي سبراي ديودرانت 150  مل,257,1,257,20250611
ليه كاريتييه بدي باتر 250 مل بزبدة الشيا,97,1,97,20250611
فازلين بيور 30 مل,8.5,2,17,20250611
ايفا تونر بالكولاجين 200 مل,156,1,156,20250611
ايفا جولد ارجان واقي من الحرارة 200 مل,177,1,177,20250611
فا شاور كريم 250 مل,27.5,1,27.5,20250611
جود كير بكر تواليت 2 قطعة,8.35,3,25.05,20250611
ليه كاريتييه بلسم 400 مل,97,1,97,20250611
ديفول شامبو زبدة الشيا 250 مل,82,1,82,20250611
بانثينول كريم مرطب و ملطف للجلد 30 جرام,32,4,128,20250611
العراب ماء ورد 250 مل,16,3,48,20250611
تناية رموش معدن,13.5,2,27,20250611
ايميليا طقم سكراب للشفايف 4 * 1,65,6,390,20250611
روز بيري قلم حواجب دبل ثابت,135,1,135,20250611
مناديل اسيتون,9,4,36,20250611
املا ياسمين زيت شعر 180 مل,90,1,90,20250611
بيوتي سيكريت ماسك طبيعي,23,4,92,20250611
المسواك معجون اسنان 50 +10 جم,17,5,85,20250611
ستارفيل شيت ماسك,38,2,76,20250611
المسواك معجون اسنان 120+ 20 جم,35,5,175,20250611
لاصق حبوب,25,1,25,20250610
ليه كاريتييه شامبو 400 مل,95,1,95,20250610
شان غسول مناطق حساسة 250 مل,116,2,232,20250610
مايت سينما بلاشر بودر,40,5,200,20250610
ستارفيل صابونة حبوب 90 جرام,39,2,78,20250610
ستارفيل جل تفتيح 60 جرام حماية 50,112,1,112,20250610
ستارفيل غسول جل 100 مل,63,1,63,20250610
باراشوت ادفانسد  زيت شعر جوز هند 180 مل,65,1,65,20250610
بوباي صن سكرين كريم 50 جرام,110,2,220,20250610
بوباي صن سكرين كريم تنتد 60 جرام,110,1,110,20250610
بوباي كريستال كلير جل 1 + 1,299,2,598,20250610
شان ليب بالم,67,7,469,20250610
شان جل مرطب 200 مل,165,2,330,20250610
اليس فرشاة شعر خشب,135,1,135,20250610
استك + كلبس,20,1,20,20250610
حرير سويت,13.75,12,165,20250610
ايفا بدي سبلاش 240 مل,165,1,165,20250610
ايفا كريم تصفيف شعر كيراتين 200 مل,89.25,2,178.5,20250610
ايفا بدي لوشن,120,1,120,20250610
فريدا شاور جل 650 مل,80,1,80,20250610
فريدا شاور جل 650 مل,80,1,80,20250610
فريدا شاور جل 1200 مل,135,1,135,20250610
ايفا ريسبي شامبو  350 مل,120,1,120,20250610
ستارفيل غسول جل 200 مل,87,3,261,20250610
ستارفيل غسول تفتيح 200 مل,110,3,330,20250610
ستارفيل صابونة تفتيح 90 جرام,34.5,1,34.5,20250610
كحل بنجور ماتيك,15,1,15,20250610
بيلا سبلاش 125 مل,35,3,105,20250610
هير كنترول فرد,180,1,180,20250610
بندولين مناديل 70 ق,75,1,75,20250610
باراشوت زيت شعر 500 مل,200,2,400,20250610
بدي ليشيوس رول اون,60,1,60,20250610
ايفا كريم مقشر لليدين 50 مل,55,3,165,20250610
دهب ليفة كف,35,1,35,20250609
روج سندرا سايل 549,45,1,45,20250609
كريم اساس مونايا انبوبه,50,1,50,20250609
الو ايفا حمام كريم 250 جم,70,1,70,20250609
ايفا بدي سبلاش 240 مل,190,1,190,20250609
صوفي حفاضات نسائية طويل 16 قطعة,45,1,45,20250609
مولبد حفاضات نسائية الترا رفيعة طويل جدا 14 ق,55,1,55,20250609
الو ايفا بلسم ارجان 230 مل,75,1,75,20250609
بريتي وومن مناديل ازالة مكياج,5,2,10,20250609
كليوباترا شامبو 500 مل,60,1,60,20250609
استك 281-5,10,1,10,20250609
ايفونا ليب بالم,25,1,25,20250609
توكة وردة تريندي,25,1,25,20250609
خاتم اكسسوار,30,2,60,20250608
دبابيس,10,1,10,20250608
خاتم اطفال,7.5,1,7.5,20250608
ستارفيل مزيل مكياج 200 مل,110,1,110,20250608
حرير سويت,25,1,25,20250608
صوفي حفاضات نسائية طويل 16 قطعة,45,2,90,20250608
صوفي حفاضات نسائية طويل 16 قطعة,45,2,90,20250608
صوفي حفاضات نسائية طويل 16 قطعة,45,2,90,20250608
استك + كلبس,20,1,20,20250608
استك 551-31,25,1,25,20250608
روج سحري اخضر,20,1,20,20250608
ملمع سندرا 410,45,1,45,20250608
بلاشر ستيك كيس بيوتي 51050,65,1,65,20250608
هير كنترول فرد,180,1,180,20250608
بونابيلا حمام كريم كيس,15,1,15,20250608
سبلاش 125 مل,35,1,35,20250607
شيجلام لفتر انبوبة 100200,30,1,30,20250607
اكلادور فيت مي,25,1,25,20250607
ليب بالم روز بيري 0834,55,1,55,20250607
اليجانس اسبراي 150 مل,110,1,110,20250607
دبابيس,10,1,10,20250607
تاتو اسود,5,3,15,20250607
مولبد حفاضات نسائية عرض 2 ق,90,1,90,20250607
مبرد 6*1,25,1,25,20250607
سيفورا كحل,65,1,65,20250607
روز بيري قلم حواجب دبل ثابت,135,1,135,20250606
تنت جيلاتين,85,1,85,20250606
المسواك معجون اسنان 120+ 20 جم,45,1,45,20250606
فرشاة شعر اطفال 870,45,1,45,20250606
خاتم فري سايز,50,1,50,20250606
خاتم اطفال,7.5,1,7.5,20250606
استك mm1-110,15,1,15,20250606
اليس بايو سوفت قطن 70 ق,45,1,45,20250606
لانكوم برفان 30 مل,75,1,75,20250606
ستارفيل مزيل مكياج 200 مل,110,1,110,20250606
بريتي وومن مناديل ازالة مكياج,5,1,5,20250606
ستاركي سكراب 300 مل,30,1,30,20250606
شيجلام مسكرة شفافة 911,50,1,50,20250606
تمارا كريم شعر 170 مل,31,1,31,20250606
بلاشر ستيك كيس بيوتي 51050,65,1,65,20250606
شيجلام روج خشب,30,1,30,20250606
شيجلام روج خشب,30,1,30,20250606
كير اند مور كريم مرطب  75 مل,35,1,35,20250606
لطافة برفان اسد اوت ليت,400,1,400,20250606
بوبانا صابون مغربي 500 جرام,75,1,75,20250605
واتسونز سبلاش 250 مل,65,1,65,20250605
اليس شفرات 3 موس AS-22,90,1,90,20250605
بدي ليشيوس رول اون,60,1,60,20250605
بوبانا شيت ماسك كيس,40,3,120,20250605
ستارفيل مزيل مكياج 100 مل,75,1,75,20250605
بونابيلا حمام كريم كيس,15,2,30,20250605
غارنييه صبغة شعر,130,1,130,20250605
بلسم ORS أرجان 400 مل,95,1,95,20250605
سلطانة بدي سبلاش 200 مل,120,1,120,20250605
برايمر بريتي وومان 50,110,1,110,20250605
مخمرية مزيل عرق ديار القرشي,35,1,35,20250605
شيجلام ليب جلوس انبوبة,40,1,40,20250605
تمارا كريم شعر 170 مل,31,1,31,20250605
فاتيكا حمام كريم 450 جم,70,1,70,20250605
فلامنجو شفرات,30,1,30,20250605
ملقاط ار جي 221,35,1,35,20250605
ملقاط ار جي 221,35,1,35,20250605
فرشاة شعر تدليك سيلكون لوكس,40,1,40,20250605
فلومار اكلادور 16 مل,20,1,20,20250605
كحل ام ان 161,20,1,20,20250605
اكلادور فيت مي,25,1,25,20250605
اكلادور فيت مي,25,1,25,20250605
شيجلام اكلادور,15,1,15,20250605
بوبانا شيت ماسك كيس,40,1,40,20250605
بوبانا شيت ماسك كيس,40,1,40,20250605
ستاركي سكراب 300 مل,30,1,30,20250605
ستاركي سكراب 300 مل,30,1,30,20250605
شنطة مكياج,15,1,15,20250605
ايفا غسول للوجه ومزيل للمكياج 150 مل,60,1,60,20250605
الو ايفا بلسم ارجان 230 مل,75,1,75,20250605
بريتي وومن مناديل ازالة مكياج,5,1,5,20250605
بريتي وومن مناديل ازالة مكياج,5,1,5,20250605
مسك دون,35,1,35,20250605
مسك رمان,35,1,35,20250605
حجر قدم,20,1,20,20250605
هير ميست,65,1,65,20250605
استك الوان كيس,15,1,15,20250605
طوق,25,4,100,20250605
كوين شفرات,35,1,35,20250605
كوين شفرات,35,1,35,20250605
حرير سويت,25,1,25,20250605
مزيل طلاء اظافر,15,1,15,20250605
مولبد حفاضات نسائية الترا رفيعة طويل جدا 14 ق,55,1,55,20250605
افوفا بدي سبلاش ميني,45,1,45,20250605
ايفا بدي سبلاش 240 مل,190,1,190,20250605
الو ايفا حمام كريم 250 جم,70,1,70,20250605
ايفا كريم تصفيف شعر كيراتين 200 مل,120,1,120,20250605
الوفيرا جل صبار 250 مل,25,1,25,20250605
الوفيرا جل صبار 250 مل,25,1,25,20250605
الوفيرا جل صبار 250 مل,25,1,25,20250605
مور مناديل مبللة للاطفال 72 منديل,25,1,25,20250605
كوكو سويت كرتون,30,1,30,20250605
بنسة شعر Ball Tip,10,1,10,20250605
خاتم اطفال,3.5,99,346.5,20250605
خاتم اطفال,7.5,1,7.5,20250605
خاتم اطفال,7.5,1,7.5,20250605
دبابيس,7.5,12,90,20250605
دبابيس,10,1,10,20250605
دبابيس,10,1,10,20250605
سلسلة mka,35,1,35,20250605
سلسلة mka,20,12,240,20250605
خاتم فري سايز,35,50,1750,20250605
خاتم ستانلس,25,47,1175,20250605
خاتم اكسسوار,17.5,100,1750,20250605
خاتم اكسسوار,30,1,30,20250605
خاتم وعد,15,50,750,20250605
حلق 3*1,15,12,180,20250605
تاتو اسود,3,11,33,20250605
مينك حمام كريم 500 مل,48,2,96,20250605
سلسلة استانلس,75,1,75,20250605
حلق فص,17.5,36,630,20250605
تاتو برونز,10,1,10,20250605
تاتو برونز,10,1,10,20250605
تاتو برونز,10,1,10,20250605
براشوت جولد كريم شعر210 مل,53.5,2,107,20250605
دون برفيوم رول,35,1,35,20250605
اليزابيث هيلين ايلاينر,60,2,120,20250605
لوريال الفيف شامبو 400 مل,93,1,93,20250605
ايفا كريم مرطب 170 جم,42,2,84,20250605
ايفا كريم مرطب 50 جم,21,2,42,20250605
دراكون رول اون 1,85,2,170,20250605
دراكون رول اون 1,100,1,100,20250605
كولاجرا رول اون كوتون كاندي,100,2,200,20250605
كولاجرا رول اون كوتون كاندي,120,1,120,20250605
بيوتي سيكريت ماسك طبيعي,35,1,35,20250605
فرشاة اسنان كبار Funny,20,1,20,20250605
ستارفيل شيت ماسك,55,2,110,20250605
كيس بيوتي ليب سيرم,40,1,40,20250605
كيس بيوتي ليب سيرم,40,1,40,20250605
فوطة ميكرو فايبر,55,1,55,20250605
اليس شفرات 3 ق,45,1,45,20250605
شيت ماسك كولاجين,35,1,35,20250605
ايفونا ليب بالم,25,1,25,20250605
مناديل اسيتون,20,1,20,20250605
لاصق حبوب,35,1,35,20250605
ايميليا طقم سكراب للشفايف 4 * 1,65,1,65,20250605
ايميليا طقم سكراب للشفايف 4 * 1,85,1,85,20250605
ايميليا طقم سكراب للشفايف 4 * 1,65,1,65,20250605
ايميليا طقم سكراب للشفايف 4 * 1,85,1,85,20250605
تناية رموش معدن,30,1,30,20250605
سلطانة برفان اطفال 100 مل,60,1,60,20250605
ام ان مصحح حواجب,60,1,60,20250605
مبرد 6*1,25,1,25,20250604
سيفورا كحل,65,1,65,20250604
لاصق حبوب,35,1,35,20250604
اليس جلافز,55,1,55,20250604
شيت ماسك كولاجين,35,1,35,20250604
شان جل مرطب 60 مل,100,1,100,20250604
توكة وردة تريندي,25,1,25,20250604
كيس بيوتي ليب سيرم,40,1,40,20250604
مولفيكس مقاس (3) 58 قطعة,350,1,350,20250604
بنسة شعر Ball Tip,4,12,48,20250604
بنسة شعر Ball Tip,10,3,30,20250604
كوكو واكس شيت,75,1,75,20250604
سيبال ليفل اب مسكرة  اوريجينال,230,1,230,20250604
فريدا معطر جو,60,1,60,20250604
صوفي حفاضات نسائية طويل 16 قطعة,45,2,90,20250604
كلبس,35,1,35,20250604
فاتيكا كريم شعر 125 مل,60,1,60,20250604
ديرما بلاننج,5,2,10,20250604
ديرما بلاننج,5,2,10,20250604
ستارفيل كريم لحب الشباب 60 جرام,85,1,85,20250604
ستارفيل سيرم هيالورنيك اسيد 30 مل,250,1,250,20250604
بوبانا شيت ماسك كيس,40,1,40,20250604
بلاشر ستيك كيس بيوتي 51050,65,1,65,20250604
ايسنس برنسيس مسكره,65,1,65,20250604
باراشوت زيت شعر 500 مل,250,1,250,20250604
بوبانا شامبو جوز هند + ثوم 400 مل,130,1,130,20250604
لونا مجموعة 4*1,120,1,120,20250604
باليت صبغة شعر,95,1,95,20250604
بونابيلا حمام كريم كيس,15,1,15,20250604
بوبانا مرطب زبدة شفايف,60,1,60,20250604
بوبانا ملح حليب كيس,45,1,45,20250604
افوفا سويت عجينة,30,1,30,20250604
فوج اسبراي 120 مل,110,2,220,20250604
بوبانا صابون مغربي 500 جرام,75,1,75,20250604
لاكشري بدي سبلاش 200 مل,160,1,160,20250604
فاتيكا زيت شعر 90 مل,15.75,1,15.75,20250603
كولاجرا سيرم نياسيناميد 30 مل فيتامين B,310,1,310,20250603
سنسوداين معجون أسنان 50 مل,60,1,60,20250603
ايفا اي كيرياتين سيرم  100 مل,160,2,320,20250603
سكراب كاندي مارشميلو,46,1,46,20250603
ملمع سندرا 410,45,1,45,20250603
ملمع سندرا 410,45,1,45,20250603
شيجلام لفتر انبوبة 100200,30,1,30,20250603
مولفيكس مقاس (1) نيو بورن 60 ق,290,1,290,20250603
استيك PETIT SWEET,10,1,10,20250603
استك لؤلؤ,15,1,15,20250603
استك 281-5,10,1,10,20250603
سوبر كيدز حمام كريم 300 جم,93.5,2,187,20250603
صوفي حفاضات نسائية طويل 16 قطعة,39.67,8,317.36,20250603
لونا عرض 3*1 حجم كبير,110,1,110,20250603
مينك حمام كريم 800 مل,90,2,180,20250603
مينك كريم شعر 250 مل,37,3,111,20250603
عبد الصمد القرشي مسك طهارة 6 مل,32.5,2,65,20250603
مولفيكس مقاس (4)58 قطعة,312,1,312,20250603
ماي واي شاور جل  2 لتر,85,1,85,20250603
بندولين حمام كريم بزبدة الشيا 300 مل,180,2,360,20250603
مولفيكس مقاس (3) 58 قطعة,312,1,312,20250603
ماي واي شاور جل  تندر 2 لتر,95,1,95,20250603
مرطب لونا للبشرة 50 جرام,27.5,1,27.5,20250603
بندولين كريم اطفال للشعر الكيرلي 150 مل,96,1,96,20250603
بندولين كريم شعر اطفال ضد القشرة 150 مل,96,1,96,20250603
فرشاة اسنان كبار Funny,7.5,6,45,20250603
Rouge 540 برفان,25,1,25,20250603
212 sexy برفان,25,1,25,20250603
د / عربي سمايل هيفين  بكيني بتر 500 مل,225,1,225,20250603
هيركود جل انبوبة 250 مل,31,1,31,20250603
فاتيكا جل انبوبة 250 مل,24.5,1,24.5,20250603
لونا مرطب للبشرة 160 جرام,50,1,50,20250603
كيس بيوتي ليب سيرم,40,1,40,20250603
فوطة ميكرو فايبر,40,2,80,20250603
اليس جلافز,55,1,55,20250603
شان كريم مرطب,150,1,150,20250603
سيفورا كحل,65,1,65,20250603
دون برفان فرنسي,150,1,150,20250602
دندل اعواد قطن 100 عود,15,1,15,20250602
مناديل اسيتون,20,1,20,20250602
مناديل اسيتون,20,1,20,20250602
لونا مرطب للبشرة 160 جرام,50,1,50,20250602
لونا مرطب للبشرة 160 جرام,70,1,70,20250602
فرشاة شعر اطفال 870,32,1,32,20250602
بيوتي سيكريت ماسك طبيعي,23,5,115,20250602
فرشاة شعر بيبي روز,19,1,19,20250602
فرشاة شعر بيبي ار جي 705,57,1,57,20250602
فرشاة شعر بيبي BDL 5058,19,1,19,20250602
المسواك معجون اسنان 120+ 20 جم,45,1,45,20250602
استك + كلبس,20,1,20,20250602
مايت سينيما بلاشر  1123,50,1,50,20250602
كلبس وردة فسفور,25,1,25,20250602
استك mm1-110,15,2,30,20250602
مسك طهارة حامل المسك,40,1,40,20250602
صابونة لبان دكر,20,1,20,20250602
ماي واي_ماي فوت كريم كعب 40 مل,25,1,25,20250602
شيجلام ملمع شفايف 8861,45,1,45,20250602
ملمع سندرا 410,45,1,45,20250602
لوشن بدي بتر بكيني 500 مل,250,1,250,20250602
مسكره ام ان 344,80,1,80,20250602
ستارفيل غسول جل 200 مل,125,1,125,20250602
كحل ام ان 161,20,2,40,20250602
فلومار اكلادور 16 مل,20,2,40,20250602
فلومار اكلادور 16 مل,20,1,20,20250602
سكراب كاندي مارشميلو,60,1,60,20250602
بليس ليف ان كريم انبوبة للشعر الكيرلي 200 مل,65,1,65,20250602
بايجن صبغة حواجب,85,1,85,20250602
ايفا اي كيرياتين سيرم  100 مل,190,1,190,20250602
كير اند مور كريم مرطب  75 مل,35,1,35,20250602
بوبانا ماسك انبوبة 120 مل,75,1,75,20250602
هيمالايا كريم شعر 140 مل,60,1,60,20250602
غسول بكيني 250مل,100,1,100,20250602
فرشة شعر ار جي 188,95,1,95,20250602
واتسونز بدي سبلاش حليبي 250 مل,150,1,150,20250602
فوج اسبراي 120 مل,110,2,220,20250601
بوبانا مزيل عرق رول اون 50 مل,65,2,130,20250601
كير اند مور كريم مرطب  75 مل,35,1,35,20250601
بونابيلا حمام كريم كيس,15,1,15,20250601
شراب سيليكون لوكس كبير,65,1,65,20250601
فلومار اكلادور 16 مل,20,2,40,20250601
د/ عربي مارشميلو BUTTER,190,1,190,20250601
مسكره ام ان 344,80,1,80,20250601
برفان قلم 35 مل,35,1,35,20250601
بريتي وومن روج ستيك,35,2,70,20250601
اليس بايو سوفت قطن 70 ق,45,1,45,20250601
بريتي وومن مناديل ازالة مكياج,5,1,5,20250601
ام ان كحل ماتك,50,1,50,20250601
صوفي حفاضات نسائية طويل 16 قطعة,45,1,45,20250601
المسواك معجون اسنان 120+ 20 جم,35,2,70,20250601
كير اند مور غسول 150 مل,53,1,53,20250601
املاح باديكير فوارة 950 جم,15,1,15,20250601
لونا مرطب يد وجسم 75 جم,34,1,34,20250601
ستارفيل شيت ماسك,38,2,76,20250601
بكيني بالم اوريجينال,125,2,250,20250601
دون بدي لوشن 250 مل,40,1,40,20250601
فيلفيت مناديل ازالة ميكياج  100 قطعة,50,1,50,20250601
نودي صابون حمام مغربي,84,1,84,20250601
كازابلانكا مجموعة العروسة 6*1,127.5,1,127.5,20250601
صانسيلك شامبو 350 مل,75,3,225,20250601
صانسيلك زيت شعر 250 مل,75,1,75,20250601
فوطة ميكرو فايبر,40,1,40,20250601
فوطة ميكرو فايبر,55,1,55,20250601
املا ياسمين زيت شعر 180 مل,70,1,70,20250601
تريشوب زيت شعر 100 مل,67,1,67,20250601
تريشوب زيت شعر بالحبة السوداء 200 مل,105,1,105,20250601
لطافة برفان,25,6,150,20250601
لطافة برفان,35,1,35,20250601
شاور كاب علبة,12,2,24,20250601
ايسنس كريزي فوليوم مسكرة اوريجينال,175,2,350,20250601
سيبال هوت لاش مسكرة اوريجنال,205,1,205,20250601
ايمبر بدي سبلاش,155,1,155,20250601
املا جولد زيت شعر 180 مل,65,1,65,20250601
مولبد حفاضات نسائية عرض 2 ق,77.5,1,77.5,20250601
جلافز صنفرة,20,2,40,20250601
سوفاج برفان باكدج كامل,270,1,270,20250601
لورد فوم حلاقة,50,1,50,20250601
اكتيف مان فوم حلاقة,50,1,50,20250601
كيس بيوتي ليب سيرم,31.5,24,756,20250601
توكة وردة تريندي,16,8,128,20250601
مخمرية بكيني بتر ميني,18,2,36,20250601
اليس شفرات 3 ق,35,2,70,20250601
ايسنس لوشن جليتري,53,1,53,20250601
طقم باديكير,17,2,34,20250601
ليفة سيليكون,18,1,18,20250601
بونيه ستان + توكة,38,2,76,20250601
دابر املا  شامبو 190 مل,38.5,2,77,20250601
دودج بلسم 500 مل,45,1,45,20250601
وايت مناديل ازالة مكياج 80 قطغة,38.5,1,38.5,20250601
شيروسا شامبو 350 مل,42,1,42,20250601
دودج شامبو 500 مل,45,1,45,20250601
مناديل اسيتون,9,6,54,20250601
ايفونا ليب بالم,15,2,30,20250601
كاريت مزيل مكياج,16,1,16,20250601
فازلين شفايف ثيرابي,12.5,3,37.5,20250601
ايمامي زيت 50 مل,50,1,50,20250601
اليس جلافز,55,1,55,20250601
بكيني بدي سبلاش 250 مل,90,1,90,20250601
اليس جلافز,45,3,135,20250531
مود بدي ميلك,75,3,225,20250531
شان بدي ميلك برائحة 300 مل,170,3,510,20250531
دون برفان فرنسي,120,1,120,20250531
كيكو دبل روج,75,3,225,20250531
دون برفان اماراتي,100,1,100,20250531
لاصق حبوب,25,3,75,20250531
حافظة عدسات فاكيوم,15,6,90,20250531
كير اند مور فازلين مرطب  50 مل,21,2,42,20250531
ايميليا هير ميست,75,1,75,20250531
بامبرز بانتس مقاس (5) 58 ق,370,1,370,20250531
فاين بيبي  مقاس (5) 76 ق,400,1,400,20250531
دندل اعواد قطن 100 عود,9,6,54,20250531
ماسك شفايف,15,6,90,20250531
تنت جيلاتين,75,3,225,20250531
شيت ماسك كولاجين,25,3,75,20250531
كلاري سيرم,275,1,275,20250531
مزيل طلاء اظافر,15,1,15,20250531
الو ايفا بلسم 230 مل,95,3,285,20250531
الو ايفا بلسم 230 مل,95,4,380,20250531
ايفا بدي سبلاش 240 مل,165,3,495,20250531
ايفا بدي سبلاش 240 مل,165,2,330,20250531
بريتي وومن مناديل ازالة مكياج,3.5,48,168,20250531
اوليف فرد شعر ORS,146,1,146,20250531
اكسلانت جل 500 جرام,45,1,45,20250531
اكسلانت جل 500 جرام,33.5,3,100.5,20250531
فرشاة اسنان HASI,30,1,30,20250531
ديرما بلاننج,5,4,20,20250531
الو ايفا بلسم ارجان 230 مل,61,4,244,20250531
حجر قدم,13,2,26,20250531
شان جل مرطب 200 مل,220,1,220,20250531
شان جل مرطب 200 مل,165,1,165,20250531
لاميس برفان اماراتي بلوزيز 100 مل,265,1,265,20250531
شيجلام ملمع شفايف 8861,45,1,45,20250531
هيركود جل انبوبة 160مل + 25 مل,30,1,30,20250531
فاتيكا شامبو 360 مل,51.5,2,103,20250531
الو ايفا حمام كريم 250 جم,59,6,354,20250531
ديسار كريم تفتيح فيتامين سي 50 جرام,100,2,200,20250531
بلسم ORS أرجان 400 مل,82.5,1,82.5,20250531
كير اند مور كريم مرطب  75 مل,29.5,2,59,20250531
ايفا شاور كريم استحمام 250 مل,100,1,100,20250531
هيمالايا كريم شعر 140 مل,40,3,120,20250531
بدي ليشيوس رول اون,60,1,60,20250531
ارجان زيت ORS,44.5,1,44.5,20250531
الصاروخ لاصق اظافر,10,1,10,20250531
ماكينة حلاقة كيمي 701 بيضاء,460,1,460,20250531
ماكينة حلاقة كيمي 701 بيضاء,600,1,600,20250531
بدي ليشيوس رول اون,50,3,150,20250530
بدي ليشيوس رول اون,50,9,450,20250530
بدي ليشيوس رول اون,55,1,55,20250530
بدي ليشيوس رول اون,43.5,1,43.5,20250530
بوبانا ماسك طمي قناع برطمان  400 جرام,75,1,75,20250530
بوبانا سكراب 300 جرام,68,1,68,20250530
بلسم ORS أرجان 400 مل,95,1,95,20250530
مبرد قدم بارز كبير,35,1,35,20250530
الو ايفا حمام كريم 250 جم,70,1,70,20250530
غارنييه صبغة شعر,100,3,300,20250530
فلومار اكلادور 16 مل,20,1,20,20250530
بكيني بتر ميني,75,1,75,20250530
بلاشر ستيك كيس بيوتي 51050,65,1,65,20250530
ليب بالم تاناكو كوري,25,1,25,20250530
برفان قلم 35 مل,35,1,35,20250530
بيوتي بلندر,15,1,15,20250530
مسكره ام ان معدن زرقاء 323,80,1,80,20250530
فاتيكا كريم كبير 190 جم,65,1,65,20250530
اليس شفرات وجه 3 ق علبة موف,50,1,50,20250530
بوبانا شيت ماسك كيس,40,1,40,20250530
بوبانا شيت ماسك كيس,40,1,40,20250530
ستارفيل صابونة تفتيح 90 جرام,34.5,3,103.5,20250530
كريم فاتيكا وسط 125 مل,39.5,4,158,20250530
روج سحري اخضر,20,1,20,20250530
بليس ليف ان كريم للشعر الكيرلي 450 مل,92.5,1,92.5,20250530
فاتيكا كريم شعر 125 مل,55,3,165,20250530
لاميس برفان اماراتي بلوزيز 100 مل,265,1,265,20250530
لاميس برفان اماراتي بلوزيز 100 مل,400,1,400,20250530
ابرة بثور,15,1,15,20250530
مسك طهارة حامل المسك,35,1,35,20250530
الو ايفا بلسم ارجان 230 مل,75,1,75,20250530
ليفة مغربية,35,1,35,20250530
اكسلانت جل 500 جرام,33.5,2,67,20250530
بريتي وومن مناديل ازالة مكياج,5,6,30,20250530
بريتي وومن مناديل ازالة مكياج,5,3,15,20250530
لونا عرض 3*1 حجم صغير,80,1,80,20250530
مولبد حفاضات نسائية 16 ق,55,1,55,20250530
شان كريم مرطب,135,3,405,20250530
سيفورا كحل,50,4,200,20250530
روز بيري كحل,50,6,300,20250530
روز بيري قلم حواجب دبل ثابت,75,3,225,20250530
مايت سينما بودرة مائية,100,3,300,20250530
مبرد 6*1,12,3,36,20250530
تناية رموش معدن,13.5,2,27,20250529
ساندرا بلاشر سايل,40,6,240,20250529
ذا بدي شوب سبلاش 250 مل,60,6,360,20250529
دون برفان ميني 30 مل,75,4,300,20250529
اسبراي تفتيح كوري,165,2,330,20250529
ام ان مصحح حواجب,42.5,3,127.5,20250529
سلطانة برفان اطفال 100 مل,40,2,80,20250529
بكيني بدي سبلاش 250 مل,60,2,120,20250529
ليه كاريتييه شامبو 400 مل,95,1,95,20250529
سباركل شامبو 600 مل,67.5,3,202.5,20250529
كير اند مور تونر  150 مل,60,2,120,20250529
جورجينا برفان 100 مل,230,1,230,20250529
بريتي وومان روج  دبل,37.5,24,900,20250529
بريتي وومن مصحح  3 لون,42.5,5,212.5,20250529
ايمليا سيرم للحواجب,60,1,60,20250529
بريتي وومن مناديل ازالة مكياج,3.5,48,168,20250529
جيليت بلو تو شفرات,11.25,28,315,20250529
فرشاة اسنان اطفال FUNNY,7.5,3,22.5,20250529
اوليف فرد شعر ORS,146,1,146,20250529
وان مليون برفان  100 مل,115,1,115,20250529
سترونجر وز يو برفان  100 مل,125,1,125,20250529
حبر تاتو,20,12,240,20250529
ستارفيل مزيل مكياج 200 مل,87.5,2,175,20250529
الو ايفا حمام كريم  185 جم,77.5,2,155,20250529
ديرما بلاننج,2.5,100,250,20250529
اليس فرشاة شعر خشب,105,2,210,20250529
اليس مشط خشب,28,3,84,20250529
كليوباترا حمام كريم 700 مل,48,2,96,20250529
فرشاة اسنان HASI,18.5,12,222,20250529
تمارا كريم حلاقة,15,2,30,20250529
مان لوك كريم حلاقة  40 جم,23,2,46,20250529
ماي واي مزيل عرق كريم سبرنج 40 مل,30,1,30,20250529
كليوباترا شامبو 500 مل,41,2,82,20250529
كليوباترا بلسم 500 مل,41,1,41,20250529
تمارا كريم شعر 170 مل,21.75,3,65.25,20250529
ستارفيل كريم لحب الشباب 60 جرام,60,2,120,20250529
ستارفيل جل مرطب هيدراتنج 100 مل انبوبه,125,2,250,20250529
بيبي روز ايشادو 16 لون,125,1,125,20250529
بلاشر رومانتك برايت 6 لون 218,95,1,95,20250529
ايلاينر ام ان ديناميك 4134,65,1,65,20250529
مسكره ام ان 344,80,1,80,20250529
بلاشر ستيك كيس بيوتي 51050,65,1,65,20250529
شيجلام ملمع شفايف 8861,45,1,45,20250529
غارنييه صبغة شعر,130,2,260,20250529
ديسار كريم تفتيح فيتامين سي 50 جرام,110,1,110,20250529
هيمالايا كريم شعر 210 مل,55,2,110,20250529
بوبانا بدي سبلاش 250 مل,114,3,342,20250529
بوبانا مرطب زبدة شفايف,36,2,72,20250529
بدي ليشيوس رول اون,55,1,55,20250529
تولين سبلاش سو سيكسي,80,2,160,20250529
واتسونز بدي سبلاش حليبي 250 مل,80,2,160,20250529
لاكشري بدي سبلاش 200 مل,110,5,550,20250529
ماكينة حلاقة كيمي 701 بيضاء,600,1,600,20250528
شيجلام لفتر انبوبة 100200,30,1,30,20250528
شيجلام لفتر انبوبة 100200,30,1,30,20250527
شيجلام لفتر انبوبة 100200,30,1,30,20250527
فلومار اكلادور 16 مل,20,1,20,20250527
فلومار اكلادور 16 مل,20,1,20,20250527
فلومار اكلادور 16 مل,20,1,20,20250527
شيجلام ملمع شفايف 8861,45,1,45,20250527
بلاشر ستيك كيس بيوتي 51050,65,1,65,20250527
شيجلام ليب جلوس انبوبة,40,1,40,20250527
شيجلام ليب جلوس انبوبة,40,1,40,20250527
سبلاش 125 مل,35,1,35,20250527
سبلاش 125 مل,18,1,18,20250527
ايسنس برنسيس مسكره,65,1,65,20250527
ليدي موديل روج خشب 70,25,1,25,20250527
روج خشب ارت سكين 971078,35,1,35,20250527
ماي دهب شاور جل 2 لتر,50,1,50,20250527
مود شاور جل 750 جرام,80,1,80,20250527
ايفا ريسبي شامبو  350 مل,120,1,120,20250527
بيلا سبلاش 125 مل,35,1,35,20250527
شيجلام اكلادور,15,1,15,20250527
شيجلام اكلادور,15,2,30,20250527
كحل بنجور ماتيك,15,1,15,20250527
انسام بخور رفيع 2.5 ساعة,45,1,45,20250527
شاور جل لوزان 2.25 لتر,65,1,65,20250527
افوفا شفرات حريمي (كيس اخضر) 4 + 1,60,1,60,20250527
مقص ار جي 646,25,1,25,20250527
الصاروخ لاصق اظافر,10,1,10,20250527
فاتيكا زيت شعر 90 مل,20,1,20,20250527
بدي ليشيوس رول اون,55,1,55,20250527
لاكشري بدي سبلاش 200 مل,160,1,160,20250527
واتسونز بدي سبلاش حليبي 250 مل,150,1,150,20250527
سكراب كاندي مارشميلو,60,1,60,20250527
مناديل جيب مبللة,7.5,1,7.5,20250527
مناديل جيب مبللة,7.5,1,7.5,20250527
ديما مسك طهارة ابيض+رمان,45,1,45,20250527
دهب ليفة كف,35,1,35,20250527
دهب ليفة كف,35,1,35,20250527
لونا مجموعة 4*1,120,1,120,20250527
الو ايفا حمام كريم 250 جم,70,1,70,20250527
سوبر كيدز حمام كريم شعر 200 مل,120,1,120,20250527
كليوباترا بلسم 500 مل,60,1,60,20250527
صابونة لبان دكر,20,1,20,20250527
كلبس وردة فسفور,25,1,25,20250527
كلبس وردة فسفور,25,1,25,20250527
لاميس برفان اماراتي بلوزيز 100 مل,400,1,400,20250527
برفان سوفاج مغناطيس 100 مل,300,1,300,20250527
ستارفيل مزيل مكياج 200 مل,87.5,1,87.5,20250527
ستارفيل مزيل مكياج 200 مل,110,1,110,20250527
الو ايفا بلسم ارجان 230 مل,75,1,75,20250527
شنطة مكياج,3.5,4,14,20250527
فريدا معطر جو,60,1,60,20250527
مزيل طلاء اظافر,15,1,15,20250527
استك + كلبس,20,1,20,20250527
استك + كلبس,20,1,20,20250526
كلبس,35,1,35,20250526
طوق,25,2,50,20250526
دراكون رول اون,200,1,200,20250526
شنطة مكياج,15,1,15,20250526
استيك PETIT SWEET,10,1,10,20250526
الو ايفا بلسم ارجان 230 مل,61,2,122,20250526
مايت سينما ايشادو 48 لون,129,1,129,20250526
مولفيكس مقاس (1) نيو بورن 60 ق,260,1,260,20250526
ليفة مغربية,23,3,69,20250526
استك لؤلؤ,15,2,30,20250526
كلبس وردة فسفور,25,1,25,20250526
استك 281-5,10,1,10,20250526
كلبس  TK,25,1,25,20250526
ستارفيل غسول تفتيح 200 مل,160,1,160,20250526
ستارفيل غسول جل 200 مل,125,1,125,20250526
ايلاينر ام ان ديناميك 4134,65,1,65,20250526
شيجلام ليب جلوس انبوبة,40,1,40,20250526
شيجلام ليب جلوس انبوبة,40,1,40,20250526
مخمرية مزيل عرق ديار القرشي,35,1,35,20250526
فلومار اكلادور 16 مل,20,1,20,20250526
شيجلام لفتر انبوبة 100200,30,1,30,20250526
بلاشر ستيك كيس بيوتي 51050,65,1,65,20250525
بكيني بتر ميني,75,1,75,20250525
ملقاط ار جي 603,30,1,30,20250525
قصافة دبل على كارت 2*1,20,3,60,20250525
مويست لوشن بدي ميلك بخاخ 300 مل,215,1,215,20250525
مويست ميلكي غسول بخاخ 200 مل,140,2,280,20250525
دهب ليفة كف,35,1,35,20250525
اليس شفرات ازرق 8+4,95,1,95,20250525
قطعة مشط شنب,4.5,10,45,20250525
سكراب كاندي مارشميلو,60,1,60,20250525
جونسون مناديل مبللة للاطفال 72 منديل,78.75,2,157.5,20250525
اليس قصافة اظافر مستوردة صلب,45,3,135,20250525
تولين سبلاش سو سيكسي,125,1,125,20250525
لاكشري بدي سبلاش 200 مل,160,1,160,20250525
لاكشري بدي سبلاش 200 مل,160,1,160,20250525
مخمرية ايميليا سيرم,100,1,100,20250525
هيمالايا كريم شعر 140 مل,40,2,80,20250525
هيمالايا كريم شعر 140 مل,60,1,60,20250525
بوبانا مرطب زبدة شفايف,60,1,60,20250525
بوبانا بدي سبلاش 250 مل,190,1,190,20250525
كلاري كريم سكراب شعر لعلاج القشرة 300 مل,260,1,260,20250525
ايفا اسيتون 200 مل,57.5,1,57.5,20250525
لانكوم برفان 30 مل,75,1,75,20250525
كليوباترا بلسم 500 مل,60,1,60,20250525
كليوباترا شامبو 500 مل,60,1,60,20250525
استك 281-5,7,12,84,20250525
استك 281-5,10,2,20,20250525
فرشاة غسول,15,2,30,20250525
تينكل شفرات وجه 3 قطع,11.5,4,46,20250525
استك لؤلؤ,11.5,12,138,20250525
مبرد اظافر 3 قطع,20,3,60,20250525
استك الوان كيس,7,2,14,20250525
استك mm1-110,12,12,144,20250525
فرش ايشادو,10,2,20,20250525
فاتيكا كريم شعر 125 مل,39.5,1,39.5,20250525
فاتيكا كريم شعر 125 مل,55,1,55,20250525
فاتيكا كريم شعر 125 مل,39.5,3,118.5,20250525
شنطة مكياج,15,1,15,20250525
ايفا غسول مقشر للوجه 150 مل,42,1,42,20250525
ايفا غسول للوجه ومزيل للمكياج 150 مل,42,1,42,20250525
فاتيكا بديل زيت 250 مل,65,2,130,20250525
قفاش,6,12,72,20250525
كلبس فيونكة,7,10,70,20250525
طقم فرش ايشادو,48,1,48,20250525
مزيل طلاء اظافر,6,6,36,20250525
صوفي حفاضات نسائية طويل 16 قطعة,39.67,4,158.68,20250525
ستارفيل رول اون,94.5,3,283.5,20250525
فيانسيه كريم بخاخ 240 مل,43.5,3,130.5,20250525
بابيا مناديل تواليت 6 ك,51,1,51,20250525
مود هاند ووش,44,3,132,20250525
لونا عرض 3*1 حجم كبير,110,1,110,20250525
ايفا بدي لوشن,120,2,240,20250525
لونا عرض 3*1 حجم صغير,55,1,55,20250525
ايفا كيراتين بلسم 230 مل,90,2,180,20250525
ايفا كريم تصفيف شعر كيراتين 200 مل,89.25,2,178.5,20250525
الوفيرا جل صبار 250 مل,16.5,2,33,20250525
سيبال ليفل اب مسكرة  اوريجينال,190,3,570,20250525
وايت مناديل مبللة للاطفال 72 منديل,35,2,70,20250525
وايت مناديل مبللة للاطفال 72 منديل,27,3,81,20250524
مور مناديل مبللة للاطفال 72 منديل,15.5,5,77.5,20250524
مولبد حفاضات نسائية 18 ق,42.5,2,85,20250524
لونا شاور جل 2 لتر,110,2,220,20250524
معجون اسنان فلورو اطفال,22,3,66,20250524
كوكو واكس شيت,60,4,240,20250524
كوكو سويت كرتون,19,3,57,20250524
وان كريم ازالة شعر,35,3,105,20250524
ايفا بدي سبلاش 240 مل,158,2,316,20250524
كير اند مور مرطب 75 مل,30,4,120,20250524
كير اند مور مرطب 75 مل,35,1,35,20250524
فريدا شاور جل 1200 مل,112,2,224,20250524
فريدا معطر جو,47.5,5,237.5,20250524
افوفا بدي سبلاش ميني,30,5,150,20250524
مولبد حفاضات نسائية الترا رفيعة طويل جدا 14 ق,46.35,2,92.7,20250524
كوين شفرات,21,3,63,20250524
استك + كلبس,12,12,144,20250524
طوق,16.5,23,379.5,20250524
كلبس,27,12,324,20250524
كلبس,35,1,35,20250524
كلبس,35,1,35,20250524
دارلين كعب غزال 150 مل,22.5,2,45,20250524
مايت سينيما بلاشر  1123,42.5,12,510,20250524
ام ان كحل ماتك,42.5,2,85,20250524
ايفا ريسبي لوشن بخاخ 370 مل,132.5,2,265,20250524
جلوري حنة أكياس,32,12,384,20250524
ريفولي شاور جل 3 لتر,175,1,175,20250524
فريدا شاور جل 3 لتر,255,1,255,20250524
ايسنس مسكرة اوريجينال,190,2,380,20250524
ستاركي سكراب 300 مل,20,3,60,20250524
مايت سينما مسكرة شفافة  1148,36.5,2,73,20250524
شيجلام مسكرة شفافة 911,37.5,2,75,20250524
مايت سينما فيلر شفايف  1999,35,4,140,20250524
صابونة حليب الامارات,28.5,2,57,20250524
ايميليا سيرم للرموش والحواحب,60,2,120,20250524
اسفنجة الجلد,12.6,2,25.2,20250524
شنطة مكياج,3.5,12,42,20250524
مشط حراري,8.5,4,34,20250524
استيك PETIT SWEET,6,12,72,20250524
كير اند مور كريم مرطب 125 مل,50,1,50,20250524
طقم صبغة (طبق + فرش),24,2,48,20250524
كلبس  TK,13.5,12,162,20250524
استك mm1-110,12,1,12,20250524
استك mm1-110,15,1,15,20250524
فرشاة حمام زيت,20,3,60,20250524
بيوتي بلندر حجم كبير (كيس) 4*1,20,2,40,20250524
هدى بيوتي طقم فرش,48,1,48,20250524
قفاش فيونكة,19,12,228,20250524
كلبس وردة فسفور,30,1,30,20250524
كلبس وردة فسفور,20,12,240,20250524
كوين شفرات 10 ق,42,3,126,20250524
ماي واي_ماي فوت كريم كعب 40 مل,19.42,2,38.84,20250524
ماي واي_ماي فوت اسبراي 35 مل,19.42,1,19.42,20250524
بانسيه رول اون,15,2,30,20250524
كليوباترا شامبو 500 مل,41,2,82,20250524
كليوباترا بلسم 500 مل,41,2,82,20250524
صابونة لبان دكر,11.5,4,46,20250524
اليس بايو سوفت قطن 70 ق,35,2,70,20250524
لانكوم برفان 30 مل,50,3,150,20250524
بيور فوت باودر,10,1,10,20250524
اوبال فوت باودر,12,1,12,20250524
مسك دون,25,2,50,20250524
مسك رمان,25,1,25,20250524
ماي واي مزيل عرق كريم سبرنج 40 مل,23.25,3,69.75,20250524
ماي واي كيدي برفان اطفال,70,2,140,20250524
جي كي صبغة شعر,178,3,534,20250524
لونا ديب هايلورونيك,30,2,60,20250524
هير ميست,50,2,100,20250524
حجر قدم,13,2,26,20250524
مسك طهارة حامل المسك,26,2,52,20250524
زينة مناديل تواليت 6 ق,51.5,1,51.5,20250524
فاميليا مناديل تواليت 6 ق,50,1,50,20250524
شان جل مرطب 200 مل,165,2,330,20250524
كير اند مور كريم مرطب  75 مل,29.5,1,29.5,20250524
كير اند مور كريم مرطب  75 مل,29.5,1,29.5,20250524
ايمامي زيت شعر 100 مل,110,1,110,20250524
فرشة شعر ار جي 119,80,1,80,20250524
كلينج باد غسول + فرشة ماسك دبل,20,1,20,20250524
سكراب كاندي مارشميلو,46,2,92,20250524
ديما مسك طهارة ابيض+رمان,45,1,45,20250524
ايفا بلسم ريسبي 350 مل,95,2,190,20250524
د/ عربي مارشميلو BUTTER,140,1,140,20250524
كلبسات شعر بلاستيك,30,1,30,20250524
بونابيلا حمام كريم 450 جم,180,1,180,20250524
روج سايل رومانتيك ماط 3231,45,1,45,20250524
ملمع سندرا 410,45,1,45,20250524
ايسنس برنسيس مسكره,38,3,114,20250524
ايسنس برنسيس مسكره,65,1,65,20250523
سبلاش 125 مل,35,2,70,20250523
سبلاش 125 مل,35,1,35,20250523
بلاشر اسفنجة سندرا 154,75,1,75,20250523
شيجلام ملمع شفايف 8861,30,1,30,20250523
كحل ام ان 161,20,1,20,20250523
ستارفيل صابونة تفتيح 90 جرام,50,1,50,20250523
فاتيكا حمام كريم 450 جم,65,1,65,20250523
تمارا كريم شعر 170 مل,31,1,31,20250523
الو ايفا حمام كريم 250 جم,59,4,236,20250523
الو ايفا حمام كريم 250 جم,80,1,80,20250523
ار جي مبشرة قدم,17.5,3,52.5,20250523
لاميس برفان اماراتي بيور بلاك 100 مل,265,1,265,20250523
العروسة مخمرية بكيني باتر,40,1,40,20250523
لاميس برفان اماراتي هوت فور يو 100 مل,265,1,265,20250523
لاميس برفان اماراتي دارك ليزر 100 مل,265,1,265,20250523
بونابيلا حمام كريم كيس,15,1,15,20250523
غارنييه صبغة شعر,100,9,900,20250523
بابايا لوشن 600 مل,195,1,195,20250523
افتر شيف بكيني  250 مل,135,1,135,20250523
سوبر كيدز حمام كريم شعر 200 مل,82.5,1,82.5,20250523
باليت صبغة شعر,78,5,390,20250523
لاسيدا مناديل مبللة 120 منديل,20,2,40,20250523
لاسيدا مناديل مبللة 120 منديل,25,1,25,20250523
دير غسول للبشرة الدهنية 200 مل,96,1,96,20250523
بكيني سيت _ تشيز كيك 5*1,240,1,240,20250523
يوكو كريم مبيض للايدي والاظافر,47.5,2,95,20250523
ايفا اي كيرياتين سيرم  100 مل,160,1,160,20250523
تويست اند جو لوشن للشعر سبراي 100 مل,255,1,255,20250523
سترونج فيل تونك اسبراي للشعر 220 مل,132.5,1,132.5,20250523
بلسم ORS أرجان 400 مل,82.5,2,165,20250523
بوبانا شامبو جوز هند + ثوم 400 مل,100,1,100,20250523
حمام كريم تويست اند جو انبوبة 250 مل,185,1,185,20250523
عرض تويست اند جو شامبو + سيرم شعر,295,1,295,20250523
استشوار جي ماكس 9922-9933,450,1,450,20250523
باراشوت زيت شعر 500 مل,200,1,200,20250523
سيرم بلوب كبير,180,1,180,20250523
سيرم بلوب صغير,106,1,106,20250523
سي ليت رول اون  2*1 50 مل,155,1,155,20250523
زيت املا اطفال 270 مل,85,1,85,20250523
نيتروجينا بلاك هيد غسول 150 مل,212,1,212,20250523
فاشكول حمام كريم 500 جم,150,3,450,20250523
ارجنتو بوكس عرض 4 قطع,265,1,265,20250523
سلطانة بدي سبلاش 200 مل,85,1,85,20250523
ليلاك سيرم بشرة نياسيناميد 30 مل,298,1,298,20250523
ليلاك سيرم بشرة فيتامين سي 30 مل,298,1,298,20250523
ليلاك سيرم بشرة سيكا 30 مل,298,1,298,20250523
خالص بخور مشكل,72.5,3,217.5,20250523
كونتيسا صبغة شعر,65,2,130,20250523
تيترا جلو صن سكرين جل 50 مل,295,1,295,20250523
مبرد قدم بارز كبير,20,3,60,20250523
بوبانا ماسك حليب,38.5,4,154,20250523
كلوز اب معجون اسنان  100 مل,41.5,4,166,20250523
كلوز اب معجون اسنان  100 مل,50,1,50,20250523
تيلوفيل سيرم كونتور عين 17 مل,295,1,295,20250523
فريش كيدو شاور جل 300 مل,86,1,86,20250523
بوبانا ليف ان + شامبو 100 مل,90,2,180,20250523
انفنيتي ناتشرال لوشن بخاخ 250 مل,160,1,160,20250523
ازها عرض سيرم 30 مل 2*1,195,1,195,20250523
كراب سبراي الوان,58,1,58,20250523
انفنيتي غسول فوم هيالوكولاجين-هيالورونيك,172,1,172,20250523
لونا مجموعة 4*1,105,2,210,20250523
ديسار غسول فيتامين سي,85,1,85,20250523
ديسار كريم تفتيح فيتامين سي 50 جرام,82.5,1,82.5,20250523
تيترا جلو كريم تفتيح الوجه ليلي 30 جم,228,1,228,20250523
كازابلانكا املاح باديكير برطمان,35,1,35,20250523
سوبر كيدز 3*1 500 مل,137.5,1,137.5,20250523
تيترا جلو صن سكرين كريم 50 جرام,180,1,180,20250523
اليس شفرات علبة بينك,160,1,160,20250523
سنسوداين معجون أسنان 50 مل,52.5,6,315,20250523
تيترا جلو صن سكرين لوشن 50 مل,135,1,135,20250523
ملقاط إيطالي جراب جلد,47.5,2,95,20250523
فاتيكا شامبو 360 مل,51.5,1,51.5,20250523
فاتيكا شامبو 360 مل,60,1,60,20250523
فاتيكا شامبو 360 مل,51.5,1,51.5,20250523
بندولين شامبو للقشرة 300 مل,139,1,139,20250523
بندولين شاور للجسم 300 مل,112,1,112,20250523
ربيع الحرمين مكعبات مسك,10,1,10,20250523
ربيع الحرمين مكعبات مسك,10,1,10,20250523
بندولين شامبو أطفال 450 مل,153.5,3,460.5,20250523
بليس بلسم 500 مل,98.5,1,98.5,20250523
بليس بلسم 300 مل,63,2,126,20250523
دهب ليفة كف,22.5,12,270,20250523
بايجن صبغة حواجب,59,3,177,20250523
سكراب كاندي مارشميلو,46,2,92,20250523
موروكان صابون جردل 2*1,240,1,240,20250523
بندولين مناديل 70 ق,66.5,4,266,20250523
تويست اند جو سبراي 125 مل,260,1,260,20250523
هيمالايا كريم شعر 210 مل,55,2,110,20250523
بليس ليف ان كريم انبوبة للشعر الكيرلي 200 مل,53.5,1,53.5,20250523
هيركود جل انبوبة 160مل + 25 مل,25,1,25,20250523
شراب سيليكون لوكس كبير,38,2,76,20250523
بايو سوفت جل صبار 500 مل,55,2,110,20250523
مناديل جيب مبللة,4.05,1,4.05,20250523
مناديل جيب مبللة,4.05,36,145.8,20250523
سيرم زيرو فريز,252.5,1,252.5,20250523
كلينج باد غسول + فرشة ماسك دبل,13,5,65,20250523
فرشاة صبغة,4,1,4,20250523
فرشة شعر ار جي 119,60,2,120,20250523
لونا زبدة شفايف عرض 2*1,23.25,3,69.75,20250523
روو افريكان ماسك شعر افوكادو 250  مل,220,1,220,20250523
روو افريكان ماسك شعر بالشيا 250 مل,195,1,195,20250523
فرشة شعر ار جي 188,80,2,160,20250523
مشط عادي,4.5,1,4.5,20250523
فرشة فك تشابك,10,3,30,20250523
لطافة برفان يارا,235,1,235,20250523
لطافة برفان اسد اوت ليت,250,1,250,20250523
لطافة برفان يارا كاندي,210,1,210,20250523
بوبانا صابون مغربي 500 جرام,45,2,90,20250523
غسول بكيني 250مل,68,2,136,20250523
غزال الخليج بدي سبلاش,100,1,100,20250523
تولين سبلاش سو سيكسي,80,1,80,20250523
سنسوداين فرشاة اسنان,38,11,418,20250523
فوج اسبراي 120 مل,89,3,267,20250523
برفان تستر اجود,315,1,315,20250523
برفان اغراء جليتر,95,1,95,20250523
اليس شفرات 3 موس AS-22,65,1,65,20250523
اكس اسبراي,110,4,440,20250523
باراشوت ادفانسد زيت شعر زبدة شيا 200 مل,85,1,85,20250523
ايمامي زيت شعر 100 مل,85,2,170,20250523
بدي ليشيوس رول اون,43.5,5,217.5,20250523
بدي ليشيوس رول اون,55,1,55,20250523
اليس بايو سوفت قطن  120 ق,52.5,1,52.5,20250523
اليس بايو سوفت قطن 150 ق,63,1,63,20250523
فاتيكا زيت شعر 90 مل,15.75,3,47.25,20250523
ارجان زيت ORS,44.5,1,44.5,20250523
الصاروخ لاصق اظافر,5,12,60,20250523
ماكينة حلاقة كيمي 701 بيضاء,460,1,460,20250523
ايفا بلسم بيبي 200 مل,80,1,80,20250523
ايفا كريم مقشر لليدين 50 مل,55,1,55,20250523
بوبانا كريم اليدين مرطب 50 مل,35.5,3,106.5,20250523
ابرة بثور,10.5,5,52.5,20250523
اليجانس اسبراي 150 مل,87,1,87,20250523
ايمليا مخمرية سيرم 40 مل,100,1,100,20250523
انفينتي ناتشرال سكراب للجسم 325 جرام,180,1,180,20250523
برفان سوفاج مغناطيس 100 مل,145,1,145,20250523
ليلاك رول اون 50 مل,198,1,198,20250523
لاميس برفان اماراتي بلوزيز 100 مل,265,1,265,20250523
ارت برفان اماراتي 100 مل,165,1,165,20250523
سي برفان تستر سيم اوريجينال,175,1,175,20250523
استك 551-31,14,12,168,20250523
استك 551-31,25,1,25,20250523
سوبر كيدز حمام كريم 300 جم,93.5,1,93.5,20250523
ازها رول اون 60 مل,175,2,350,20250523
حرير سويت,25,1,25,20250523
انفنيتي رول اون 80 مل,42.5,3,127.5,20250523
الو ايفا بلسم 230 مل,95,2,190,20250523
الو ايفا بلسم 230 مل,120,1,120,20250523
فريدا هاند وش,65,3,195,20250523
فريدا هاند وش,80,1,80,20250523
لاميس برفان امبريال حريمي 100 مل,265,1,265,20250523
فريدا شاور جل 650 مل,66.25,2,132.5,20250522
حرير سويت,13.75,5,68.75,20250522
طقم فوارغ 5*1,55,1,55,20250522
ستارفيل غسول جل بخاخ 400 مل,145,1,145,20250522
كلاري كريم سكراب شعر لعلاج القشرة 300 مل,370,1,370,20250522
فوج اسبراي 120 مل,89,4,356,20250522
ميرميد سبلاش 250 مل,120,1,120,20250522
تولين سبلاش سو سيكسي,80,1,80,20250522
فيكتوريا سيكريت سبلاش  سيم اوريجنال 250 مل,70,2,140,20250522
واتسونز بدي سبلاش حليبي 250 مل,80,2,160,20250522
واتسونز سبلاش 250 مل,30,1,30,20250522
بي مودا بدي سبلاش,52.5,2,105,20250522
لاكشري بدي سبلاش 200 مل,110,3,330,20250522
بدي ليشيوس لوشن انبوبة 236 مل,145,1,145,20250522
سكراب كاندي مارشميلو,46,1,46,20250522
سكراب كاندي مارشميلو,60,1,60,20250522
ديما مسك طهارة ابيض+رمان,30.5,23,701.5,20250522
ديما مسك طهارة ابيض+رمان,45,1,45,20250522
ديما مسك طهارة ابيض+رمان,30.5,1,30.5,20250522
كير اند مور بدي لوشن  150مل,59,3,177,20250522
ربيع الحرمين مكعبات مسك,6,24,144,20250522
ربيع الحرمين مكعبات مسك,10,1,10,20250522
زيرو فريز حمام كريم,185,1,185,20250522
بونابيلا حمام كريم كيس,11,24,264,20250522
بونابيلا حمام كريم كيس,15,1,15,20250522
ايفا بلسم ريسبي 350 مل,95,1,95,20250522
دودج ليف ان كريم  450 جم,62.5,1,62.5,20250522
بليس ليف ان كريم للشعر الكيرلي 450 مل,92.5,1,92.5,20250522
فاتيكا حمام كريم 450 جم,57.5,1,57.5,20250522
دودج ليف ان كريم 250 مل,37,1,37,20250522
فلامنجو شفرات,11,3,33,20250522
ستارفيل صابونة تفتيح 90 جرام,50,1,50,20250522
ستارفيل جل مرطب هيدراتنج 100 مل انبوبه,175,1,175,20250522
د/ عربي مارشميلو BUTTER,190,1,190,20250522
ستارفيل غسول تفتيح 200 مل,110,1,110,20250522
ايفا ريسبي شامبو  350 مل,120,1,120,20250522
ايفا ريسبي شامبو  350 مل,89.5,2,179,20250522
بيلا سبلاش 125 مل,25,1,25,20250522
مخمرية مزيل عرق ديار القرشي,35,1,35,20250522
سبلاش 125 مل,18,1,18,20250522
فاتيكا حمام كريم 1 كيلو,103,1,103,20250522
فاتيكا كريم كبير 190 جم,54.75,1,54.75,20250522
برفان قلم 35 مل,35,1,35,20250522
برفان قلم 35 مل,25,1,25,20250522
بيبي روز كونسيلر  002,55,1,55,20250522
لاشير مثبت مكياج 13,62.5,1,62.5,20250521
فيكتوريا سيكريت بدي سبلاش اوريجنال,275,1,275,20250521
ايفا غسول كولاجين 150 مل,94,1,94,20250517
ايفا سيرم لتجديد البشرة بالكولاجين و الذهب +30,230,1,230,20250517
ايفا كريم بالكولاجين لخطوط الوجه و تجديد شباب البشرة,175,1,175,20250517
ايفا ماء ميسيلار بحمض الهيالورونيك 200 مل,170,1,170,20250517
دراكون عرض صن سكرين + رول أون 60 مل,195,2,390,20250517
لونا صابون عرض 2*1 72 جرام,34,4,136,20250517
ايفا شاور كريم استحمام 250 مل,80,3,240,20250517
سيرو بايب بلسم للشعر 200 جرام,152.5,1,152.5,20250517
افوفا سويت عجينة,20.5,10,205,20250517
كير اند مور كريم مرطب  75 مل,29.5,4,118,20250517
كولاجرا سيرم ريتينول 30 مل فيتامين A,205,1,205,20250517
ايفا تونر لحب لشباب 200 مل,140,1,140,20250517
ايفا غسول اشراقة طبيعية انبوبة 100 مل,48.5,2,97,20250517
ايفا اسيتون 100 مل,32.5,3,97.5,20250517
الو ايفا زيت  170 مل,48.5,1,48.5,20250517
كولاجرا صابون تفتيح 100 جرام,38,2,76,20250517
كولاجرا سيرم نياسيناميد 30 مل فيتامين B,205,1,205,20250517
سيرو بايب هير ماسك 225 جرام,200,1,200,20250517
ايفا رول اون مزيل رائحة عرق,80,2,160,20250517
شان غسول منظف 250 مل,103,1,103,20250517
كولاجرا صن سكرين رول اون اطفال عرض 2*1,165,1,165,20250517
الو ايفا زيت 255 مل,60,2,120,20250517
كولاجرا تفتيح بكيني عرض غسول + كريم,167.5,1,167.5,20250517
سيرو بايب شامبو 300 مل,150,1,150,20250517
كولاجرا غسول 200 مل انبوبة,103,1,103,20250517
ايفا صن سكرين للاطفال 200 مل,235,1,235,20250516
كلاري بلسم 300 مل,225,1,225,20250516
ايفا هير ماسك للشعر الكيرلي انبوبة 200 جرام,125,1,125,20250516
ايفا حمام كريم كيراتين 200 جرام,139.5,1,139.5,20250516
ايفا بلسم كيرلي انبوبة 230 مل,103,1,103,20250516
كلاري حمام كريم 300 مل,250,1,250,20250516
كلاري شامبو 300 مل,210,1,210,20250516
كلاري كريم سكراب شعر لعلاج القشرة 300 مل,260,1,260,20250516
بوبانا بدي سبلاش 250 مل,114,2,228,20250516
ستارفيل غسول جل بخاخ 400 مل,145,1,145,20250516
ايفا شامبو كيراتين انبوبة 230 مل,87.5,2,175,20250516
بوبانا سكراب 300 جرام,40,4,160,20250516
بوبانا ملح حليب كيس,26.5,3,79.5,20250516
بوبانا ماسك طمي قناع برطمان  400 جرام,45,2,90,20250516
بوبانا ماسك انبوبة 120 مل,44.5,2,89,20250516
طقم فوارغ 5*1,35,2,70,20250516
شان مزيل مكياج بشرة حساسة 200 مل,152.5,1,152.5,20250516
ستارفيل مزيل مكياج 100 مل,52.5,2,105,20250516
بوبانا غسول عرض 2*1 (150 مل + 50 مل),51.5,4,206,20250516
بوبانا كريم اليدين مرطب 50 مل,35.5,3,106.5,20250516
بوبانا مرطب زبدة شفايف,36,2,72,20250516
بوبانا صن سكرين لوشن عرض 1+1 150 جرام,192,1,192,20250516
بوبانا صن سكرين 60 جرام,69,2,138,20250516
ستارفيل كريم تفتيح للبشرة 60 جرام,90,1,90,20250516
بوبانا دراي اويل  100 مل,165,3,495,20250516
بوبانا لوشن انبوبة 240 مل,93,3,279,20250516
بوبانا مزيل عرق رول اون 50 مل,48,8,384,20250516
ستارفيل غسول تفتيح بخاخ 400 مل,172.5,1,172.5,20250516
ستارفيل لوشن اكني بخاخ 230 مل,230,2,460,20250516
ستارفيل غسول تفتيح 200 مل,110,1,110,20250516
ستارفيل غسول جل 200 مل,87,2,174,20250516
ستارفيل صابونة تفتيح 90 جرام,34.5,2,69,20250516
ستارفيل جل مرطب هيدراتنج 100 مل انبوبه,125,1,125,20250516
ستارفيل كنتور محيط العين 30 جرام,155,1,155,20250516
ستارفيل جل حب الشباب 30 جرام,85,1,85,20250516
ستارفيل جل تفتيح البشرة 60 جرام,77,1,77,20250516
ستارفيل كريم لحب الشباب 60 جرام,60,1,60,20250516
ستارفيل سيرم هيالورنيك اسيد 30 مل,175,1,175,20250516
ستارفيل سيرم فيتامين سي 30 مل,172.5,1,172.5,20250516
بوبانا شيت ماسك كيس,24,9,216,20250516
اليس طقم قصافة 3*1,65,3,195,20250509
اوميجا مشط تخصيل + كيرلي,7,1,7,20250509
د/ عربي مارشميلو BUTTER,140,1,140,20250509
كلبسات شعر بلاستيك,23,5,115,20250509
مقص جاكوار باكستاني يد بلاستيك,130,1,130,20250509
ماكينة حريمي dsp70213,830,1,830,20250509
ماكينة KEMEI حريمي 3*1 376,580,1,580,20250509
ماكينة حلاقة VGR - 057,750,1,750,20250509
مكواة TORNADO جولد كوري اسود 2025,1100,1,1100,20250509
ماكينة حلاقة رجالي ASCO,3.41,44,150.04,20250509
ايفا ريسبي شامبو  350 مل,89.5,3,268.5,20250509
حمام كريم بونابيلا 250 جرام,90,2,180,20250509
انسام بخور رفيع 2.5 ساعة,36,1,36,20250509
بونابيلا حمام كريم 450 جم,140,2,280,20250506
مسكره بريتي وومان 017,57.5,3,172.5,20250503
برايمر بيبي سكين,6,6,36,20250503
شيجلام اكلادور,6.75,24,162,20250503
مقص ار جي 648,16,1,16,20250503
فرشاة بلاشر بروفيشينال 1866,30,1,30,20250503
برايمر بريتي وومان 50,79,4,316,20250503
فاتيكا كريم كبير 190 جم,54.75,5,273.75,20250503
مسكره بريتي وومان 021,53,3,159,20250503
مسكره بريتي وومان 008,55,3,165,20250503
مسكره بريتي وومان 010,54,3,162,20250503
مسكره ام ان 304,59.5,3,178.5,20250503
مسكره ام ان 344,65,6,390,20250503
مسكره ام ان معدن زرقاء 323,65,3,195,20250503
مسكره ام ان زجاج 342,56.5,3,169.5,20250503
مسكره ام ان 343,60,3,180,20250503
برفان قلم 35 مل,25,11,275,20250503
ليدي موديل روج خشب 70,10.5,12,126,20250503
روج ستيك روز جولد 180,51.666,6,310,20250503
روج ستيك روز جولد 180,51.6667,6,310,20250503
شيجلام روج خشب,17.5,12,210,20250503
روج خشب ارت سكين 971078,21.5,12,258,20250430
مود شاور جل 750 جرام,62.5,7,437.5,20250430
هير كنترول فرد,142.5,2,285,20250430
بيبي روز ايشادو 16 لون,85,12,1020,20250430
اليس شفرات وجه 3 ق علبة موف,32.5,12,390,20250430
كريم اساس لاشير زجاج,98,3,294,20250430
روج ستيك روز جولد 180,51.666,1,51.67,20250430
روج ستيك روز جولد 180,51.666,1,51.67,20250430
روج ستيك روز جولد 180,51.6,4,206.4,20250430
ايسنس برنسيس مسكره,38,3,114,20250430
بلاشر رومانتك برايت 6 لون 218,82.5,3,247.5,20250430
ايلاينر ام ان ديناميك 4134,47,5,235,20250430
بيوتي بلندر,6,12,72,20250430
بيبي روز كونسيلر  002,55,12,660,20250430
كونسيلر لاست لوك 2019,46,12,552,20250430
لاشير مثبت مكياج 13,62.5,3,187.5,20250430
برايمر بريتي وومان 50,79,4,316,20250430
برايمر بريتي وومان 50,79,4,316,20250430
كريم اساس روز جولد 316,113,4,452,20250430
سبلاش 125 مل,18,12,216,20250430
فاتيكا حمام كريم 1 كيلو,103,2,206,20250430
كريم اساس روز جولد 317,112.5,4,450,20250430
مثبت مكياج دايموند 682,100,3,300,20250430
كريم اساس شوجار زجاج f 001,89,6,534,20250430
مخمرية مزيل عرق ديار القرشي,22,12,264,20250430
بلاشر ستيك كيس بيوتي 51050,45,24,1080,20250430
بلاشر اسفنجة سندرا 154,53,12,636,20250430
كونسيلر سندرا 553,36,24,864,20250430
ليب بالم تاناكو كوري,15,12,180,20250430
ملمع سندرا 410,34.5,24,828,20250430
روج سايل رومانتيك ماط 3231,32.5,24,780,20250430
روج جلوس شفايف لاست لوك 2005,32.5,24,780,20250430
شيجلام ليب جلوس انبوبة,16.5,12,198,20250430
بكيني بتر ميني,50,2,100,20250430
لوشن بدي بتر بكيني 500 مل,200,2,400,20250430
شيجلام ملمع شفايف 8861,30,36,1080,20250430
ساندرا روج استيك 434,25,24,600,20250430
روج سندرا سايل 549,36.25,24,870,20250430
شيجلام لفتر انبوبة 100200,17.5,24,420,20250430
فلومار اكلادور 16 مل,12.5,24,300,20250430
ملمع سندرا 550,38.5,24,924,20250430
بريتي وومن روج ستيك,27.083,24,649.99,20250430
فرشاة بلاشر جولدن روز,27.5,3,82.5,20250430
روج سحري اخضر,9,12,108,20250430
ملقاط ار جي 603,15,3,45,20250430
فلامنجو شفرات,11,6,66,20250430
مقص ار جي 646,10,5,50,20250430
ملقاط ار جي 221,21,3,63,20250430
مقص معدن على كارت 004,12.5,3,37.5,20250430
فرشاة شعر تدليك سيلكون لوكس,28,3,84,20250430
روج سندرا سايل 518,32.5,24,780,20250430
فاتيكا حمام كريم 450 جم,57.5,3,172.5,20250430
شاور جل لوزان 2.25 لتر,44.5,6,267,20250430
بليس ليف ان كريم للشعر الكيرلي 450 مل,92.5,2,185,20250430
دودج ليف ان كريم  450 جم,62.5,4,250,20250430
تمارا كريم شعر 170 مل,21.75,1,21.75,20250430
افوفا شفرات حريمي (كيس اخضر) 4 + 1,40,6,240,20250430
بيو سوفت حمام كريم,65,3,195,20250430
كريم فاتيكا وسط 125 مل,39.5,4,158,20250430
برايمر مونايا انبوبه,77.5,4,310,20250430
بيلا سبلاش 125 مل,25,23,575,20250430
اكلادور فيت مي,13.333,24,319.99,20250430
كريم اساس مونايا انبوبه,35,24,840,20250430
كحل بنجور ماتيك,7,24,168,20250430
ايشادو مايبلين,75,3,225,20250430
ليب بالم روز بيري 0834,39.5,4,158,20250430
بلاشر دايموند 6 لون 1010,47,6,282,20250430
كحل ام ان 161,10,12,120,20250430
